{
	"__comment":"Designed by GeForceLegend",
	"ambientocclusion":false,
	"textures":{
		"particle":"#cross"
	},
	"elements":[
		{
			"from":[0.8,0,8],
			"to":[15.2,16,8],
			"shade":false,
			"rotation":{"angle":45,"axis":"y","origin":[8,8,8],"rescale":true},
			"faces":{
				"north":{"uv":[1,0,16,16],"texture":"#cross"},
				"south":{"uv":[1,0,16,16],"texture":"#cross"}
			}
		},
		{
			"from":[8,0,0.8],
			"to":[8,16,15.2],
			"shade":false,
			"rotation":{"angle":45,"axis":"y","origin":[8,8,8],"rescale":true},
			"faces":{
				"east":{"uv":[1,0,16,16],"texture":"#cross"},
				"west":{"uv":[1,0,16,16],"texture":"#cross"}
			}
		}
	]
}