{
	"__comment":"Designed by GeForceLegend",
	"variants":{
		"":[
			{"model":"block/fern"},
			{"model":"block/fern","y":90},
			{"model":"block/fern","y":180},
			{"model":"block/fern","y":270},
			{"model":"block/fern_ro225"},
			{"model":"block/fern_ro225","y":90},
			{"model":"block/fern_ro225","y":180},
			{"model":"block/fern_ro225","y":270},
			{"model":"block/fern_ro45"},
			{"model":"block/fern_ro45","y":90},
			{"model":"block/fern_ro45","y":180},
			{"model":"block/fern_ro45","y":270},
			{"model":"block/fern_ro675"},
			{"model":"block/fern_ro675","y":90},
			{"model":"block/fern_ro675","y":180},
			{"model":"block/fern_ro675","y":270}
		]
	}
}
