{
    "__comment":"Designed by GeForceLegend",
    "variants":{
        "age=0":[
            {"model":"block/potatoes_stage0"},
            {"model":"block/potatoes_stage0","y":90},
            {"model":"block/potatoes_stage0","y":180},
            {"model":"block/potatoes_stage0","y":270}
        ],
        "age=1":[
            {"model":"block/potatoes_stage0"},
            {"model":"block/potatoes_stage0","y":90},
            {"model":"block/potatoes_stage0","y":180},
            {"model":"block/potatoes_stage0","y":270}
        ],
        "age=2":[
            {"model":"block/potatoes_stage1"},
            {"model":"block/potatoes_stage1","y":90},
            {"model":"block/potatoes_stage1","y":180},
            {"model":"block/potatoes_stage1","y":270}
        ],
        "age=3":[
            {"model":"block/potatoes_stage1"},
            {"model":"block/potatoes_stage1","y":90},
            {"model":"block/potatoes_stage1","y":180},
            {"model":"block/potatoes_stage1","y":270}
        ],
        "age=4":[
            {"model":"block/potatoes_stage2"},
            {"model":"block/potatoes_stage2","y":90},
            {"model":"block/potatoes_stage2","y":180},
            {"model":"block/potatoes_stage2","y":270}
        ],
        "age=5":[
            {"model":"block/potatoes_stage2"},
            {"model":"block/potatoes_stage2","y":90},
            {"model":"block/potatoes_stage2","y":180},
            {"model":"block/potatoes_stage2","y":270}
        ],
        "age=6":[
            {"model":"block/potatoes_stage2"},
            {"model":"block/potatoes_stage2","y":90},
            {"model":"block/potatoes_stage2","y":180},
            {"model":"block/potatoes_stage2","y":270}
        ],
        "age=7":[
            {"model":"block/potatoes_stage3"},
            {"model":"block/potatoes_stage3","y":90},
            {"model":"block/potatoes_stage3","y":180},
            {"model":"block/potatoes_stage3","y":270}
        ]
    }
}
