{
	"__comment":"Designed by GeForceLegend",
	"variants":{
		"":[
			{"model":"block/potted_fern"},
			{"model":"block/potted_fern","y":90},
			{"model":"block/potted_fern","y":180},
			{"model":"block/potted_fern","y":270},
			{"model":"block/potted_fern_ro225"},
			{"model":"block/potted_fern_ro225","y":90},
			{"model":"block/potted_fern_ro225","y":180},
			{"model":"block/potted_fern_ro225","y":270},
			{"model":"block/potted_fern_ro45"},
			{"model":"block/potted_fern_ro45","y":90},
			{"model":"block/potted_fern_ro45","y":180},
			{"model":"block/potted_fern_ro45","y":270},
			{"model":"block/potted_fern_ro675"},
			{"model":"block/potted_fern_ro675","y":90},
			{"model":"block/potted_fern_ro675","y":180},
			{"model":"block/potted_fern_ro675","y":270}
		]
	}
}
