{
	"__comment":"Designed by GeForceLegend",
	"parent":"block/cube_all",
	"textures":{
		"all":"block/redstone_lamp"
	},
	"elements":[
		{
			"from":[0.5,0.5,0.5],
			"to":[15.5,15.5,15.5],
			"faces":{
				"north":{"uv":[0.4706,0.4706,15.5294,15.5294],"texture":"#all","cullface":"north"},
				"east":{"uv":[0.4706,0.4706,15.5294,15.5294],"texture":"#all","cullface":"east"},
				"south":{"uv":[0.4706,0.4706,15.5294,15.5294],"texture":"#all","cullface":"south"},
				"west":{"uv":[0.4706,0.4706,15.5294,15.5294],"texture":"#all","cullface":"west"},
				"up":{"uv":[0.4706,0.4706,15.5294,15.5294],"texture":"#all","cullface":"up"},
				"down":{"uv":[0.4706,0.4706,15.5294,15.5294],"texture":"#all","cullface":"down"}
			}
		},
		{
			"from":[0,15,0],
			"to":[16,16,16],
			"faces":{
				"north":{"uv":[0,0,16,1],"texture":"#all","cullface":"north"},
				"east":{"uv":[0,0,16,1],"texture":"#all","cullface":"east"},
				"south":{"uv":[0,0,16,1],"texture":"#all","cullface":"south"},
				"west":{"uv":[0,0,16,1],"texture":"#all","cullface":"west"},
				"down":{"uv":[0,0,16,1],"texture":"#all"}
			}
		},
		{
			"from":[0,0,0],
			"to":[1,16,16],
			"faces":{
				"north":{"uv":[15,0,16,16],"texture":"#all","cullface":"north"},
				"east":{"uv":[0,0,1,16],"texture":"#all"},
				"south":{"uv":[0,0,1,16],"texture":"#all","cullface":"south"},
				"up":{"uv":[0,0,1,16],"texture":"#all","cullface":"up"},
				"down":{"uv":[0,0,1,16],"texture":"#all","cullface":"down"}
			}
		},
		{
			"from":[0,0,0],
			"to":[16,16,1],
			"faces":{
				"east":{"uv":[15,0,16,16],"texture":"#all","cullface":"east"},
				"south":{"uv":[0,0,16,1],"texture":"#all"},
				"west":{"uv":[0,0,1,16],"texture":"#all","cullface":"west"},
				"up":{"uv":[0,0,16,1],"texture":"#all","cullface":"up"},
				"down":{"uv":[0,15,16,16],"texture":"#all","cullface":"down"}
			}
		},
		{
			"from":[0,2,14],
			"to":[16,3,15],
			"faces":{
				"north":{"uv":[14,13,15,14],"texture":"#all"},
				"east":{"uv":[1,13,2,14],"texture":"#all","cullface":"east"},
				"west":{"uv":[14,13,15,14],"texture":"#all","cullface":"west"},
				"up":{"uv":[14,13,15,14],"texture":"#all"}
			}
		},
		{
			"from":[0,7,12],
			"to":[16,9,15],
			"faces":{
				"north":{"uv":[12,7,13,9],"texture":"#all"},
				"east":{"uv":[1,7,4,9],"texture":"#all","cullface":"east"},
				"west":{"uv":[12,7,15,9],"texture":"#all","cullface":"west"},
				"up":{"uv":[12,7,15,8],"rotation":270,"texture":"#all"},
				"down":{"uv":[12,8,15,9],"texture":"#all"}
			}
		},
		{
			"from":[0,14,13],
			"to":[16,15,15],
			"faces":{
				"north":{"uv":[13,1,14,2],"texture":"#all"},
				"east":{"uv":[1,1,3,2],"texture":"#all","cullface":"east"},
				"west":{"uv":[13,1,15,2],"texture":"#all","cullface":"west"},
				"down":{"uv":[13,1,14,2],"texture":"#all"}
			}
		},
		{
			"from":[0,1,13],
			"to":[16,2,15],
			"faces":{
				"north":{"uv":[13,14,14,15],"texture":"#all"},
				"east":{"uv":[1,14,3,15],"texture":"#all","cullface":"east"},
				"west":{"uv":[13,14,15,15],"texture":"#all","cullface":"west"},
				"up":{"uv":[13,14,14,15],"texture":"#all"}
			}
		},
		{
			"from":[0,13,14],
			"to":[16,14,15],
			"faces":{
				"north":{"uv":[14,2,15,3],"texture":"#all"},
				"east":{"uv":[1,2,2,3],"texture":"#all","cullface":"east"},
				"west":{"uv":[14,2,15,3],"texture":"#all","cullface":"west"},
				"down":{"uv":[14,2,15,3],"texture":"#all"}
			}
		},
		{
			"from":[0,12,7],
			"to":[16,15,9],
			"faces":{
				"north":{"uv":[9,1,7,4],"texture":"#all"},
				"east":{"uv":[7,1,9,4],"texture":"#all","cullface":"east"},
				"south":{"uv":[9,1,7,4],"texture":"#all"},
				"west":{"uv":[7,1,9,4],"texture":"#all","cullface":"west"},
				"down":{"uv":[7,3,9,4],"texture":"#all"}
			}
		},
		{
			"from":[0,1,7],
			"to":[16,4,9],
			"faces":{
				"north":{"uv":[9,12,7,15],"texture":"#all"},
				"east":{"uv":[7,12,9,15],"texture":"#all","cullface":"east"},
				"south":{"uv":[9,12,7,15],"texture":"#all"},
				"west":{"uv":[7,12,9,15],"texture":"#all","cullface":"west"},
				"up":{"uv":[7,12,9,13],"texture":"#all"}
			}
		},
		{
			"from":[0,11,9],
			"to":[16,12,10],
			"faces":{
				"north":{"uv":[9,4,10,5],"texture":"#all"},
				"east":{"uv":[6,4,7,5],"texture":"#all","cullface":"east"},
				"south":{"uv":[9,4,10,5],"texture":"#all"},
				"west":{"uv":[9,4,10,5],"texture":"#all","cullface":"west"},
				"up":{"uv":[9,4,10,5],"texture":"#all"},
				"down":{"uv":[9,4,10,5],"texture":"#all"}
			}
		},
		{
			"from":[0,4,9],
			"to":[16,5,10],
			"faces":{
				"north":{"uv":[9,11,10,12],"texture":"#all"},
				"east":{"uv":[6,11,7,12],"texture":"#all","cullface":"east"},
				"south":{"uv":[9,11,10,12],"texture":"#all"},
				"west":{"uv":[9,11,10,12],"texture":"#all","cullface":"west"},
				"up":{"uv":[9,11,10,12],"texture":"#all"},
				"down":{"uv":[9,11,10,12],"texture":"#all"}
			}
		},
		{
			"from":[0,10,10],
			"to":[16,11,11],
			"faces":{
				"north":{"uv":[10,5,11,6],"texture":"#all"},
				"east":{"uv":[5,5,6,6],"texture":"#all","cullface":"east"},
				"south":{"uv":[10,5,11,6],"texture":"#all"},
				"west":{"uv":[10,5,11,6],"texture":"#all","cullface":"west"},
				"up":{"uv":[10,5,11,6],"texture":"#all"},
				"down":{"uv":[10,5,11,6],"texture":"#all"}
			}
		},
		{
			"from":[0,5,10],
			"to":[16,6,11],
			"faces":{
				"north":{"uv":[10,10,11,11],"texture":"#all"},
				"east":{"uv":[5,10,6,11],"texture":"#all","cullface":"east"},
				"south":{"uv":[10,10,11,11],"texture":"#all"},
				"west":{"uv":[10,10,11,11],"texture":"#all","cullface":"west"},
				"up":{"uv":[10,10,11,11],"texture":"#all"},
				"down":{"uv":[10,10,11,11],"texture":"#all"}
			}
		},
		{
			"from":[0,9,11],
			"to":[16,10,12],
			"faces":{
				"north":{"uv":[11,6,12,7],"texture":"#all"},
				"east":{"uv":[4,6,5,7],"texture":"#all","cullface":"east"},
				"south":{"uv":[11,6,12,7],"texture":"#all"},
				"west":{"uv":[11,6,12,7],"texture":"#all","cullface":"west"},
				"up":{"uv":[11,6,12,7],"texture":"#all"},
				"down":{"uv":[11,6,12,7],"texture":"#all"}
			}
		},
		{
			"from":[0,6,11],
			"to":[16,7,12],
			"faces":{
				"north":{"uv":[11,9,12,10],"texture":"#all"},
				"east":{"uv":[4,9,5,10],"texture":"#all","cullface":"east"},
				"south":{"uv":[11,9,12,10],"texture":"#all"},
				"west":{"uv":[11,9,12,10],"texture":"#all","cullface":"west"},
				"up":{"uv":[11,9,12,10],"texture":"#all"},
				"down":{"uv":[11,9,12,10],"texture":"#all"}
			}
		},
		{
			"from":[0,13,1],
			"to":[16,14,2],
			"faces":{
				"east":{"uv":[14,2,15,3],"texture":"#all","cullface":"east"},
				"south":{"uv":[1,2,2,3],"texture":"#all"},
				"west":{"uv":[1,2,2,3],"texture":"#all","cullface":"west"},
				"down":{"uv":[1,2,2,3],"texture":"#all"}
			}
		},
		{
			"from":[0,7,1],
			"to":[16,9,4],
			"faces":{
				"east":{"uv":[12,7,15,9],"texture":"#all","cullface":"east"},
				"south":{"uv":[3,7,4,9],"texture":"#all"},
				"west":{"uv":[1,7,4,9],"texture":"#all","cullface":"west"},
				"up":{"uv":[1,7,4,8],"rotation":270,"texture":"#all"},
				"down":{"uv":[1,8,4,9],"texture":"#all"}
			}
		},
		{
			"from":[0,1,1],
			"to":[16,3,2],
			"faces":{
				"east":{"uv":[14,13,15,15],"texture":"#all","cullface":"east"},
				"south":{"uv":[1,13,2,15],"texture":"#all"},
				"west":{"uv":[1,13,2,15],"texture":"#all","cullface":"west"},
				"up":{"uv":[1,13,2,14],"texture":"#all"}
			}
		},
		{
			"from":[0,1,2],
			"to":[16,2,3],
			"faces":{
				"east":{"uv":[13,14,14,15],"texture":"#all","cullface":"east"},
				"south":{"uv":[2,14,3,15],"texture":"#all"},
				"west":{"uv":[2,14,3,15],"texture":"#all","cullface":"west"},
				"up":{"uv":[2,14,3,15],"texture":"#all"}
			}
		},
		{
			"from":[0,9,4],
			"to":[16,10,5],
			"faces":{
				"north":{"uv":[4,6,5,7],"texture":"#all"},
				"east":{"uv":[11,6,12,7],"texture":"#all","cullface":"east"},
				"south":{"uv":[4,6,5,7],"texture":"#all"},
				"west":{"uv":[4,6,5,7],"texture":"#all","cullface":"west"},
				"up":{"uv":[4,6,5,7],"texture":"#all"},
				"down":{"uv":[4,6,5,7],"texture":"#all"}
			}
		},
		{
			"from":[0,6,4],
			"to":[16,7,5],
			"faces":{
				"north":{"uv":[4,9,5,10],"texture":"#all"},
				"east":{"uv":[11,9,12,10],"texture":"#all","cullface":"east"},
				"south":{"uv":[4,9,5,10],"texture":"#all"},
				"west":{"uv":[4,9,5,10],"texture":"#all","cullface":"west"},
				"up":{"uv":[4,9,5,10],"texture":"#all"},
				"down":{"uv":[4,9,5,10],"texture":"#all"}
			}
		},
		{
			"from":[0,10,5],
			"to":[16,11,6],
			"faces":{
				"north":{"uv":[5,5,6,6],"texture":"#all"},
				"east":{"uv":[10,5,11,6],"texture":"#all","cullface":"east"},
				"south":{"uv":[5,5,6,6],"texture":"#all"},
				"west":{"uv":[5,5,6,6],"texture":"#all","cullface":"west"},
				"up":{"uv":[5,5,6,6],"texture":"#all"},
				"down":{"uv":[5,5,6,6],"texture":"#all"}
			}
		},
		{
			"from":[0,5,5],
			"to":[16,6,6],
			"faces":{
				"north":{"uv":[5,10,6,11],"texture":"#all"},
				"east":{"uv":[10,10,11,11],"texture":"#all","cullface":"east"},
				"south":{"uv":[5,10,6,11],"texture":"#all"},
				"west":{"uv":[5,10,6,11],"texture":"#all","cullface":"west"},
				"up":{"uv":[5,10,6,11],"texture":"#all"},
				"down":{"uv":[5,10,6,11],"texture":"#all"}
			}
		},
		{
			"from":[0,11,6],
			"to":[16,12,7],
			"faces":{
				"north":{"uv":[6,4,7,5],"texture":"#all"},
				"east":{"uv":[9,4,10,5],"texture":"#all","cullface":"east"},
				"south":{"uv":[6,4,7,5],"texture":"#all"},
				"west":{"uv":[6,4,7,5],"texture":"#all","cullface":"west"},
				"up":{"uv":[6,4,7,5],"texture":"#all"},
				"down":{"uv":[6,4,7,5],"texture":"#all"}
			}
		},
		{
			"from":[0,4,6],
			"to":[16,5,7],
			"faces":{
				"north":{"uv":[6,11,7,12],"texture":"#all"},
				"east":{"uv":[9,11,10,12],"texture":"#all","cullface":"east"},
				"south":{"uv":[6,11,7,12],"texture":"#all"},
				"west":{"uv":[6,11,7,12],"texture":"#all","cullface":"west"},
				"up":{"uv":[6,11,7,12],"texture":"#all"},
				"down":{"uv":[6,11,7,12],"texture":"#all"}
			}
		},
		{
			"from":[0,14,1],
			"to":[16,15,3],
			"faces":{
				"east":{"uv":[13,1,15,2],"texture":"#all","cullface":"east"},
				"south":{"uv":[2,1,3,2],"texture":"#all"},
				"west":{"uv":[1,1,3,2],"texture":"#all","cullface":"west"},
				"down":{"uv":[2,1,3,2],"texture":"#all"}
			}
		},
		{
			"from":[15,0,0],
			"to":[16,16,16],
			"faces":{
				"north":{"uv":[0,0,1,16],"texture":"#all","cullface":"north"},
				"south":{"uv":[15,0,16,16],"texture":"#all","cullface":"south"},
				"west":{"uv":[15,0,16,16],"texture":"#all"},
				"up":{"uv":[15,0,16,16],"texture":"#all","cullface":"up"},
				"down":{"uv":[15,0,16,16],"texture":"#all","cullface":"down"}
			}
		},
		{
			"from":[0,0,0],
			"to":[16,1,16],
			"faces":{
				"north":{"uv":[0,15,16,16],"texture":"#all","cullface":"north"},
				"east":{"uv":[0,15,16,16],"texture":"#all","cullface":"east"},
				"south":{"uv":[0,15,16,16],"texture":"#all","cullface":"south"},
				"west":{"uv":[0,15,16,16],"texture":"#all","cullface":"west"},
				"up":{"uv":[0,15,16,16],"texture":"#all"}
			}
		},
		{
			"from":[0,0,15],
			"to":[16,16,16],
			"faces":{
				"north":{"uv":[0,0,16,1],"texture":"#all"},
				"east":{"uv":[0,0,1,16],"texture":"#all","cullface":"east"},
				"west":{"uv":[15,0,16,16],"texture":"#all","cullface":"west"},
				"up":{"uv":[0,15,16,16],"texture":"#all","cullface":"up"},
				"down":{"uv":[0,0,16,1],"texture":"#all","cullface":"down"}
			}
		},
		{
			"from":[7,12,0],
			"to":[9,15,16],
			"faces":{
				"north":{"uv":[7,1,9,4],"texture":"#all","cullface":"north"},
				"east":{"uv":[9,1,7,4],"texture":"#all"},
				"south":{"uv":[7,1,9,4],"texture":"#all","cullface":"south"},
				"west":{"uv":[9,1,7,4],"texture":"#all"},
				"down":{"uv":[7,3,9,4],"texture":"#all"}
			}
		},
		{
			"from":[13,14,0],
			"to":[15,15,16],
			"faces":{
				"north":{"uv":[1,1,3,2],"texture":"#all","cullface":"north"},
				"south":{"uv":[13,1,15,2],"texture":"#all","cullface":"south"},
				"west":{"uv":[13,1,14,2],"texture":"#all"},
				"down":{"uv":[13,1,14,2],"texture":"#all"}
			}
		},
		{
			"from":[14,13,0],
			"to":[15,14,16],
			"faces":{
				"north":{"uv":[1,2,2,3],"texture":"#all","cullface":"north"},
				"south":{"uv":[14,2,15,3],"texture":"#all","cullface":"south"},
				"west":{"uv":[14,2,15,3],"texture":"#all"},
				"down":{"uv":[14,2,15,3],"texture":"#all"}
			}
		},
		{
			"from":[12,7,0],
			"to":[15,9,16],
			"faces":{
				"north":{"uv":[1,7,4,9],"texture":"#all","cullface":"north"},
				"south":{"uv":[12,7,15,9],"texture":"#all","cullface":"south"},
				"west":{"uv":[12,7,13,9],"texture":"#all"},
				"up":{"uv":[15,7,12,8],"texture":"#all"},
				"down":{"uv":[12,8,15,9],"rotation":90,"texture":"#all"}
			}
		},
		{
			"from":[13,1,0],
			"to":[15,2,16],
			"faces":{
				"north":{"uv":[1,14,3,15],"texture":"#all","cullface":"north"},
				"south":{"uv":[13,14,15,15],"texture":"#all","cullface":"south"},
				"west":{"uv":[13,14,14,15],"texture":"#all"},
				"up":{"uv":[13,14,14,15],"texture":"#all"}
			}
		},
		{
			"from":[14,2,0],
			"to":[15,3,16],
			"faces":{
				"north":{"uv":[1,13,2,14],"texture":"#all","cullface":"north"},
				"south":{"uv":[14,13,15,14],"texture":"#all","cullface":"south"},
				"west":{"uv":[14,13,15,14],"texture":"#all"},
				"up":{"uv":[14,13,15,14],"texture":"#all"}
			}
		},
		{
			"from":[11,6,0],
			"to":[12,7,16],
			"faces":{
				"north":{"uv":[4,9,5,10],"texture":"#all","cullface":"north"},
				"east":{"uv":[11,9,12,10],"texture":"#all"},
				"south":{"uv":[11,9,12,10],"texture":"#all","cullface":"south"},
				"west":{"uv":[11,9,12,10],"texture":"#all"},
				"up":{"uv":[11,9,12,10],"texture":"#all"},
				"down":{"uv":[11,9,12,10],"texture":"#all"}
			}
		},
		{
			"from":[10,5,0],
			"to":[11,6,16],
			"faces":{
				"north":{"uv":[5,10,6,11],"texture":"#all","cullface":"north"},
				"east":{"uv":[10,10,11,11],"texture":"#all"},
				"south":{"uv":[10,10,11,11],"texture":"#all","cullface":"south"},
				"west":{"uv":[10,10,11,11],"texture":"#all"},
				"up":{"uv":[10,10,11,11],"texture":"#all"},
				"down":{"uv":[10,10,11,11],"texture":"#all"}
			}
		},
		{
			"from":[9,4,0],
			"to":[10,5,16],
			"faces":{
				"north":{"uv":[6,11,7,12],"texture":"#all","cullface":"north"},
				"east":{"uv":[9,11,10,12],"texture":"#all"},
				"south":{"uv":[9,11,10,12],"texture":"#all","cullface":"south"},
				"west":{"uv":[9,11,10,12],"texture":"#all"},
				"up":{"uv":[9,11,10,12],"texture":"#all"},
				"down":{"uv":[9,11,10,12],"texture":"#all"}
			}
		},
		{
			"from":[7,1,0],
			"to":[9,4,16],
			"faces":{
				"north":{"uv":[7,12,9,15],"texture":"#all","cullface":"north"},
				"east":{"uv":[9,12,7,15],"texture":"#all"},
				"south":{"uv":[7,12,9,15],"texture":"#all","cullface":"south"},
				"west":{"uv":[9,12,7,15],"texture":"#all"},
				"up":{"uv":[7,12,9,13],"texture":"#all"}
			}
		},
		{
			"from":[6,4,0],
			"to":[7,5,16],
			"faces":{
				"north":{"uv":[9,11,10,12],"texture":"#all","cullface":"north"},
				"east":{"uv":[6,11,7,12],"texture":"#all"},
				"south":{"uv":[6,11,7,12],"texture":"#all","cullface":"south"},
				"west":{"uv":[6,11,7,12],"texture":"#all"},
				"up":{"uv":[6,11,7,12],"texture":"#all"},
				"down":{"uv":[6,11,7,12],"texture":"#all"}
			}
		},
		{
			"from":[5,5,0],
			"to":[6,6,16],
			"faces":{
				"north":{"uv":[10,10,11,11],"texture":"#all","cullface":"north"},
				"east":{"uv":[5,10,6,11],"texture":"#all"},
				"south":{"uv":[5,10,6,11],"texture":"#all","cullface":"south"},
				"west":{"uv":[5,10,6,11],"texture":"#all"},
				"up":{"uv":[5,10,6,11],"texture":"#all"},
				"down":{"uv":[5,10,6,11],"texture":"#all"}
			}
		},
		{
			"from":[4,6,0],
			"to":[5,7,16],
			"faces":{
				"north":{"uv":[11,9,12,10],"texture":"#all","cullface":"north"},
				"east":{"uv":[4,9,5,10],"texture":"#all"},
				"south":{"uv":[4,9,5,10],"texture":"#all","cullface":"south"},
				"west":{"uv":[4,9,5,10],"texture":"#all"},
				"up":{"uv":[4,9,5,10],"texture":"#all"},
				"down":{"uv":[4,9,5,10],"texture":"#all"}
			}
		},
		{
			"from":[1,7,0],
			"to":[4,9,16],
			"faces":{
				"north":{"uv":[12,7,15,9],"texture":"#all","cullface":"north"},
				"east":{"uv":[3,7,4,9],"texture":"#all"},
				"south":{"uv":[1,7,4,9],"texture":"#all","cullface":"south"},
				"up":{"uv":[4,7,1,8],"texture":"#all"},
				"down":{"uv":[1,8,4,9],"rotation":90,"texture":"#all"}
			}
		},
		{
			"from":[4,9,0],
			"to":[5,10,16],
			"faces":{
				"north":{"uv":[11,6,12,7],"texture":"#all","cullface":"north"},
				"east":{"uv":[4,6,5,7],"texture":"#all"},
				"south":{"uv":[4,6,5,7],"texture":"#all","cullface":"south"},
				"west":{"uv":[4,6,5,7],"texture":"#all"},
				"up":{"uv":[4,6,5,7],"texture":"#all"},
				"down":{"uv":[4,6,5,7],"texture":"#all"}
			}
		},
		{
			"from":[5,10,0],
			"to":[6,11,16],
			"faces":{
				"north":{"uv":[10,5,11,6],"texture":"#all","cullface":"north"},
				"east":{"uv":[5,5,6,6],"texture":"#all"},
				"south":{"uv":[5,5,6,6],"texture":"#all","cullface":"south"},
				"west":{"uv":[5,5,6,6],"texture":"#all"},
				"up":{"uv":[5,5,6,6],"texture":"#all"},
				"down":{"uv":[5,5,6,6],"texture":"#all"}
			}
		},
		{
			"from":[6,11,0],
			"to":[7,12,16],
			"faces":{
				"north":{"uv":[9,4,10,5],"texture":"#all","cullface":"north"},
				"east":{"uv":[6,4,7,5],"texture":"#all"},
				"south":{"uv":[6,4,7,5],"texture":"#all","cullface":"south"},
				"west":{"uv":[6,4,7,5],"texture":"#all"},
				"up":{"uv":[6,4,7,5],"texture":"#all"},
				"down":{"uv":[6,4,7,5],"texture":"#all"}
			}
		},
		{
			"from":[9,11,0],
			"to":[10,12,16],
			"faces":{
				"north":{"uv":[6,4,7,5],"texture":"#all","cullface":"north"},
				"east":{"uv":[9,4,10,5],"texture":"#all"},
				"south":{"uv":[9,4,10,5],"texture":"#all","cullface":"south"},
				"west":{"uv":[9,4,10,5],"texture":"#all"},
				"up":{"uv":[9,4,10,5],"rotation":270,"texture":"#all"},
				"down":{"uv":[9,4,10,5],"rotation":90,"texture":"#all"}
			}
		},
		{
			"from":[10,10,0],
			"to":[11,11,16],
			"faces":{
				"north":{"uv":[5,5,6,6],"texture":"#all","cullface":"north"},
				"east":{"uv":[10,5,11,6],"texture":"#all"},
				"south":{"uv":[10,5,11,6],"texture":"#all","cullface":"south"},
				"west":{"uv":[10,5,11,6],"texture":"#all"},
				"up":{"uv":[10,5,11,6],"texture":"#all"},
				"down":{"uv":[10,5,11,6],"texture":"#all"}
			}
		},
		{
			"from":[11,9,0],
			"to":[12,10,16],
			"faces":{
				"north":{"uv":[4,6,5,7],"texture":"#all","cullface":"north"},
				"east":{"uv":[11,6,12,7],"texture":"#all"},
				"south":{"uv":[11,6,12,7],"texture":"#all","cullface":"south"},
				"west":{"uv":[11,6,12,7],"texture":"#all"},
				"up":{"uv":[11,6,12,7],"texture":"#all"},
				"down":{"uv":[11,6,12,7],"texture":"#all"}
			}
		},
		{
			"from":[1,1,0],
			"to":[2,3,16],
			"faces":{
				"north":{"uv":[14,13,15,15],"texture":"#all","cullface":"north"},
				"east":{"uv":[1,13,2,15],"texture":"#all"},
				"south":{"uv":[1,13,2,15],"texture":"#all","cullface":"south"},
				"up":{"uv":[1,13,2,14],"texture":"#all"}
			}
		},
		{
			"from":[2,1,0],
			"to":[3,2,16],
			"faces":{
				"north":{"uv":[13,14,14,15],"texture":"#all","cullface":"north"},
				"east":{"uv":[2,14,3,15],"texture":"#all"},
				"south":{"uv":[2,14,3,15],"texture":"#all","cullface":"south"},
				"up":{"uv":[2,14,3,15],"texture":"#all"}
			}
		},
		{
			"from":[1,14,0],
			"to":[3,15,16],
			"faces":{
				"north":{"uv":[13,1,15,2],"texture":"#all","cullface":"north"},
				"east":{"uv":[2,1,3,2],"texture":"#all"},
				"south":{"uv":[1,1,3,2],"texture":"#all","cullface":"south"},
				"down":{"uv":[2,1,3,2],"texture":"#all"}
			}
		},
		{
			"from":[1,13,0],
			"to":[2,14,16],
			"faces":{
				"north":{"uv":[14,2,15,3],"texture":"#all","cullface":"north"},
				"east":{"uv":[1,2,2,3],"texture":"#all"},
				"south":{"uv":[1,2,2,3],"texture":"#all","cullface":"south"},
				"down":{"uv":[1,2,2,3],"texture":"#all"}
			}
		},
		{
			"from":[1,0,1],
			"to":[2,16,3],
			"faces":{
				"east":{"uv":[1,13,2,14],"texture":"#all"},
				"south":{"uv":[1,13,2,14],"texture":"#all"},
				"up":{"uv":[14,15,15,13],"texture":"#all","cullface":"up"},
				"down":{"uv":[1,13,2,15],"texture":"#all","cullface":"down"}
			}
		},
		{
			"from":[2,0,1],
			"to":[3,16,2],
			"faces":{
				"east":{"uv":[2,14,3,15],"texture":"#all"},
				"south":{"uv":[2,14,3,15],"texture":"#all"},
				"up":{"uv":[13,14,14,15],"texture":"#all","cullface":"up"},
				"down":{"uv":[2,14,3,15],"texture":"#all","cullface":"down"}
			}
		},
		{
			"from":[1,0,7],
			"to":[4,16,9],
			"faces":{
				"north":{"uv":[1,7,4,9],"texture":"#all"},
				"east":{"uv":[3,7,4,9],"rotation":270,"texture":"#all"},
				"south":{"uv":[1,9,4,7],"texture":"#all"},
				"up":{"uv":[12,7,15,9],"texture":"#all","cullface":"up"},
				"down":{"uv":[1,7,4,9],"texture":"#all","cullface":"down"}
			}
		},
		{
			"from":[1,0,14],
			"to":[3,16,15],
			"faces":{
				"north":{"uv":[2,1,3,2],"texture":"#all"},
				"east":{"uv":[2,1,3,2],"texture":"#all"},
				"up":{"uv":[15,1,13,2],"texture":"#all","cullface":"up"},
				"down":{"uv":[1,1,3,2],"texture":"#all","cullface":"down"}
			}
		},
		{
			"from":[1,0,13],
			"to":[2,16,14],
			"faces":{
				"north":{"uv":[1,2,2,3],"texture":"#all"},
				"east":{"uv":[1,2,2,3],"texture":"#all"},
				"up":{"uv":[14,2,15,3],"texture":"#all","cullface":"up"},
				"down":{"uv":[1,2,2,3],"texture":"#all","cullface":"down"}
			}
		},
		{
			"from":[7,0,12],
			"to":[9,16,15],
			"faces":{
				"north":{"uv":[7,3,9,4],"rotation":180,"texture":"#all"},
				"east":{"uv":[9,1,8,4],"rotation":270,"texture":"#all"},
				"west":{"uv":[7,1,8,4],"rotation":90,"texture":"#all"},
				"up":{"uv":[7,1,9,4],"texture":"#all","cullface":"up"},
				"down":{"uv":[7,1,9,4],"texture":"#all","cullface":"down"}
			}
		},
		{
			"from":[6,0,11],
			"to":[7,16,12],
			"faces":{
				"north":{"uv":[6,4,7,5],"texture":"#all"},
				"east":{"uv":[6,4,7,5],"texture":"#all"},
				"south":{"uv":[6,4,7,5],"texture":"#all"},
				"west":{"uv":[6,4,7,5],"texture":"#all"},
				"up":{"uv":[9,4,10,5],"texture":"#all","cullface":"up"},
				"down":{"uv":[6,4,7,5],"texture":"#all","cullface":"down"}
			}
		},
		{
			"from":[5,0,10],
			"to":[6,16,11],
			"faces":{
				"north":{"uv":[5,5,6,6],"texture":"#all"},
				"east":{"uv":[5,5,6,6],"texture":"#all"},
				"south":{"uv":[5,5,6,6],"texture":"#all"},
				"west":{"uv":[5,5,6,6],"texture":"#all"},
				"up":{"uv":[10,5,11,6],"texture":"#all","cullface":"up"},
				"down":{"uv":[5,5,6,6],"texture":"#all","cullface":"down"}
			}
		},
		{
			"from":[4,0,9],
			"to":[5,16,10],
			"faces":{
				"north":{"uv":[4,6,5,7],"texture":"#all"},
				"east":{"uv":[4,6,5,7],"texture":"#all"},
				"south":{"uv":[4,6,5,7],"texture":"#all"},
				"west":{"uv":[4,6,5,7],"texture":"#all"},
				"up":{"uv":[11,6,12,7],"texture":"#all","cullface":"up"},
				"down":{"uv":[4,6,5,7],"texture":"#all","cullface":"down"}
			}
		},
		{
			"from":[4,0,6],
			"to":[5,16,7],
			"faces":{
				"north":{"uv":[4,9,5,10],"texture":"#all"},
				"east":{"uv":[4,9,5,10],"texture":"#all"},
				"south":{"uv":[4,9,5,10],"texture":"#all"},
				"west":{"uv":[4,9,5,10],"texture":"#all"},
				"up":{"uv":[11,9,12,10],"texture":"#all","cullface":"up"},
				"down":{"uv":[4,9,5,10],"texture":"#all","cullface":"down"}
			}
		},
		{
			"from":[5,0,5],
			"to":[6,16,6],
			"faces":{
				"north":{"uv":[5,10,6,11],"texture":"#all"},
				"east":{"uv":[5,10,6,11],"texture":"#all"},
				"south":{"uv":[5,10,6,11],"texture":"#all"},
				"west":{"uv":[5,10,6,11],"texture":"#all"},
				"up":{"uv":[10,10,11,11],"texture":"#all","cullface":"up"},
				"down":{"uv":[5,10,6,11],"texture":"#all","cullface":"down"}
			}
		},
		{
			"from":[6,0,4],
			"to":[7,16,5],
			"faces":{
				"north":{"uv":[6,11,7,12],"texture":"#all"},
				"east":{"uv":[6,11,7,12],"texture":"#all"},
				"south":{"uv":[6,11,7,12],"texture":"#all"},
				"west":{"uv":[6,11,7,12],"texture":"#all"},
				"up":{"uv":[9,11,10,12],"texture":"#all","cullface":"up"},
				"down":{"uv":[6,11,7,12],"texture":"#all","cullface":"down"}
			}
		},
		{
			"from":[7,0,1],
			"to":[9,16,4],
			"faces":{
				"east":{"uv":[9,12,8,15],"rotation":270,"texture":"#all"},
				"south":{"uv":[7,12,9,13],"texture":"#all"},
				"west":{"uv":[7,12,8,15],"rotation":90,"texture":"#all"},
				"up":{"uv":[7,12,9,15],"texture":"#all","cullface":"up"},
				"down":{"uv":[7,12,9,15],"texture":"#all","cullface":"down"}
			}
		},
		{
			"from":[9,0,4],
			"to":[10,16,5],
			"faces":{
				"north":{"uv":[9,11,10,12],"texture":"#all"},
				"east":{"uv":[9,11,10,12],"texture":"#all"},
				"south":{"uv":[9,11,10,12],"texture":"#all"},
				"west":{"uv":[9,11,10,12],"texture":"#all"},
				"up":{"uv":[6,11,7,12],"texture":"#all","cullface":"up"},
				"down":{"uv":[9,11,10,12],"texture":"#all","cullface":"down"}
			}
		},
		{
			"from":[10,0,5],
			"to":[11,16,6],
			"faces":{
				"north":{"uv":[10,10,11,11],"texture":"#all"},
				"east":{"uv":[10,10,11,11],"texture":"#all"},
				"south":{"uv":[10,10,11,11],"texture":"#all"},
				"west":{"uv":[10,10,11,11],"texture":"#all"},
				"up":{"uv":[5,10,6,11],"texture":"#all","cullface":"up"},
				"down":{"uv":[10,10,11,11],"texture":"#all","cullface":"down"}
			}
		},
		{
			"from":[11,0,6],
			"to":[12,16,7],
			"faces":{
				"north":{"uv":[11,9,12,10],"texture":"#all"},
				"east":{"uv":[11,9,12,10],"texture":"#all"},
				"south":{"uv":[11,9,12,10],"texture":"#all"},
				"west":{"uv":[11,9,12,10],"texture":"#all"},
				"up":{"uv":[4,9,5,10],"texture":"#all","cullface":"up"},
				"down":{"uv":[11,9,12,10],"texture":"#all","cullface":"down"}
			}
		},
		{
			"from":[12,0,7],
			"to":[15,16,9],
			"faces":{
				"north":{"uv":[12,7,15,9],"texture":"#all"},
				"south":{"uv":[12,9,15,7],"texture":"#all"},
				"west":{"uv":[12,7,13,9],"rotation":90,"texture":"#all"},
				"up":{"uv":[1,7,4,9],"texture":"#all","cullface":"up"},
				"down":{"uv":[12,7,15,9],"texture":"#all","cullface":"down"}
			}
		},
		{
			"from":[11,0,9],
			"to":[12,16,10],
			"faces":{
				"north":{"uv":[11,6,12,7],"texture":"#all"},
				"east":{"uv":[11,6,12,7],"texture":"#all"},
				"south":{"uv":[11,6,12,7],"texture":"#all"},
				"west":{"uv":[11,6,12,7],"texture":"#all"},
				"up":{"uv":[4,6,5,7],"texture":"#all","cullface":"up"},
				"down":{"uv":[11,6,12,7],"texture":"#all","cullface":"down"}
			}
		},
		{
			"from":[10,0,10],
			"to":[11,16,11],
			"faces":{
				"north":{"uv":[10,5,11,6],"texture":"#all"},
				"east":{"uv":[10,5,11,6],"texture":"#all"},
				"south":{"uv":[10,5,11,6],"texture":"#all"},
				"west":{"uv":[10,5,11,6],"texture":"#all"},
				"up":{"uv":[5,5,6,6],"texture":"#all","cullface":"up"},
				"down":{"uv":[10,5,11,6],"texture":"#all","cullface":"down"}
			}
		},
		{
			"from":[9,0,11],
			"to":[10,16,12],
			"faces":{
				"north":{"uv":[9,4,10,5],"texture":"#all"},
				"east":{"uv":[9,4,10,5],"texture":"#all"},
				"south":{"uv":[9,4,10,5],"texture":"#all"},
				"west":{"uv":[9,4,10,5],"texture":"#all"},
				"up":{"uv":[6,4,7,5],"texture":"#all","cullface":"up"},
				"down":{"uv":[9,4,10,5],"texture":"#all","cullface":"down"}
			}
		},
		{
			"from":[13,0,14],
			"to":[15,16,15],
			"faces":{
				"north":{"uv":[13,1,14,2],"texture":"#all"},
				"west":{"uv":[13,1,14,2],"texture":"#all"},
				"up":{"uv":[3,1,1,2],"texture":"#all","cullface":"up"},
				"down":{"uv":[13,1,15,2],"texture":"#all","cullface":"down"}
			}
		},
		{
			"from":[14,0,13],
			"to":[15,16,14],
			"faces":{
				"north":{"uv":[14,2,15,3],"texture":"#all"},
				"west":{"uv":[14,2,15,3],"texture":"#all"},
				"up":{"uv":[1,2,2,3],"texture":"#all","cullface":"up"},
				"down":{"uv":[14,2,15,3],"texture":"#all","cullface":"down"}
			}
		},
		{
			"from":[14,0,2],
			"to":[15,16,3],
			"faces":{
				"south":{"uv":[14,13,15,14],"texture":"#all"},
				"west":{"uv":[14,13,15,14],"texture":"#all"},
				"up":{"uv":[1,13,2,14],"texture":"#all","cullface":"up"},
				"down":{"uv":[14,13,15,14],"texture":"#all","cullface":"down"}
			}
		},
		{
			"from":[13,0,1],
			"to":[15,16,2],
			"faces":{
				"south":{"uv":[13,14,14,15],"texture":"#all"},
				"west":{"uv":[13,14,14,15],"texture":"#all"},
				"up":{"uv":[3,14,1,15],"texture":"#all","cullface":"up"},
				"down":{"uv":[13,14,15,15],"texture":"#all","cullface":"down"}
			}
		}
	]
}