{
	"__comment":"Designed by GeForceLegend",
	"parent":"block/crimson_fungus",
	"display":{
		"gui":{
			"rotation":[30,90,0],
			"translation":[0,1,0],
			"scale":[1,1,1]
		},
		"ground":{
			"rotation":[0,0,0],
			"translation":[0,4,0],
			"scale":[0.5,0.5,0.5]
		},
		"fixed":{
			"rotation":[0,0,0],
			"translation":[0,3,0],
			"scale":[1,1,1]
		},
		"thirdperson_righthand":{
			"rotation":[0,0,0],
			"translation":[0,3,0],
			"scale":[0.55,0.55,0.55]
		},
		"firstperson_righthand":{
			"rotation":[0,45,0],
			"translation":[0,3,0],
			"scale":[0.5,0.5,0.5]
		}
	}
}