{
	"__comment":"Designed by GeForceLegend",
	"textures":{
		"layer1":"item/empty",
		"particle":"#layer0"
	},
	"elements":[
		{
			"from":[0,0,7.5],
			"to":[16,1,8.5],
			"faces":{
				"up":{"uv":[-0.0313,15,16.0313,16],"texture":"#layer0","tintindex":0},
				"down":{"uv":[-0.0313,15,16.0313,16],"texture":"#layer0","tintindex":0}
			}
		},
		{
			"from":[0,1,7.5],
			"to":[16,2,8.5],
			"faces":{
				"up":{"uv":[-0.0313,14,16.0313,15],"texture":"#layer0","tintindex":0},
				"down":{"uv":[-0.0313,14,16.0313,15],"texture":"#layer0","tintindex":0}
			}
		},
		{
			"from":[0,2,7.5],
			"to":[16,3,8.5],
			"faces":{
				"up":{"uv":[-0.0313,13,16.0313,14],"texture":"#layer0","tintindex":0},
				"down":{"uv":[-0.0313,13,16.0313,14],"texture":"#layer0","tintindex":0}
			}
		},
		{
			"from":[0,3,7.5],
			"to":[16,4,8.5],
			"faces":{
				"up":{"uv":[-0.0313,12,16.0313,13],"texture":"#layer0","tintindex":0},
				"down":{"uv":[-0.0313,12,16.0313,13],"texture":"#layer0","tintindex":0}
			}
		},
		{
			"from":[0,4,7.5],
			"to":[16,5,8.5],
			"faces":{
				"up":{"uv":[-0.0313,11,16.0313,12],"texture":"#layer0","tintindex":0},
				"down":{"uv":[-0.0313,11,16.0313,12],"texture":"#layer0","tintindex":0}
			}
		},
		{
			"from":[0,5,7.5],
			"to":[16,6,8.5],
			"faces":{
				"up":{"uv":[-0.0313,10,16.0313,11],"texture":"#layer0","tintindex":0},
				"down":{"uv":[-0.0313,10,16.0313,11],"texture":"#layer0","tintindex":0}
			}
		},
		{
			"from":[0,6,7.5],
			"to":[16,7,8.5],
			"faces":{
				"up":{"uv":[-0.0313,9,16.0313,10],"texture":"#layer0","tintindex":0},
				"down":{"uv":[-0.0313,9,16.0313,10],"texture":"#layer0","tintindex":0}
			}
		},
		{
			"from":[0,7,7.5],
			"to":[16,8,8.5],
			"faces":{
				"up":{"uv":[-0.0313,8,16.0313,9],"texture":"#layer0","tintindex":0},
				"down":{"uv":[-0.0313,8,16.0313,9],"texture":"#layer0","tintindex":0}
			}
		},
		{
			"from":[0,8,7.5],
			"to":[16,9,8.5],
			"faces":{
				"up":{"uv":[-0.0313,7,16.0313,8],"texture":"#layer0","tintindex":0},
				"down":{"uv":[-0.0313,7,16.0313,8],"texture":"#layer0","tintindex":0}
			}
		},
		{
			"from":[0,9,7.5],
			"to":[16,10,8.5],
			"faces":{
				"up":{"uv":[-0.0313,6,16.0313,7],"texture":"#layer0","tintindex":0},
				"down":{"uv":[-0.0313,6,16.0313,7],"texture":"#layer0","tintindex":0}
			}
		},
		{
			"from":[0,10,7.5],
			"to":[16,11,8.5],
			"faces":{
				"up":{"uv":[-0.0313,5,16.0313,6],"texture":"#layer0","tintindex":0},
				"down":{"uv":[-0.0313,5,16.0313,6],"texture":"#layer0","tintindex":0}
			}
		},
		{
			"from":[0,11,7.5],
			"to":[16,12,8.5],
			"faces":{
				"up":{"uv":[-0.0313,4,16.0313,5],"texture":"#layer0","tintindex":0},
				"down":{"uv":[-0.0313,4,16.0313,5],"texture":"#layer0","tintindex":0}
			}
		},
		{
			"from":[0,12,7.5],
			"to":[16,13,8.5],
			"faces":{
				"up":{"uv":[-0.0313,3,16.0313,4],"texture":"#layer0","tintindex":0},
				"down":{"uv":[-0.0313,3,16.0313,4],"texture":"#layer0","tintindex":0}
			}
		},
		{
			"from":[0,13,7.5],
			"to":[16,14,8.5],
			"faces":{
				"up":{"uv":[-0.0313,2,16.0313,3],"texture":"#layer0","tintindex":0},
				"down":{"uv":[-0.0313,2,16.0313,3],"texture":"#layer0","tintindex":0}
			}
		},
		{
			"from":[0,14,7.5],
			"to":[16,15,8.5],
			"faces":{
				"up":{"uv":[-0.0313,1,16.0313,2],"texture":"#layer0","tintindex":0},
				"down":{"uv":[-0.0313,1,16.0313,2],"texture":"#layer0","tintindex":0}
			}
		},
		{
			"from":[0,15,7.5],
			"to":[16,16,8.5],
			"faces":{
				"up":{"uv":[-0.0313,0,16.0313,1],"texture":"#layer0","tintindex":0},
				"down":{"uv":[-0.0313,0,16.0313,1],"texture":"#layer0","tintindex":0}
			}
		},
		{
			"from":[0,0,7.5],
			"to":[1,16,8.5],
			"faces":{
				"east":{"uv":[0,-0.0313,1,16.0313],"texture":"#layer0","tintindex":0},
				"west":{"uv":[0,-0.0313,1,16.0313],"texture":"#layer0","tintindex":0}
			}
		},
		{
			"from":[1,0,7.5],
			"to":[2,16,8.5],
			"faces":{
				"east":{"uv":[1,-0.0313,2,16.0313],"texture":"#layer0","tintindex":0},
				"west":{"uv":[1,-0.0313,2,16.0313],"texture":"#layer0","tintindex":0}
			}
		},
		{
			"from":[2,0,7.5],
			"to":[3,16,8.5],
			"faces":{
				"east":{"uv":[2,-0.0313,3,16.0313],"texture":"#layer0","tintindex":0},
				"west":{"uv":[2,-0.0313,3,16.0313],"texture":"#layer0","tintindex":0}
			}
		},
		{
			"from":[3,0,7.5],
			"to":[4,16,8.5],
			"faces":{
				"east":{"uv":[3,-0.0313,4,16.0313],"texture":"#layer0","tintindex":0},
				"west":{"uv":[3,-0.0313,4,16.0313],"texture":"#layer0","tintindex":0}
			}
		},
		{
			"from":[4,0,7.5],
			"to":[5,16,8.5],
			"faces":{
				"east":{"uv":[4,-0.0313,5,16.0313],"texture":"#layer0","tintindex":0},
				"west":{"uv":[4,-0.0313,5,16.0313],"texture":"#layer0","tintindex":0}
			}
		},
		{
			"from":[5,0,7.5],
			"to":[6,16,8.5],
			"faces":{
				"east":{"uv":[5,-0.0313,6,16.0313],"texture":"#layer0","tintindex":0},
				"west":{"uv":[5,-0.0313,6,16.0313],"texture":"#layer0","tintindex":0}
			}
		},
		{
			"from":[6,0,7.5],
			"to":[7,16,8.5],
			"faces":{
				"east":{"uv":[6,-0.0313,7,16.0313],"texture":"#layer0","tintindex":0},
				"west":{"uv":[6,-0.0313,7,16.0313],"texture":"#layer0","tintindex":0}
			}
		},
		{
			"from":[7,0,7.5],
			"to":[8,16,8.5],
			"faces":{
				"east":{"uv":[7,-0.0313,8,16.0313],"texture":"#layer0","tintindex":0},
				"west":{"uv":[7,-0.0313,8,16.0313],"texture":"#layer0","tintindex":0}
			}
		},
		{
			"from":[8,0,7.5],
			"to":[9,16,8.5],
			"faces":{
				"east":{"uv":[8,-0.0313,9,16.0313],"texture":"#layer0","tintindex":0},
				"west":{"uv":[8,-0.0313,9,16.0313],"texture":"#layer0","tintindex":0}
			}
		},
		{
			"from":[9,0,7.5],
			"to":[10,16,8.5],
			"faces":{
				"east":{"uv":[9,-0.0313,10,16.0313],"texture":"#layer0","tintindex":0},
				"west":{"uv":[9,-0.0313,10,16.0313],"texture":"#layer0","tintindex":0}
			}
		},
		{
			"from":[10,0,7.5],
			"to":[11,16,8.5],
			"faces":{
				"east":{"uv":[10,-0.0313,11,16.0313],"texture":"#layer0","tintindex":0},
				"west":{"uv":[10,-0.0313,11,16.0313],"texture":"#layer0","tintindex":0}
			}
		},
		{
			"from":[11,0,7.5],
			"to":[12,16,8.5],
			"faces":{
				"east":{"uv":[11,-0.0313,12,16.0313],"texture":"#layer0","tintindex":0},
				"west":{"uv":[11,-0.0313,12,16.0313],"texture":"#layer0","tintindex":0}
			}
		},
		{
			"from":[12,0,7.5],
			"to":[13,16,8.5],
			"faces":{
				"east":{"uv":[12,-0.0313,13,16.0313],"texture":"#layer0","tintindex":0},
				"west":{"uv":[12,-0.0313,13,16.0313],"texture":"#layer0","tintindex":0}
			}
		},
		{
			"from":[13,0,7.5],
			"to":[14,16,8.5],
			"faces":{
				"east":{"uv":[13,-0.0313,14,16.0313],"texture":"#layer0","tintindex":0},
				"west":{"uv":[13,-0.0313,14,16.0313],"texture":"#layer0","tintindex":0}
			}
		},
		{
			"from":[14,0,7.5],
			"to":[15,16,8.5],
			"faces":{
				"east":{"uv":[14,-0.0313,15,16.0313],"texture":"#layer0","tintindex":0},
				"west":{"uv":[14,-0.0313,15,16.0313],"texture":"#layer0","tintindex":0}
			}
		},
		{
			"from":[15,0,7.5],
			"to":[16,16,8.5],
			"faces":{
				"east":{"uv":[15,-0.0313,16,16.0313],"texture":"#layer0","tintindex":0},
				"west":{"uv":[15,-0.0313,16,16.0313],"texture":"#layer0","tintindex":0}
			}
		},
		{
			"from":[0,0,7.5],
			"to":[16,16,8.5],
			"faces":{
				"north":{"uv":[16.0313,-0.0313,-0.0313,16.0313],"texture":"#layer0","tintindex":0},
				"south":{"uv":[-0.0313,-0.0313,16.0313,16.0313],"texture":"#layer0","tintindex":0}
			}
		},
		{
			"from":[0,0,7.5],
			"to":[16,1,8.5],
			"faces":{
				"up":{"uv":[-0.0313,15,16.0313,16],"texture":"#layer1","tintindex":1},
				"down":{"uv":[-0.0313,15,16.0313,16],"texture":"#layer1","tintindex":1}
			}
		},
		{
			"from":[0,1,7.5],
			"to":[16,2,8.5],
			"faces":{
				"up":{"uv":[-0.0313,14,16.0313,15],"texture":"#layer1","tintindex":1},
				"down":{"uv":[-0.0313,14,16.0313,15],"texture":"#layer1","tintindex":1}
			}
		},
		{
			"from":[0,2,7.5],
			"to":[16,3,8.5],
			"faces":{
				"up":{"uv":[-0.0313,13,16.0313,14],"texture":"#layer1","tintindex":1},
				"down":{"uv":[-0.0313,13,16.0313,14],"texture":"#layer1","tintindex":1}
			}
		},
		{
			"from":[0,3,7.5],
			"to":[16,4,8.5],
			"faces":{
				"up":{"uv":[-0.0313,12,16.0313,13],"texture":"#layer1","tintindex":1},
				"down":{"uv":[-0.0313,12,16.0313,13],"texture":"#layer1","tintindex":1}
			}
		},
		{
			"from":[0,4,7.5],
			"to":[16,5,8.5],
			"faces":{
				"up":{"uv":[-0.0313,11,16.0313,12],"texture":"#layer1","tintindex":1},
				"down":{"uv":[-0.0313,11,16.0313,12],"texture":"#layer1","tintindex":1}
			}
		},
		{
			"from":[0,5,7.5],
			"to":[16,6,8.5],
			"faces":{
				"up":{"uv":[-0.0313,10,16.0313,11],"texture":"#layer1","tintindex":1},
				"down":{"uv":[-0.0313,10,16.0313,11],"texture":"#layer1","tintindex":1}
			}
		},
		{
			"from":[0,6,7.5],
			"to":[16,7,8.5],
			"faces":{
				"up":{"uv":[-0.0313,9,16.0313,10],"texture":"#layer1","tintindex":1},
				"down":{"uv":[-0.0313,9,16.0313,10],"texture":"#layer1","tintindex":1}
			}
		},
		{
			"from":[0,7,7.5],
			"to":[16,8,8.5],
			"faces":{
				"up":{"uv":[-0.0313,8,16.0313,9],"texture":"#layer1","tintindex":1},
				"down":{"uv":[-0.0313,8,16.0313,9],"texture":"#layer1","tintindex":1}
			}
		},
		{
			"from":[0,8,7.5],
			"to":[16,9,8.5],
			"faces":{
				"up":{"uv":[-0.0313,7,16.0313,8],"texture":"#layer1","tintindex":1},
				"down":{"uv":[-0.0313,7,16.0313,8],"texture":"#layer1","tintindex":1}
			}
		},
		{
			"from":[0,9,7.5],
			"to":[16,10,8.5],
			"faces":{
				"up":{"uv":[-0.0313,6,16.0313,7],"texture":"#layer1","tintindex":1},
				"down":{"uv":[-0.0313,6,16.0313,7],"texture":"#layer1","tintindex":1}
			}
		},
		{
			"from":[0,10,7.5],
			"to":[16,11,8.5],
			"faces":{
				"up":{"uv":[-0.0313,5,16.0313,6],"texture":"#layer1","tintindex":1},
				"down":{"uv":[-0.0313,5,16.0313,6],"texture":"#layer1","tintindex":1}
			}
		},
		{
			"from":[0,11,7.5],
			"to":[16,12,8.5],
			"faces":{
				"up":{"uv":[-0.0313,4,16.0313,5],"texture":"#layer1","tintindex":1},
				"down":{"uv":[-0.0313,4,16.0313,5],"texture":"#layer1","tintindex":1}
			}
		},
		{
			"from":[0,12,7.5],
			"to":[16,13,8.5],
			"faces":{
				"up":{"uv":[-0.0313,3,16.0313,4],"texture":"#layer1","tintindex":1},
				"down":{"uv":[-0.0313,3,16.0313,4],"texture":"#layer1","tintindex":1}
			}
		},
		{
			"from":[0,13,7.5],
			"to":[16,14,8.5],
			"faces":{
				"up":{"uv":[-0.0313,2,16.0313,3],"texture":"#layer1","tintindex":1},
				"down":{"uv":[-0.0313,2,16.0313,3],"texture":"#layer1","tintindex":1}
			}
		},
		{
			"from":[0,14,7.5],
			"to":[16,15,8.5],
			"faces":{
				"up":{"uv":[-0.0313,1,16.0313,2],"texture":"#layer1","tintindex":1},
				"down":{"uv":[-0.0313,1,16.0313,2],"texture":"#layer1","tintindex":1}
			}
		},
		{
			"from":[0,15,7.5],
			"to":[16,16,8.5],
			"faces":{
				"up":{"uv":[-0.0313,0,16.0313,1],"texture":"#layer1","tintindex":1},
				"down":{"uv":[-0.0313,0,16.0313,1],"texture":"#layer1","tintindex":1}
			}
		},
		{
			"from":[0,0,7.5],
			"to":[1,16,8.5],
			"faces":{
				"east":{"uv":[0,-0.0313,1,16.0313],"texture":"#layer1","tintindex":1},
				"west":{"uv":[0,-0.0313,1,16.0313],"texture":"#layer1","tintindex":1}
			}
		},
		{
			"from":[1,0,7.5],
			"to":[2,16,8.5],
			"faces":{
				"east":{"uv":[1,-0.0313,2,16.0313],"texture":"#layer1","tintindex":1},
				"west":{"uv":[1,-0.0313,2,16.0313],"texture":"#layer1","tintindex":1}
			}
		},
		{
			"from":[2,0,7.5],
			"to":[3,16,8.5],
			"faces":{
				"east":{"uv":[2,-0.0313,3,16.0313],"texture":"#layer1","tintindex":1},
				"west":{"uv":[2,-0.0313,3,16.0313],"texture":"#layer1","tintindex":1}
			}
		},
		{
			"from":[3,0,7.5],
			"to":[4,16,8.5],
			"faces":{
				"east":{"uv":[3,-0.0313,4,16.0313],"texture":"#layer1","tintindex":1},
				"west":{"uv":[3,-0.0313,4,16.0313],"texture":"#layer1","tintindex":1}
			}
		},
		{
			"from":[4,0,7.5],
			"to":[5,16,8.5],
			"faces":{
				"east":{"uv":[4,-0.0313,5,16.0313],"texture":"#layer1","tintindex":1},
				"west":{"uv":[4,-0.0313,5,16.0313],"texture":"#layer1","tintindex":1}
			}
		},
		{
			"from":[5,0,7.5],
			"to":[6,16,8.5],
			"faces":{
				"east":{"uv":[5,-0.0313,6,16.0313],"texture":"#layer1","tintindex":1},
				"west":{"uv":[5,-0.0313,6,16.0313],"texture":"#layer1","tintindex":1}
			}
		},
		{
			"from":[6,0,7.5],
			"to":[7,16,8.5],
			"faces":{
				"east":{"uv":[6,-0.0313,7,16.0313],"texture":"#layer1","tintindex":1},
				"west":{"uv":[6,-0.0313,7,16.0313],"texture":"#layer1","tintindex":1}
			}
		},
		{
			"from":[7,0,7.5],
			"to":[8,16,8.5],
			"faces":{
				"east":{"uv":[7,-0.0313,8,16.0313],"texture":"#layer1","tintindex":1},
				"west":{"uv":[7,-0.0313,8,16.0313],"texture":"#layer1","tintindex":1}
			}
		},
		{
			"from":[8,0,7.5],
			"to":[9,16,8.5],
			"faces":{
				"east":{"uv":[8,-0.0313,9,16.0313],"texture":"#layer1","tintindex":1},
				"west":{"uv":[8,-0.0313,9,16.0313],"texture":"#layer1","tintindex":1}
			}
		},
		{
			"from":[9,0,7.5],
			"to":[10,16,8.5],
			"faces":{
				"east":{"uv":[9,-0.0313,10,16.0313],"texture":"#layer1","tintindex":1},
				"west":{"uv":[9,-0.0313,10,16.0313],"texture":"#layer1","tintindex":1}
			}
		},
		{
			"from":[10,0,7.5],
			"to":[11,16,8.5],
			"faces":{
				"east":{"uv":[10,-0.0313,11,16.0313],"texture":"#layer1","tintindex":1},
				"west":{"uv":[10,-0.0313,11,16.0313],"texture":"#layer1","tintindex":1}
			}
		},
		{
			"from":[11,0,7.5],
			"to":[12,16,8.5],
			"faces":{
				"east":{"uv":[11,-0.0313,12,16.0313],"texture":"#layer1","tintindex":1},
				"west":{"uv":[11,-0.0313,12,16.0313],"texture":"#layer1","tintindex":1}
			}
		},
		{
			"from":[12,0,7.5],
			"to":[13,16,8.5],
			"faces":{
				"east":{"uv":[12,-0.0313,13,16.0313],"texture":"#layer1","tintindex":1},
				"west":{"uv":[12,-0.0313,13,16.0313],"texture":"#layer1","tintindex":1}
			}
		},
		{
			"from":[13,0,7.5],
			"to":[14,16,8.5],
			"faces":{
				"east":{"uv":[13,-0.0313,14,16.0313],"texture":"#layer1","tintindex":1},
				"west":{"uv":[13,-0.0313,14,16.0313],"texture":"#layer1","tintindex":1}
			}
		},
		{
			"from":[14,0,7.5],
			"to":[15,16,8.5],
			"faces":{
				"east":{"uv":[14,-0.0313,15,16.0313],"texture":"#layer1","tintindex":1},
				"west":{"uv":[14,-0.0313,15,16.0313],"texture":"#layer1","tintindex":1}
			}
		},
		{
			"from":[15,0,7.5],
			"to":[16,16,8.5],
			"faces":{
				"east":{"uv":[15,-0.0313,16,16.0313],"texture":"#layer1","tintindex":1},
				"west":{"uv":[15,-0.0313,16,16.0313],"texture":"#layer1","tintindex":1}
			}
		},
		{
			"from":[0,0,7.5],
			"to":[16,16,8.5],
			"faces":{
				"north":{"uv":[16.0313,-0.0313,-0.0313,16.0313],"texture":"#layer1","tintindex":1},
				"south":{"uv":[-0.0313,-0.0313,16.0313,16.0313],"texture":"#layer1","tintindex":1}
			}
		}
	],
	"display":{
		"ground":{
			"rotation":[0,0,0],
			"translation":[0,2,0],
			"scale":[0.5,0.5,0.5]
		},
		"head":{
			"rotation":[0,180,0],
			"translation":[0,13,7],
			"scale":[1,1,1]
		},
		"thirdperson_righthand":{
			"rotation":[0,0,0],
			"translation":[0,3,1],
			"scale":[0.55,0.55,0.55]
		},
		"firstperson_righthand":{
			"rotation":[0,-90,25],
			"translation":[1.13,3.2,1.13],
			"scale":[0.68,0.68,0.68]
		},
		"fixed":{
			"rotation":[0,180,0],
			"translation":[0,0,0.6],
			"scale":[1,1,1]
		},
		"gui":{
			"rotation":[-30,0,0],
			"translation":[0,0,0],
			"scale":[1,1.15,0.1]
		}
	}
}