{
	"__comment":"Designed by GeForceLegend",
	"parent":"block/block",
	"textures":{
		"book":"item/enchanting_table_book",
		"bottom":"block/enchanting_table_bottom",
		"top":"block/enchanting_table_top",
		"side":"block/enchanting_table_side",
		"particle":"block/enchanting_table_side"
	},
	"elements":[
		{
			"from":[0,0,0],
			"to":[16,11,16],
			"faces":{
				"north":{"uv":[0,5,16,16],"texture":"#side"},
				"east":{"uv":[0,5,16,16],"texture":"#side"},
				"south":{"uv":[0,5,16,16],"texture":"#side"},
				"west":{"uv":[0,5,16,16],"texture":"#side"},
				"up":{"uv":[0,0,16,16],"texture":"#top"},
				"down":{"uv":[0,0,16,16],"texture":"#bottom"}
			}
		},
		{
			"from":[0,11,0],
			"to":[3,12,4],
			"faces":{
				"east":{"uv":[2,3,3,4],"texture":"#top"},
				"south":{"uv":[0,3,3,4],"texture":"#top"},
				"west":{"uv":[0,4,4,5],"texture":"#side"},
				"up":{"uv":[0,0,3,4],"texture":"#top"}
			}
		},
		{
			"from":[0,11,0],
			"to":[4,12,3],
			"faces":{
				"north":{"uv":[12,4,16,5],"texture":"#side"},
				"east":{"uv":[3,0,4,3],"rotation":90,"texture":"#top"},
				"south":{"uv":[3,2,4,3],"texture":"#top"},
				"up":{"uv":[0,0,4,3],"texture":"#top"}
			}
		},
		{
			"from":[0,11,13],
			"to":[4,12,16],
			"faces":{
				"north":{"uv":[2,3,3,4],"texture":"#top"},
				"east":{"uv":[0,3,3,4],"texture":"#top"},
				"south":{"uv":[0,4,4,5],"texture":"#side"},
				"up":{"uv":[0,13,4,16],"texture":"#top"}
			}
		},
		{
			"from":[0,11,12],
			"to":[3,12,16],
			"faces":{
				"north":{"uv":[3,0,4,3],"rotation":90,"texture":"#top"},
				"east":{"uv":[3,2,4,3],"texture":"#top"},
				"west":{"uv":[12,4,16,5],"texture":"#side"},
				"up":{"uv":[0,12,3,16],"texture":"#top"}
			}
		},
		{
			"from":[12,11,13],
			"to":[16,12,16],
			"faces":{
				"north":{"uv":[3,2,4,3],"texture":"#top"},
				"south":{"uv":[12,4,16,5],"texture":"#side"},
				"west":{"uv":[3,0,4,3],"rotation":90,"texture":"#top"},
				"up":{"uv":[12,13,16,16],"texture":"#top"}
			}
		},
		{
			"from":[13,11,12],
			"to":[16,12,16],
			"faces":{
				"north":{"uv":[0,3,3,4],"texture":"#top"},
				"east":{"uv":[0,4,4,5],"texture":"#side"},
				"west":{"uv":[2,3,3,4],"texture":"#top"},
				"up":{"uv":[13,12,16,16],"texture":"#top"}
			}
		},
		{
			"from":[12,11,0],
			"to":[16,12,3],
			"faces":{
				"north":{"uv":[0,4,4,5],"texture":"#side"},
				"south":{"uv":[2,3,3,4],"texture":"#top"},
				"west":{"uv":[0,3,3,4],"texture":"#top"},
				"up":{"uv":[12,0,16,3],"texture":"#top"}
			}
		},
		{
			"from":[13,11,0],
			"to":[16,12,4],
			"faces":{
				"east":{"uv":[12,4,16,5],"texture":"#side"},
				"south":{"uv":[3,0,4,3],"rotation":90,"texture":"#top"},
				"west":{"uv":[3,2,4,3],"texture":"#top"},
				"up":{"uv":[13,0,16,4],"texture":"#top"}
			}
		},
		{
			"from":[7,12.99,3],
			"to":[9,13,13],
			"faces":{
				"up":{"uv":[7,0,8,5],"texture":"#book"},
				"down":{"uv":[6,0,7,5],"texture":"#book"}
			}
		},
		{
			"from":[1,12.99,3],
			"to":[7,13,13],
			"rotation":{"angle":-22.5,"axis":"z","origin":[7,13,8]},
			"faces":{
				"up":{"uv":[0,0,3,5],"texture":"#book"},
				"down":{"uv":[6,0,3,5],"texture":"#book"}
			}
		},
		{
			"from":[9,12.99,3],
			"to":[15,13,13],
			"rotation":{"angle":22.5,"axis":"z","origin":[9,13,8]},
			"faces":{
				"up":{"uv":[8,0,11,5],"texture":"#book"},
				"down":{"uv":[14,0,11,5],"texture":"#book"}
			}
		},
		{
			"from":[8.5,13.3,4],
			"to":[13.5,14.3,12],
			"rotation":{"angle":22.5,"axis":"z","origin":[9,12.9,8]},
			"faces":{
				"north":{"uv":[6.5,5,9,5.5],"texture":"#book"},
				"east":{"uv":[9,5.5,9.5,9.5],"texture":"#book"},
				"south":{"uv":[6.5,5,9,5.5],"texture":"#book"},
				"west":{"uv":[6,5.5,6.5,9.5],"texture":"#book"},
				"up":{"uv":[6.5,5.5,9,9.5],"texture":"#book"},
				"down":{"uv":[6.5,9.5,9,5.5],"texture":"#book"}
			}
		},
		{
			"from":[2.5,13.3,4],
			"to":[7.5,14.3,12],
			"rotation":{"angle":-22.5,"axis":"z","origin":[7,12.9,8]},
			"faces":{
				"north":{"uv":[9,5,6.5,5.5],"texture":"#book"},
				"east":{"uv":[6.5,5.5,6,9.5],"texture":"#book"},
				"south":{"uv":[9,5,6.5,5.5],"texture":"#book"},
				"west":{"uv":[9.5,5.5,9,9.5],"texture":"#book"},
				"up":{"uv":[0.5,5.5,3,9.5],"texture":"#book"},
				"down":{"uv":[0.5,9.5,3,5.5],"texture":"#book"}
			}
		},
		{
			"from":[8,14,4],
			"to":[13,14.01,12],
			"rotation":{"angle":45,"axis":"z","origin":[8,14,8]},
			"faces":{
				"up":{"uv":[2.5,9.5,5,13.5],"texture":"#book"},
				"down":{"uv":[5,9.5,2.5,13.5],"texture":"#book"}
			}
		},
		{
			"from":[3,14,4],
			"to":[8,14.01,12],
			"rotation":{"angle":-45,"axis":"z","origin":[8,14,8]},
			"faces":{
				"up":{"uv":[0,9.5,2.5,13.5],"texture":"#book"},
				"down":{"uv":[2.5,9.5,0,13.5],"texture":"#book"}
			}
		}
	],
	"display":{
		"firstperson_righthand":{
			"rotation":[0,-45,0],
			"scale":[0.4,0.4,0.4]
		}
	}
}