{
	"__comment":"Designed by GeForceLegend",
	"parent":"item/minecart",
	"textures":{
		"minecart":"item/minecart_model",
		"side":"block/furnace_side",
		"top":"block/furnace_top",
		"front":"block/furnace_front",
		"inside":"block/furnace_in",
		"particle":"item/furnace_minecart"
	},
	"elements":[
		{
			"from":[0,2,-2],
			"to":[16,4,18],
			"faces":{
				"north":{"uv":[5.25,3,5.75,7],"rotation":90,"texture":"#minecart"},
				"east":{"uv":[10.25,2.5,5.25,3],"texture":"#minecart"},
				"south":{"uv":[5.75,7,5.25,3],"rotation":90,"texture":"#minecart"},
				"west":{"uv":[5.25,2.5,10.25,3],"texture":"#minecart"},
				"up":{"uv":[5.75,3,10.75,7],"rotation":90,"texture":"#minecart"},
				"down":{"uv":[5.25,3,0.25,7],"rotation":90,"texture":"#minecart"}
			}
		},
		{
			"from":[0,4,0],
			"to":[2,12,16],
			"faces":{
				"east":{"uv":[0.25,0.5,4.25,2.5],"texture":"#minecart"},
				"west":{"uv":[4.75,0.5,8.75,2.5],"texture":"#minecart"},
				"up":{"uv":[0.25,0.5,4.25,0],"rotation":90,"texture":"#minecart"}
			}
		},
		{
			"from":[14,4,0],
			"to":[16,12,16],
			"faces":{
				"east":{"uv":[4.75,0.5,8.75,2.5],"texture":"#minecart"},
				"west":{"uv":[0.25,0.5,4.25,2.5],"texture":"#minecart"},
				"up":{"uv":[0.25,0.5,4.25,0],"rotation":270,"texture":"#minecart"}
			}
		},
		{
			"from":[0,4,16],
			"to":[16,12,18],
			"faces":{
				"north":{"uv":[0.25,0.5,4.25,2.5],"texture":"#minecart"},
				"east":{"uv":[4.75,0.5,4.25,2.5],"texture":"#minecart"},
				"south":{"uv":[4.75,0.5,8.75,2.5],"texture":"#minecart"},
				"west":{"uv":[4.25,0.5,4.75,2.5],"texture":"#minecart"},
				"up":{"uv":[0.25,0.5,4.25,0],"texture":"#minecart"}
			}
		},
		{
			"from":[0,4,-2],
			"to":[16,12,0],
			"faces":{
				"north":{"uv":[4.75,0.5,8.75,2.5],"texture":"#minecart"},
				"east":{"uv":[4.25,0.5,4.75,2.5],"texture":"#minecart"},
				"south":{"uv":[0.25,0.5,4.25,2.5],"texture":"#minecart"},
				"west":{"uv":[4.75,0.5,4.25,2.5],"texture":"#minecart"},
				"up":{"uv":[4.25,0,0.25,0.5],"texture":"#minecart"}
			}
		},
		{
			"from":[2.75,16.75,2.75],
			"to":[13.25,6.25,13.25],
			"faces":{
				"east":{"uv":[1,15,15,1],"texture":"#inside"},
				"south":{"uv":[1,15,15,1],"texture":"#inside"},
				"west":{"uv":[1,15,15,1],"texture":"#inside"},
				"down":{"uv":[1,1,15,15],"texture":"#inside"}
			}
		},
		{
			"from":[2,5.5,2],
			"to":[14,17.5,14],
			"faces":{
				"east":{"uv":[0,0,16,16],"texture":"#side"},
				"south":{"uv":[0,0,16,16],"texture":"#side"},
				"west":{"uv":[0,0,16,16],"texture":"#side"},
				"up":{"uv":[0,0,16,16],"texture":"#top"}
			}
		},
		{
			"from":[11,13.75,2],
			"to":[11.75,14.5,2.75],
			"faces":{
				"north":{"uv":[3,4,4,5],"texture":"#front"},
				"south":{"uv":[12,4,13,5],"texture":"#inside"},
				"west":{"uv":[3,4,4,5],"texture":"#front"},
				"down":{"uv":[3,4,4,5],"texture":"#front"}
			}
		},
		{
			"from":[4.25,13.75,2],
			"to":[5,14.5,2.75],
			"faces":{
				"north":{"uv":[12,4,13,5],"texture":"#front"},
				"east":{"uv":[12,4,13,5],"texture":"#front"},
				"south":{"uv":[3,4,4,5],"texture":"#inside"},
				"down":{"uv":[12,4,13,5],"texture":"#front"}
			}
		},
		{
			"from":[9.5,8.5,2],
			"to":[11,9.25,2.75],
			"faces":{
				"north":{"uv":[4,11,6,12],"texture":"#front"},
				"south":{"uv":[10,11,12,12],"texture":"#inside"},
				"west":{"uv":[5,11,6,12],"texture":"#front"},
				"down":{"uv":[6,11,4,12],"texture":"#front"}
			}
		},
		{
			"from":[5,8.5,2],
			"to":[6.5,9.25,2.75],
			"faces":{
				"north":{"uv":[10,11,12,12],"texture":"#front"},
				"east":{"uv":[10,11,11,12],"texture":"#front"},
				"south":{"uv":[4,11,6,12],"texture":"#inside"},
				"down":{"uv":[12,11,10,12],"texture":"#front"}
			}
		},
		{
			"from":[4.25,14.5,2],
			"to":[11.75,17.5,2.75],
			"faces":{
				"north":{"uv":[3,0,13,4],"texture":"#front"},
				"south":{"uv":[3,0,13,4],"texture":"#inside"},
				"down":{"uv":[3,3,13,4],"texture":"#front"}
			}
		},
		{
			"from":[4.25,9.25,2],
			"to":[11.75,12.25,2.75],
			"faces":{
				"north":{"uv":[3,7,13,11],"texture":"#front"},
				"south":{"uv":[3,7,13,11],"texture":"#inside"},
				"up":{"uv":[3,7,13,8],"texture":"#front"},
				"down":{"uv":[3,10,13,11],"texture":"#front"}
			}
		},
		{
			"from":[11,7.75,2],
			"to":[11.75,9.25,2.75],
			"faces":{
				"north":{"uv":[3,11,4,13],"texture":"#front"},
				"south":{"uv":[12,11,13,13],"texture":"#inside"},
				"west":{"uv":[3,11,4,13],"texture":"#front"},
				"down":{"uv":[3,12,4,13],"texture":"#front"}
			}
		},
		{
			"from":[4.25,7.75,2],
			"to":[5,9.25,2.75],
			"faces":{
				"north":{"uv":[12,11,13,13],"texture":"#front"},
				"east":{"uv":[12,11,13,13],"texture":"#front"},
				"south":{"uv":[3,11,4,13],"texture":"#inside"},
				"down":{"uv":[12,12,13,13],"texture":"#front"}
			}
		},
		{
			"from":[11.75,6.25,2],
			"to":[14,17.5,2.75],
			"faces":{
				"north":{"uv":[0,0,3,15],"texture":"#front"},
				"south":{"uv":[13,0,16,15],"texture":"#inside"},
				"west":{"uv":[2,0,3,15],"texture":"#front"}
			}
		},
		{
			"from":[2,6.25,2],
			"to":[4.25,17.5,2.75],
			"faces":{
				"north":{"uv":[13,0,16,15],"texture":"#front"},
				"east":{"uv":[13,0,14,15],"texture":"#front"},
				"south":{"uv":[0,0,3,15],"texture":"#inside"}
			}
		},
		{
			"from":[2.75,10.75,2.75],
			"to":[13.25,11.5,13.25],
			"faces":{
				"up":{"uv":[1,1,15,15],"texture":"#inside"},
				"down":{"uv":[1,1,15,15],"texture":"#inside"}
			}
		},
		{
			"from":[2,5.5,2],
			"to":[14,6.25,14],
			"faces":{
				"north":{"uv":[0,15,16,16],"texture":"#front"},
				"up":{"uv":[0,0,16,16],"texture":"#inside"}
			}
		}
	]
}