{
	"__comment":"Designed by GeForceLegend",
	"ambientocclusion":false,
	"textures":{
		"front_on":"block/blast_furnace_front_on",
		"particle":"block/blast_furnace_front_on",
		"top":"block/blast_furnace_top",
		"front":"block/blast_furnace_front",
		"side":"block/blast_furnace_side"
	},
	"elements":[
		{
			"from":[0,0,0],
			"to":[16,16,16],
			"faces":{
				"north":{"uv":[0,0,16,16],"texture":"#front_on","cullface":"north"},
				"east":{"uv":[0,0,16,16],"texture":"#side","cullface":"east"},
				"south":{"uv":[0,0,16,16],"texture":"#side","cullface":"south"},
				"west":{"uv":[0,0,16,16],"texture":"#side","cullface":"west"},
				"up":{"uv":[0,0,16,16],"texture":"#top","cullface":"up"},
				"down":{"uv":[0,0,16,16],"texture":"#top","cullface":"down"}
			}
		},
		{
			"from":[5.01,2.01,-0.9],
			"to":[9.99,4.99,0],
			"faces":{
				"north":{"uv":[6,11,11,14],"texture":"#front","cullface":"north"},
				"up":{"uv":[11,12,6,11],"texture":"#front","cullface":"north"},
				"down":{"uv":[11,14,6,13],"texture":"#front","cullface":"north"}
			}
		},
		{
			"from":[5.01,8.01,-0.9],
			"to":[9.99,9.99,0],
			"faces":{
				"north":{"uv":[6,6,11,8],"texture":"#front","cullface":"north"},
				"up":{"uv":[11,7,6,6],"texture":"#front","cullface":"north"},
				"down":{"uv":[11,8,6,7],"texture":"#front","cullface":"north"}
			}
		},
		{
			"from":[9.99,2.01,-0.9],
			"to":[12.99,9.99,0],
			"faces":{
				"north":{"uv":[3,6,6,14],"texture":"#front","cullface":"north"},
				"east":{"uv":[3,6,4,14],"texture":"#front","cullface":"north"},
				"west":{"uv":[5,8,6,11],"texture":"#front","cullface":"north"},
				"up":{"uv":[6,7,3,6],"texture":"#front","cullface":"north"},
				"down":{"uv":[6,14,3,13],"texture":"#front","cullface":"north"}
			}
		},
		{
			"from":[3.01,2.01,-0.9],
			"to":[5.01,9.99,0],
			"faces":{
				"north":{"uv":[11,6,13,14],"texture":"#front","cullface":"north"},
				"east":{"uv":[11,8,12,11],"texture":"#front","cullface":"north"},
				"west":{"uv":[12,6,13,14],"texture":"#front","cullface":"north"},
				"up":{"uv":[13,7,11,6],"texture":"#front","cullface":"north"},
				"down":{"uv":[13,14,11,13],"texture":"#front","cullface":"north"}
			}
		},
		{
			"from":[5.99,4.99,-0.9],
			"to":[7.025,8.01,0],
			"faces":{
				"north":{"uv":[9,8,10,11],"texture":"#front","cullface":"north"},
				"east":{"uv":[11,8,12,11],"texture":"#front","cullface":"north"},
				"west":{"uv":[9,8,10,11],"texture":"#front","cullface":"north"}
			}
		},
		{
			"from":[7.975,4.99,-0.9],
			"to":[9.025,8.01,0],
			"faces":{
				"north":{"uv":[9,8,10,11],"texture":"#front","cullface":"north"},
				"east":{"uv":[11,8,12,11],"texture":"#front","cullface":"north"},
				"west":{"uv":[9,8,10,11],"texture":"#front","cullface":"north"}
			}
		}
	]
}