{
	"__comment":"Designed by GeForceLegend",
	"parent":"item/handheld",
	"textures":{
		"particle":"item/stick",
		"layer0":"item/stick"
	},
	"elements":[
		{
			"from":[2,1,7.5],
			"to":[4,3,8.5],
			"faces":{
				"north":{"uv":[4,13,2,15],"texture":"#layer0"},
				"east":{"uv":[3,13,4,15],"texture":"#layer0"},
				"south":{"uv":[2,13,4,15],"texture":"#layer0"},
				"west":{"uv":[2,13,3,15],"texture":"#layer0"},
				"up":{"uv":[2,13,4,14],"texture":"#layer0"},
				"down":{"uv":[2,14,4,15],"texture":"#layer0"}
			}
		},
		{
			"from":[3,3,7.5],
			"to":[4,4,8.5],
			"faces":{
				"north":{"uv":[3,12,4,13],"texture":"#layer0"},
				"south":{"uv":[3,12,4,13],"texture":"#layer0"},
				"west":{"uv":[3,12,4,13],"texture":"#layer0"},
				"up":{"uv":[3,12,4,13],"texture":"#layer0"}
			}
		},
		{
			"from":[4,2,7.5],
			"to":[5,5,8.5],
			"faces":{
				"north":{"uv":[4,11,5,14],"texture":"#layer0"},
				"east":{"uv":[4,11,5,14],"texture":"#layer0"},
				"south":{"uv":[4,11,5,14],"texture":"#layer0"},
				"west":{"uv":[4,11,5,14],"texture":"#layer0"},
				"up":{"uv":[4,11,5,12],"texture":"#layer0"},
				"down":{"uv":[4,13,5,14],"texture":"#layer0"}
			}
		},
		{
			"from":[5,3,7.5],
			"to":[6,6,8.5],
			"faces":{
				"north":{"uv":[5,10,6,13],"texture":"#layer0"},
				"east":{"uv":[5,10,6,13],"texture":"#layer0"},
				"south":{"uv":[5,10,6,13],"texture":"#layer0"},
				"west":{"uv":[5,10,6,13],"texture":"#layer0"},
				"up":{"uv":[5,10,6,11],"texture":"#layer0"},
				"down":{"uv":[5,12,6,13],"texture":"#layer0"}
			}
		},
		{
			"from":[6,4,7.5],
			"to":[7,7,8.5],
			"faces":{
				"north":{"uv":[6,9,7,12],"texture":"#layer0"},
				"east":{"uv":[6,9,7,12],"texture":"#layer0"},
				"south":{"uv":[6,9,7,12],"texture":"#layer0"},
				"west":{"uv":[6,9,7,12],"texture":"#layer0"},
				"up":{"uv":[6,9,7,10],"texture":"#layer0"},
				"down":{"uv":[6,11,7,12],"texture":"#layer0"}
			}
		},
		{
			"from":[7,5,7.5],
			"to":[8,8,8.5],
			"faces":{
				"north":{"uv":[7,8,8,11],"texture":"#layer0"},
				"east":{"uv":[7,8,8,11],"texture":"#layer0"},
				"south":{"uv":[7,8,8,11],"texture":"#layer0"},
				"west":{"uv":[7,8,8,11],"texture":"#layer0"},
				"up":{"uv":[7,8,8,9],"texture":"#layer0"},
				"down":{"uv":[7,10,8,11],"texture":"#layer0"}
			}
		},
		{
			"from":[8,6,7.5],
			"to":[9,9,8.5],
			"faces":{
				"north":{"uv":[8,7,9,10],"texture":"#layer0"},
				"east":{"uv":[8,7,9,10],"texture":"#layer0"},
				"south":{"uv":[8,7,9,10],"texture":"#layer0"},
				"west":{"uv":[8,7,9,10],"texture":"#layer0"},
				"up":{"uv":[8,7,9,8],"texture":"#layer0"},
				"down":{"uv":[8,9,9,10],"texture":"#layer0"}
			}
		},
		{
			"from":[9,7,7.5],
			"to":[10,10,8.5],
			"faces":{
				"north":{"uv":[9,6,10,9],"texture":"#layer0"},
				"east":{"uv":[9,6,10,9],"texture":"#layer0"},
				"south":{"uv":[9,6,10,9],"texture":"#layer0"},
				"west":{"uv":[9,6,10,9],"texture":"#layer0"},
				"up":{"uv":[9,6,10,7],"texture":"#layer0"},
				"down":{"uv":[9,8,10,9],"texture":"#layer0"}
			}
		},
		{
			"from":[10,8,7.5],
			"to":[11,11,8.5],
			"faces":{
				"north":{"uv":[10,5,11,8],"texture":"#layer0"},
				"east":{"uv":[10,5,11,8],"texture":"#layer0"},
				"south":{"uv":[10,5,11,8],"texture":"#layer0"},
				"west":{"uv":[10,5,11,8],"texture":"#layer0"},
				"up":{"uv":[10,5,11,6],"texture":"#layer0"},
				"down":{"uv":[10,7,11,8],"texture":"#layer0"}
			}
		},
		{
			"from":[11,9,7.5],
			"to":[12,12,8.5],
			"faces":{
				"north":{"uv":[11,4,12,7],"texture":"#layer0"},
				"east":{"uv":[11,4,12,7],"texture":"#layer0"},
				"south":{"uv":[11,4,12,7],"texture":"#layer0"},
				"west":{"uv":[11,4,12,7],"texture":"#layer0"},
				"up":{"uv":[11,4,12,5],"texture":"#layer0"},
				"down":{"uv":[11,6,12,7],"texture":"#layer0"}
			}
		},
		{
			"from":[12,10,7.5],
			"to":[13,13,8.5],
			"faces":{
				"north":{"uv":[12,3,13,6],"texture":"#layer0"},
				"east":{"uv":[12,3,13,6],"texture":"#layer0"},
				"south":{"uv":[12,3,13,6],"texture":"#layer0"},
				"west":{"uv":[12,3,13,6],"texture":"#layer0"},
				"up":{"uv":[12,3,13,4],"texture":"#layer0"},
				"down":{"uv":[12,5,13,6],"texture":"#layer0"}
			}
		},
		{
			"from":[13,11,7.5],
			"to":[14,12,8.5],
			"faces":{
				"north":{"uv":[13,4,14,5],"texture":"#layer0"},
				"east":{"uv":[13,4,14,5],"texture":"#layer0"},
				"south":{"uv":[13,4,14,5],"texture":"#layer0"},
				"down":{"uv":[13,4,14,5],"texture":"#layer0"}
			}
		},
		{
			"from":[13,12,7.5],
			"to":[15,14,8.5],
			"faces":{
				"north":{"uv":[15,2,13,4],"texture":"#layer0"},
				"east":{"uv":[14,2,15,4],"texture":"#layer0"},
				"south":{"uv":[13,2,15,4],"texture":"#layer0"},
				"west":{"uv":[13,2,14,4],"texture":"#layer0"},
				"up":{"uv":[13,2,15,3],"texture":"#layer0"},
				"down":{"uv":[13,3,15,4],"texture":"#layer0"}
			}
		}
	]
}