{
	"__comment":"Designed by GeForceLegend",
	"display":{
		"ground":{
			"rotation":[0,0,0],
			"translation":[0,3,0],
			"scale":[0.25,0.25,0.25]
		},
		"gui":{
			"rotation":[30,225,0],
			"scale":[0.45,0.45,0.45],
			"translation":[0,0,0]
		},
		"head":{
			"rotation":[0,180,0],
			"translation":[0,13,7],
			"scale":[0.5,0.5,0.5]
		},
		"thirdperson_righthand":{
			"rotation":[0,0,0],
			"translation":[0,3,1],
			"scale":[0.275,0.275,0.275]
		},
		"firstperson_righthand":{
			"rotation":[0,-90,25],
			"translation":[1.13,1.6,1.13],
			"scale":[0.34,0.34,0.34]
		},
		"fixed":{
			"rotation":[0,180,0],
			"translation":[0,0,0.5],
			"scale":[0.5,0.5,0.5]
		}
	}
}