{
	"__comment":"Designed by GeForceLegend",
	"ambientocclusion":false,
	"textures":{
		"0":"block/acacia_sapling",
		"particle":"block/acacia_sapling"
	},
	"elements":[
		{
			"from":[7,0,6],
			"to":[9,10,10],
			"rotation":{"angle":-45,"axis":"y","origin":[8,8,8]},
			"faces":{
				"north":{"uv":[8,6,10,16],"texture":"#0"},
				"east":{"uv":[6,6,10,16],"texture":"#0"},
				"south":{"uv":[6,6,8,16],"texture":"#0"},
				"west":{"uv":[10,6,6,16],"texture":"#0"},
				"up":{"uv":[9,4,7,8],"texture":"#0"},
				"down":{"uv":[7,12,9,16],"texture":"#0","cullface":"down"}
			}
		},
		{
			"from":[6,0,7],
			"to":[10,10,9],
			"rotation":{"angle":-45,"axis":"y","origin":[8,8,8]},
			"faces":{
				"north":{"uv":[10,6,6,16],"texture":"#0"},
				"east":{"uv":[8,6,10,16],"texture":"#0"},
				"south":{"uv":[6,6,10,16],"texture":"#0"},
				"west":{"uv":[6,6,8,16],"texture":"#0"},
				"up":{"uv":[10,5,6,7],"texture":"#0"},
				"down":{"uv":[6,13,10,15],"texture":"#0","cullface":"down"}
			}
		},
		{
			"from":[7.5,2,5],
			"to":[8.5,10,6],
			"rotation":{"angle":-45,"axis":"y","origin":[8,8,8]},
			"faces":{
				"north":{"uv":[10,6,11,14],"texture":"#0"},
				"east":{"uv":[10,6,11,14],"texture":"#0"},
				"west":{"uv":[10,6,11,14],"texture":"#0"},
				"down":{"uv":[10,13,11,14],"texture":"#0"}
			}
		},
		{
			"from":[7.5,5,4],
			"to":[8.5,6,5],
			"rotation":{"angle":-45,"axis":"y","origin":[8,8,8]},
			"faces":{
				"north":{"uv":[10,10,12,11],"texture":"#0"},
				"east":{"uv":[10,10,12,11],"texture":"#0"},
				"west":{"uv":[10,10,12,11],"texture":"#0"},
				"up":{"uv":[10,10,12,11],"texture":"#0"},
				"down":{"uv":[10,10,12,11],"texture":"#0"}
			}
		},
		{
			"from":[5,3,7.5],
			"to":[6,9,8.5],
			"rotation":{"angle":-45,"axis":"y","origin":[8,8,8]},
			"faces":{
				"north":{"uv":[10,8,11,14],"texture":"#0"},
				"south":{"uv":[10,8,11,14],"texture":"#0"},
				"west":{"uv":[10,8,11,14],"texture":"#0"},
				"down":{"uv":[10,13,11,14],"texture":"#0"}
			}
		},
		{
			"from":[4,5,7.5],
			"to":[5,7,8.5],
			"rotation":{"angle":-45,"axis":"y","origin":[8,8,8]},
			"faces":{
				"north":{"uv":[10,10,12,11],"texture":"#0"},
				"south":{"uv":[10,10,12,11],"texture":"#0"},
				"west":{"uv":[10,10,12,11],"texture":"#0"},
				"up":{"uv":[10,10,12,11],"texture":"#0"},
				"down":{"uv":[10,10,12,11],"texture":"#0"}
			}
		},
		{
			"from":[7.5,3,10],
			"to":[8.5,4,12],
			"rotation":{"angle":-45,"axis":"y","origin":[8,8,8]},
			"faces":{
				"east":{"uv":[4,12,6,13],"texture":"#0"},
				"south":{"uv":[4,12,5,13],"texture":"#0"},
				"west":{"uv":[6,12,4,13],"texture":"#0"},
				"down":{"uv":[6,12,4,13],"rotation":270,"texture":"#0"}
			}
		},
		{
			"from":[7,4,10],
			"to":[9,5,13],
			"rotation":{"angle":-45,"axis":"y","origin":[8,8,8]},
			"faces":{
				"east":{"uv":[3,11,6,12],"texture":"#0"},
				"south":{"uv":[3,11,4,12],"texture":"#0"},
				"west":{"uv":[6,11,3,12],"texture":"#0"},
				"up":{"uv":[6,2,3,4],"rotation":270,"texture":"#0"},
				"down":{"uv":[3,4,6,2],"rotation":270,"texture":"#0"}
			}
		},
		{
			"from":[10,3,7.5],
			"to":[12,4,8.5],
			"rotation":{"angle":-45,"axis":"y","origin":[8,8,8]},
			"faces":{
				"north":{"uv":[4,12,6,13],"texture":"#0"},
				"east":{"uv":[4,12,5,13],"texture":"#0"},
				"south":{"uv":[6,12,4,13],"texture":"#0"},
				"up":{"uv":[6,12,4,13],"texture":"#0"},
				"down":{"uv":[6,12,4,13],"texture":"#0"}
			}
		},
		{
			"from":[7.5,5,10],
			"to":[8.5,7,11],
			"rotation":{"angle":-45,"axis":"y","origin":[8,8,8]},
			"faces":{
				"east":{"uv":[5,9,6,11],"texture":"#0"},
				"south":{"uv":[5,9,6,11],"texture":"#0"},
				"west":{"uv":[5,9,6,11],"texture":"#0"}
			}
		},
		{
			"from":[10,4,7.5],
			"to":[11,8,8.5],
			"rotation":{"angle":-45,"axis":"y","origin":[8,8,8]},
			"faces":{
				"north":{"uv":[5,8,6,12],"texture":"#0"},
				"east":{"uv":[5,8,6,12],"texture":"#0"},
				"south":{"uv":[5,8,6,12],"texture":"#0"},
				"up":{"uv":[5,8,6,9],"texture":"#0"}
			}
		},
		{
			"from":[7.5,7,9],
			"to":[8.5,11,12],
			"rotation":{"angle":-45,"axis":"y","origin":[8,8,8]},
			"faces":{
				"east":{"uv":[4,5,7,9],"texture":"#0"},
				"south":{"uv":[4,5,5,9],"texture":"#0"},
				"west":{"uv":[7,5,4,9],"texture":"#0"},
				"down":{"uv":[4,8,5,9],"texture":"#0"}
			}
		},
		{
			"from":[6.5,8,9],
			"to":[9.5,9,12],
			"rotation":{"angle":-45,"axis":"y","origin":[8,8,8]},
			"faces":{
				"east":{"uv":[8,6,5,7],"texture":"#0"},
				"south":{"uv":[6,6,9,7],"texture":"#0"},
				"west":{"uv":[7,6,4,7],"texture":"#0"},
				"up":{"uv":[4,6,7,3],"texture":"#0"},
				"down":{"uv":[4,3,7,6],"texture":"#0"}
			}
		},
		{
			"from":[7.5,8,12],
			"to":[8.5,9,13],
			"rotation":{"angle":-45,"axis":"y","origin":[8,8,8]},
			"faces":{
				"east":{"uv":[3,7,4,8],"texture":"#0"},
				"south":{"uv":[3,7,4,8],"texture":"#0"},
				"west":{"uv":[3,7,4,8],"texture":"#0"},
				"up":{"uv":[3,7,4,8],"texture":"#0"},
				"down":{"uv":[3,7,4,8],"texture":"#0"}
			}
		},
		{
			"from":[7.5,11,9],
			"to":[8.5,12,13],
			"rotation":{"angle":-45,"axis":"y","origin":[8,8,8]},
			"faces":{
				"east":{"uv":[3,4,7,5],"texture":"#0"},
				"south":{"uv":[3,4,4,5],"texture":"#0"},
				"west":{"uv":[7,4,3,5],"texture":"#0"},
				"down":{"uv":[3,4,4,5],"texture":"#0"}
			}
		},
		{
			"from":[7.5,12,9],
			"to":[8.5,13,14],
			"rotation":{"angle":-45,"axis":"y","origin":[8,8,8]},
			"faces":{
				"east":{"uv":[2,3,7,4],"texture":"#0"},
				"south":{"uv":[3,4,4,5],"texture":"#0"},
				"west":{"uv":[2,3,7,4],"texture":"#0"},
				"up":{"uv":[2,3,7,4],"rotation":90,"texture":"#0"},
				"down":{"uv":[2,3,3,4],"texture":"#0"}
			}
		},
		{
			"from":[6.5,12,10],
			"to":[9.5,13,13],
			"rotation":{"angle":-45,"axis":"y","origin":[8,8,8]},
			"faces":{
				"north":{"uv":[5,3,6,4],"texture":"#0"},
				"east":{"uv":[3,3,6,4],"texture":"#0"},
				"south":{"uv":[3,3,4,4],"texture":"#0"},
				"west":{"uv":[3,3,6,4],"texture":"#0"},
				"up":{"uv":[6,3,3,4],"rotation":90,"texture":"#0"},
				"down":{"uv":[3,3,6,4],"rotation":90,"texture":"#0"}
			}
		},
		{
			"from":[7.5,13,10],
			"to":[8.5,14,13],
			"rotation":{"angle":-45,"axis":"y","origin":[8,8,8]},
			"faces":{
				"north":{"uv":[5,2,6,3],"texture":"#0"},
				"east":{"uv":[3,2,6,3],"texture":"#0"},
				"south":{"uv":[3,2,4,3],"texture":"#0"},
				"west":{"uv":[6,2,3,3],"texture":"#0"},
				"up":{"uv":[6,2,3,3],"rotation":90,"texture":"#0"}
			}
		},
		{
			"from":[7.5,14,11],
			"to":[8.5,15,12],
			"rotation":{"angle":-45,"axis":"y","origin":[8,8,8]},
			"faces":{
				"north":{"uv":[4,1,5,2],"texture":"#0"},
				"east":{"uv":[4,1,5,2],"texture":"#0"},
				"south":{"uv":[4,1,5,2],"texture":"#0"},
				"west":{"uv":[4,1,5,2],"texture":"#0"},
				"up":{"uv":[4,1,5,2],"texture":"#0"}
			}
		},
		{
			"from":[7,10,7],
			"to":[9,14,9],
			"rotation":{"angle":-45,"axis":"y","origin":[8,8,8]},
			"faces":{
				"north":{"uv":[7,2,9,6],"texture":"#0"},
				"east":{"uv":[7,2,9,6],"texture":"#0"},
				"south":{"uv":[7,2,9,6],"texture":"#0"},
				"west":{"uv":[7,2,9,6],"texture":"#0"},
				"up":{"uv":[4,1,5,2],"texture":"#0"}
			}
		},
		{
			"from":[9,9,7.5],
			"to":[11,11,8.5],
			"rotation":{"angle":-45,"axis":"y","origin":[8,8,8]},
			"faces":{
				"north":{"uv":[5,5,7,7],"texture":"#0"},
				"east":{"uv":[5,5,6,7],"texture":"#0"},
				"south":{"uv":[7,5,5,7],"texture":"#0"},
				"up":{"uv":[7,5,5,6],"texture":"#0"},
				"down":{"uv":[7,6,5,7],"texture":"#0"}
			}
		},
		{
			"from":[10,10,7],
			"to":[12,12,9],
			"rotation":{"angle":-45,"axis":"y","origin":[8,8,8]},
			"faces":{
				"north":{"uv":[3,2,5,4],"texture":"#0"},
				"east":{"uv":[3,2,5,4],"texture":"#0"},
				"south":{"uv":[3,2,5,4],"texture":"#0"},
				"west":{"uv":[3,2,5,4],"texture":"#0"},
				"up":{"uv":[3,2,5,4],"texture":"#0"},
				"down":{"uv":[3,2,5,4],"texture":"#0"}
			}
		},
		{
			"from":[11,9,8],
			"to":[13,11,10],
			"rotation":{"angle":-45,"axis":"y","origin":[8,8,8]},
			"faces":{
				"north":{"uv":[3,2,5,4],"texture":"#0"},
				"east":{"uv":[6,6,8,8],"texture":"#0"},
				"south":{"uv":[3,2,5,4],"texture":"#0"},
				"west":{"uv":[3,2,5,4],"texture":"#0"},
				"up":{"uv":[3,2,5,4],"texture":"#0"},
				"down":{"uv":[3,2,5,4],"texture":"#0"}
			}
		},
		{
			"from":[7.5,14,6],
			"to":[8.5,15,9],
			"rotation":{"angle":-45,"axis":"y","origin":[8,8,8]},
			"faces":{
				"north":{"uv":[9,1,10,2],"texture":"#0"},
				"east":{"uv":[7,1,10,2],"texture":"#0"},
				"south":{"uv":[7,1,8,2],"texture":"#0"},
				"west":{"uv":[10,1,7,2],"texture":"#0"},
				"up":{"uv":[10,1,7,2],"rotation":90,"texture":"#0"},
				"down":{"uv":[9,1,10,2],"texture":"#0"}
			}
		},
		{
			"from":[6.5,14,7],
			"to":[9.5,15,8],
			"rotation":{"angle":-45,"axis":"y","origin":[8,8,8]},
			"faces":{
				"north":{"uv":[10,1,7,2],"texture":"#0"},
				"east":{"uv":[9,1,10,2],"texture":"#0"},
				"south":{"uv":[7,1,10,2],"texture":"#0"},
				"west":{"uv":[7,1,8,2],"texture":"#0"},
				"up":{"uv":[10,1,7,2],"rotation":180,"texture":"#0"},
				"down":{"uv":[9,1,10,2],"rotation":270,"texture":"#0"}
			}
		},
		{
			"from":[7.5,15,7],
			"to":[8.5,16,8],
			"rotation":{"angle":-45,"axis":"y","origin":[8,8,8]},
			"faces":{
				"north":{"uv":[8,0,9,1],"texture":"#0"},
				"east":{"uv":[8,0,9,1],"texture":"#0"},
				"south":{"uv":[8,0,9,1],"texture":"#0"},
				"west":{"uv":[8,0,9,1],"texture":"#0"},
				"up":{"uv":[8,0,9,1],"texture":"#0","cullface":"up"}
			}
		},
		{
			"from":[7.5,7,4],
			"to":[8.5,11,5],
			"rotation":{"angle":-45,"axis":"y","origin":[8,8,8]},
			"faces":{
				"north":{"uv":[11,5,12,9],"texture":"#0"},
				"east":{"uv":[11,5,12,9],"texture":"#0"},
				"west":{"uv":[11,5,12,9],"texture":"#0"},
				"down":{"uv":[11,8,12,9],"texture":"#0"}
			}
		},
		{
			"from":[7,8,3],
			"to":[9,9,6],
			"rotation":{"angle":-45,"axis":"y","origin":[8,8,8]},
			"faces":{
				"north":{"uv":[11,8,12,9],"texture":"#0"},
				"east":{"uv":[10,7,13,8],"texture":"#0"},
				"west":{"uv":[13,7,10,8],"texture":"#0"},
				"up":{"uv":[3,4,6,2],"rotation":90,"texture":"#0"},
				"down":{"uv":[3,2,6,4],"rotation":90,"texture":"#0"}
			}
		},
		{
			"from":[7.5,8,2],
			"to":[8.5,9,3],
			"rotation":{"angle":-45,"axis":"y","origin":[8,8,8]},
			"faces":{
				"north":{"uv":[13,7,14,8],"texture":"#0"},
				"east":{"uv":[13,7,14,8],"texture":"#0"},
				"west":{"uv":[13,7,14,8],"texture":"#0"},
				"up":{"uv":[13,7,14,8],"texture":"#0"},
				"down":{"uv":[13,7,14,8],"texture":"#0"}
			}
		},
		{
			"from":[7.5,9,3],
			"to":[8.5,10,4],
			"rotation":{"angle":-45,"axis":"y","origin":[8,8,8]},
			"faces":{
				"north":{"uv":[12,6,13,7],"texture":"#0"},
				"east":{"uv":[12,6,13,7],"texture":"#0"},
				"west":{"uv":[12,6,13,7],"texture":"#0"},
				"up":{"uv":[12,6,13,7],"texture":"#0"}
			}
		},
		{
			"from":[7,10,5],
			"to":[9,11,7],
			"rotation":{"angle":-45,"axis":"y","origin":[8,8,8]},
			"faces":{
				"north":{"uv":[11,4,12,5],"texture":"#0"},
				"east":{"uv":[9,5,11,6],"texture":"#0"},
				"west":{"uv":[11,5,9,6],"texture":"#0"},
				"up":{"uv":[8,13,10,15],"rotation":90,"texture":"#0"},
				"down":{"uv":[7,8,9,10],"texture":"#0"}
			}
		},
		{
			"from":[7.5,11,2],
			"to":[8.5,12,7],
			"rotation":{"angle":-45,"axis":"y","origin":[8,8,8]},
			"faces":{
				"north":{"uv":[13,4,14,5],"texture":"#0"},
				"east":{"uv":[9,4,14,5],"texture":"#0"},
				"west":{"uv":[14,4,9,5],"texture":"#0"},
				"up":{"uv":[14,4,9,5],"rotation":90,"texture":"#0"},
				"down":{"uv":[9,4,14,5],"rotation":90,"texture":"#0"}
			}
		},
		{
			"from":[7.5,12,3],
			"to":[8.5,13,5],
			"rotation":{"angle":-45,"axis":"y","origin":[8,8,8]},
			"faces":{
				"north":{"uv":[12,3,13,4],"texture":"#0"},
				"east":{"uv":[11,3,13,4],"texture":"#0"},
				"west":{"uv":[13,3,11,4],"texture":"#0"},
				"up":{"uv":[12,3,13,4],"texture":"#0"}
			}
		},
		{
			"from":[6.5,12,5],
			"to":[9.5,13,7],
			"rotation":{"angle":-45,"axis":"y","origin":[8,8,8]},
			"faces":{
				"north":{"uv":[6,2,3,3],"texture":"#0"},
				"east":{"uv":[9,3,11,4],"texture":"#0"},
				"south":{"uv":[6,2,3,3],"texture":"#0"},
				"west":{"uv":[11,3,9,4],"texture":"#0"},
				"up":{"uv":[3,2,6,4],"texture":"#0"},
				"down":{"uv":[3,2,6,4],"texture":"#0"}
			}
		},
		{
			"from":[7.5,13,4],
			"to":[8.5,14,6],
			"rotation":{"angle":-45,"axis":"y","origin":[8,8,8]},
			"faces":{
				"north":{"uv":[11,2,12,3],"texture":"#0"},
				"east":{"uv":[10,2,12,3],"texture":"#0"},
				"south":{"uv":[10,2,11,3],"texture":"#0"},
				"west":{"uv":[12,2,10,3],"texture":"#0"},
				"up":{"uv":[12,2,10,3],"rotation":90,"texture":"#0"}
			}
		},
		{
			"from":[4,9,7.5],
			"to":[7,11,8.5],
			"rotation":{"angle":-45,"axis":"y","origin":[8,8,8]},
			"faces":{
				"north":{"uv":[9,5,12,7],"texture":"#0"},
				"south":{"uv":[12,5,9,7],"texture":"#0"},
				"west":{"uv":[11,5,12,7],"texture":"#0"},
				"up":{"uv":[12,5,9,6],"texture":"#0"},
				"down":{"uv":[11,6,12,7],"texture":"#0"}
			}
		},
		{
			"from":[4,11,7.5],
			"to":[6,12,8.5],
			"rotation":{"angle":-45,"axis":"y","origin":[8,8,8]},
			"faces":{
				"north":{"uv":[10,4,12,5],"texture":"#0"},
				"east":{"uv":[10,4,11,5],"texture":"#0"},
				"south":{"uv":[12,4,10,5],"texture":"#0"},
				"up":{"uv":[12,4,10,5],"texture":"#0"}
			}
		},
		{
			"from":[3,10,7],
			"to":[5,13,9],
			"rotation":{"angle":-45,"axis":"y","origin":[8,8,8]},
			"faces":{
				"north":{"uv":[3,2,6,4],"rotation":90,"texture":"#0"},
				"east":{"uv":[3,2,6,4],"rotation":90,"texture":"#0"},
				"south":{"uv":[3,2,6,4],"rotation":90,"texture":"#0"},
				"west":{"uv":[3,2,6,4],"rotation":90,"texture":"#0"},
				"up":{"uv":[3,2,5,4],"texture":"#0"},
				"down":{"uv":[3,2,5,4],"texture":"#0"}
			}
		},
		{
			"from":[4,13,7.5],
			"to":[5,14,8.5],
			"rotation":{"angle":-45,"axis":"y","origin":[8,8,8]},
			"faces":{
				"north":{"uv":[4,1,5,2],"texture":"#0"},
				"east":{"uv":[4,1,5,2],"texture":"#0"},
				"south":{"uv":[4,1,5,2],"texture":"#0"},
				"west":{"uv":[4,1,5,2],"texture":"#0"},
				"up":{"uv":[4,1,5,2],"texture":"#0"}
			}
		}
	]
}