{
	"__comment":"Designed by GeForceLegend",
	"ambientocclusion":false,
	"textures":{
		"cross":"block/azure_bluet",
		"particle":"block/azure_bluet"
	},
	"elements":[
		{
			"from":[7.5,0,7.5],
			"to":[8.5,4,8.5],
			"rotation":{"angle":-45,"axis":"y","origin":[8,7,8]},
			"faces":{
				"north":{"uv":[7,12,8,16],"texture":"#cross"},
				"east":{"uv":[7,12,8,16],"texture":"#cross"},
				"south":{"uv":[7,12,8,16],"texture":"#cross"},
				"west":{"uv":[7,12,8,16],"texture":"#cross"},
				"up":{"uv":[7,12,8,13],"texture":"#cross"},
				"down":{"uv":[7,15,8,16],"texture":"#cross","cullface":"down"}
			}
		},
		{
			"from":[9.5,6,8.5],
			"to":[10.5,10,9.5],
			"rotation":{"angle":-45,"axis":"y","origin":[8,7,8]},
			"faces":{
				"north":{"uv":[7,12,8,16],"texture":"#cross"},
				"east":{"uv":[7,12,8,16],"texture":"#cross"},
				"south":{"uv":[7,12,8,16],"texture":"#cross"},
				"west":{"uv":[7,12,8,16],"texture":"#cross"},
				"up":{"uv":[7,12,8,13],"texture":"#cross"},
				"down":{"uv":[7,15,8,16],"texture":"#cross"}
			}
		},
		{
			"from":[8.5,2,6.5],
			"to":[9.5,4,7.5],
			"rotation":{"angle":-45,"axis":"y","origin":[8,7,8]},
			"faces":{
				"north":{"uv":[8,13,9,15],"texture":"#cross"},
				"east":{"uv":[8,13,9,15],"texture":"#cross"},
				"south":{"uv":[8,13,9,15],"texture":"#cross"},
				"west":{"uv":[8,13,9,15],"texture":"#cross"},
				"down":{"uv":[8,14,9,15],"texture":"#cross"}
			}
		},
		{
			"from":[8.5,4,8.5],
			"to":[9.5,6,9.5],
			"rotation":{"angle":-45,"axis":"y","origin":[8,7,8]},
			"faces":{
				"north":{"uv":[6,12,7,10],"texture":"#cross"},
				"south":{"uv":[6,12,7,10],"texture":"#cross"},
				"west":{"uv":[6,12,7,10],"texture":"#cross"},
				"down":{"uv":[6,10,7,11],"texture":"#cross"}
			}
		},
		{
			"from":[8.5,5,10.5],
			"to":[9.5,7,11.5],
			"rotation":{"angle":-45,"axis":"y","origin":[8,7,8]},
			"faces":{
				"north":{"uv":[4,10,5,12],"texture":"#cross"},
				"east":{"uv":[4,10,5,12],"texture":"#cross"},
				"south":{"uv":[4,10,5,12],"texture":"#cross"},
				"west":{"uv":[4,10,5,12],"texture":"#cross"},
				"up":{"uv":[4,10,5,11],"texture":"#cross"}
			}
		},
		{
			"from":[10.5,9,7.5],
			"to":[11.5,10,8.5],
			"rotation":{"angle":-45,"axis":"y","origin":[8,7,8]},
			"faces":{
				"north":{"uv":[6,10,7,11],"texture":"#cross"},
				"south":{"uv":[6,10,7,11],"texture":"#cross"},
				"west":{"uv":[6,10,7,11],"texture":"#cross"},
				"up":{"uv":[6,10,7,11],"rotation":270,"texture":"#cross"},
				"down":{"uv":[6,10,7,11],"rotation":90,"texture":"#cross"}
			}
		},
		{
			"from":[10.5,6,6.5],
			"to":[12.5,7,7.5],
			"rotation":{"angle":-45,"axis":"y","origin":[8,7,8]},
			"faces":{
				"north":{"uv":[7,11,5,12],"texture":"#cross"},
				"south":{"uv":[5,11,7,12],"texture":"#cross"},
				"west":{"uv":[5,11,6,12],"texture":"#cross"},
				"up":{"uv":[5,11,7,12],"texture":"#cross"},
				"down":{"uv":[7,11,5,12],"rotation":180,"texture":"#cross"}
			}
		},
		{
			"from":[8.5,5,8.5],
			"to":[9.5,6,11.5],
			"rotation":{"angle":-45,"axis":"y","origin":[8,7,8]},
			"faces":{
				"east":{"uv":[4,11,7,12],"texture":"#cross"},
				"west":{"uv":[7,11,4,12],"texture":"#cross"},
				"up":{"uv":[7,11,4,12],"rotation":90,"texture":"#cross"},
				"down":{"uv":[4,11,7,12],"rotation":90,"texture":"#cross"}
			}
		},
		{
			"from":[8.5,3,5.5],
			"to":[9.5,4,7.5],
			"rotation":{"angle":-45,"axis":"y","origin":[8,7,8]},
			"faces":{
				"north":{"uv":[9,13,10,14],"texture":"#cross"},
				"east":{"uv":[9,13,10,14],"texture":"#cross"},
				"west":{"uv":[9,13,10,14],"texture":"#cross"},
				"up":{"uv":[9,13,10,14],"rotation":270,"texture":"#cross"},
				"down":{"uv":[9,13,10,14],"rotation":90,"texture":"#cross"}
			}
		},
		{
			"from":[8.5,4,4.5],
			"to":[9.5,5,5.5],
			"rotation":{"angle":-45,"axis":"y","origin":[8,7,8]},
			"faces":{
				"east":{"uv":[9,13,10,14],"texture":"#cross"},
				"south":{"uv":[9,13,10,14],"texture":"#cross"},
				"west":{"uv":[9,13,10,14],"texture":"#cross"},
				"up":{"uv":[9,13,10,14],"rotation":270,"texture":"#cross"},
				"down":{"uv":[9,13,10,14],"rotation":90,"texture":"#cross"}
			}
		},
		{
			"from":[9.5,4,6.5],
			"to":[10.5,6,7.5],
			"rotation":{"angle":-45,"axis":"y","origin":[8,7,8]},
			"faces":{
				"north":{"uv":[8,12,9,13],"texture":"#cross"},
				"east":{"uv":[8,12,9,13],"texture":"#cross"},
				"south":{"uv":[8,12,9,13],"texture":"#cross"},
				"west":{"uv":[8,12,9,13],"texture":"#cross"},
				"up":{"uv":[8,12,9,13],"rotation":270,"texture":"#cross"},
				"down":{"uv":[8,12,9,13],"rotation":90,"texture":"#cross"}
			}
		},
		{
			"from":[9.5,6,5.5],
			"to":[10.5,8,6.5],
			"rotation":{"angle":-45,"axis":"y","origin":[8,7,8]},
			"faces":{
				"north":{"uv":[8,12,9,13],"texture":"#cross"},
				"east":{"uv":[8,12,9,13],"texture":"#cross"},
				"south":{"uv":[8,12,9,13],"texture":"#cross"},
				"west":{"uv":[8,12,9,13],"texture":"#cross"},
				"up":{"uv":[8,12,9,13],"rotation":270,"texture":"#cross"},
				"down":{"uv":[8,12,9,13],"rotation":90,"texture":"#cross"}
			}
		},
		{
			"from":[8.5,4,3.5],
			"to":[9.5,7,4.5],
			"rotation":{"angle":-45,"axis":"y","origin":[8,7,8]},
			"faces":{
				"north":{"uv":[6,7,9,8],"rotation":90,"texture":"#cross"},
				"east":{"uv":[6,7,9,8],"rotation":90,"texture":"#cross"},
				"south":{"uv":[6,7,7,8],"texture":"#cross"},
				"west":{"uv":[6,7,9,8],"rotation":90,"texture":"#cross"},
				"up":{"uv":[8,7,9,8],"texture":"#cross"},
				"down":{"uv":[7,10,8,11],"texture":"#cross"}
			}
		},
		{
			"from":[9.5,7,4.5],
			"to":[10.5,10,5.5],
			"rotation":{"angle":-45,"axis":"y","origin":[8,7,8]},
			"faces":{
				"north":{"uv":[6,7,9,8],"rotation":90,"texture":"#cross"},
				"east":{"uv":[6,7,9,8],"rotation":90,"texture":"#cross"},
				"south":{"uv":[6,7,7,8],"texture":"#cross"},
				"west":{"uv":[6,7,9,8],"rotation":90,"texture":"#cross"},
				"up":{"uv":[8,7,9,8],"texture":"#cross"},
				"down":{"uv":[7,10,8,11],"texture":"#cross"}
			}
		},
		{
			"from":[12.5,5,6.5],
			"to":[13.5,8,7.5],
			"rotation":{"angle":-45,"axis":"y","origin":[8,7,8]},
			"faces":{
				"north":{"uv":[6,7,9,8],"rotation":90,"texture":"#cross"},
				"east":{"uv":[6,7,9,8],"rotation":90,"texture":"#cross"},
				"south":{"uv":[6,7,9,8],"rotation":90,"texture":"#cross"},
				"west":{"uv":[6,7,7,8],"texture":"#cross"},
				"up":{"uv":[8,7,9,8],"texture":"#cross"},
				"down":{"uv":[7,10,8,11],"texture":"#cross"}
			}
		},
		{
			"from":[9.5,2,8.5],
			"to":[10.5,5,9.5],
			"rotation":{"angle":-45,"axis":"y","origin":[8,7,8]},
			"faces":{
				"north":{"uv":[6,7,9,8],"rotation":90,"texture":"#cross"},
				"east":{"uv":[6,7,9,8],"rotation":90,"texture":"#cross"},
				"south":{"uv":[6,7,9,8],"rotation":90,"texture":"#cross"},
				"west":{"uv":[6,7,7,8],"texture":"#cross"},
				"up":{"uv":[8,7,9,8],"rotation":270,"texture":"#cross"},
				"down":{"uv":[7,10,8,11],"rotation":90,"texture":"#cross"}
			}
		},
		{
			"from":[9.5,9,9.5],
			"to":[10.5,12,10.5],
			"rotation":{"angle":-45,"axis":"y","origin":[8,7,8]},
			"faces":{
				"north":{"uv":[6,7,7,8],"texture":"#cross"},
				"east":{"uv":[6,7,9,8],"rotation":90,"texture":"#cross"},
				"south":{"uv":[6,7,9,8],"rotation":90,"texture":"#cross"},
				"west":{"uv":[6,7,9,8],"rotation":90,"texture":"#cross"},
				"up":{"uv":[8,7,9,8],"texture":"#cross"},
				"down":{"uv":[7,10,8,11],"texture":"#cross"}
			}
		},
		{
			"from":[8.5,6,11.5],
			"to":[9.5,9,12.5],
			"rotation":{"angle":-45,"axis":"y","origin":[8,7,8]},
			"faces":{
				"north":{"uv":[6,7,7,8],"texture":"#cross"},
				"east":{"uv":[6,7,9,8],"rotation":90,"texture":"#cross"},
				"south":{"uv":[6,7,9,8],"rotation":90,"texture":"#cross"},
				"west":{"uv":[6,7,9,8],"rotation":90,"texture":"#cross"},
				"up":{"uv":[8,7,9,8],"texture":"#cross"},
				"down":{"uv":[7,10,8,11],"texture":"#cross"}
			}
		},
		{
			"from":[11.5,9,7.5],
			"to":[12.5,12,8.5],
			"rotation":{"angle":-45,"axis":"y","origin":[8,7,8]},
			"faces":{
				"north":{"uv":[6,7,9,8],"rotation":90,"texture":"#cross"},
				"east":{"uv":[6,7,9,8],"rotation":90,"texture":"#cross"},
				"south":{"uv":[6,7,9,8],"rotation":90,"texture":"#cross"},
				"west":{"uv":[6,7,7,8],"texture":"#cross"},
				"up":{"uv":[8,7,9,8],"texture":"#cross"},
				"down":{"uv":[7,10,8,11],"texture":"#cross"}
			}
		},
		{
			"from":[3.5,9,7.5],
			"to":[4.5,12,8.5],
			"rotation":{"angle":-45,"axis":"y","origin":[8,7,8]},
			"faces":{
				"north":{"uv":[6,7,9,8],"rotation":90,"texture":"#cross"},
				"east":{"uv":[6,7,7,8],"texture":"#cross"},
				"south":{"uv":[6,7,9,8],"rotation":90,"texture":"#cross"},
				"west":{"uv":[6,7,9,8],"rotation":90,"texture":"#cross"},
				"up":{"uv":[8,7,9,8],"texture":"#cross"},
				"down":{"uv":[7,10,8,11],"texture":"#cross"}
			}
		},
		{
			"from":[6.5,6,3.5],
			"to":[7.5,9,4.5],
			"rotation":{"angle":-45,"axis":"y","origin":[8,7,8]},
			"faces":{
				"north":{"uv":[6,7,9,8],"rotation":90,"texture":"#cross"},
				"east":{"uv":[6,7,9,8],"rotation":90,"texture":"#cross"},
				"south":{"uv":[6,7,7,8],"texture":"#cross"},
				"west":{"uv":[6,7,9,8],"rotation":90,"texture":"#cross"},
				"up":{"uv":[8,7,9,8],"texture":"#cross"},
				"down":{"uv":[7,10,8,11],"texture":"#cross"}
			}
		},
		{
			"from":[5.5,7,3.5],
			"to":[8.5,8,4.5],
			"rotation":{"angle":-45,"axis":"y","origin":[8,7,8]},
			"faces":{
				"north":{"uv":[6,7,9,8],"texture":"#cross"},
				"east":{"uv":[6,7,7,8],"texture":"#cross"},
				"south":{"uv":[6,9,9,10],"texture":"#cross"},
				"west":{"uv":[8,7,9,8],"texture":"#cross"},
				"up":{"uv":[9,7,6,8],"texture":"#cross"},
				"down":{"uv":[9,7,6,8],"texture":"#cross"}
			}
		},
		{
			"from":[7.5,7,11.5],
			"to":[10.5,8,12.5],
			"rotation":{"angle":-45,"axis":"y","origin":[8,7,8]},
			"faces":{
				"north":{"uv":[6,9,9,10],"texture":"#cross"},
				"east":{"uv":[8,7,9,8],"texture":"#cross"},
				"south":{"uv":[6,7,9,8],"texture":"#cross"},
				"west":{"uv":[6,7,7,8],"texture":"#cross"},
				"up":{"uv":[9,7,6,8],"rotation":180,"texture":"#cross"},
				"down":{"uv":[9,7,6,8],"rotation":180,"texture":"#cross"}
			}
		},
		{
			"from":[4.5,10,5.5],
			"to":[7.5,11,6.5],
			"rotation":{"angle":-45,"axis":"y","origin":[8,7,8]},
			"faces":{
				"north":{"uv":[6,7,9,8],"texture":"#cross"},
				"east":{"uv":[6,7,7,8],"texture":"#cross"},
				"south":{"uv":[6,9,9,10],"texture":"#cross"},
				"west":{"uv":[8,7,9,8],"texture":"#cross"},
				"up":{"uv":[9,7,6,8],"texture":"#cross"},
				"down":{"uv":[9,7,6,8],"texture":"#cross"}
			}
		},
		{
			"from":[8.5,10,9.5],
			"to":[11.5,11,10.5],
			"rotation":{"angle":-45,"axis":"y","origin":[8,7,8]},
			"faces":{
				"north":{"uv":[6,9,9,10],"texture":"#cross"},
				"east":{"uv":[8,7,9,8],"texture":"#cross"},
				"south":{"uv":[6,7,9,8],"texture":"#cross"},
				"west":{"uv":[6,7,7,8],"texture":"#cross"},
				"up":{"uv":[9,7,6,8],"rotation":180,"texture":"#cross"},
				"down":{"uv":[9,7,6,8],"rotation":180,"texture":"#cross"}
			}
		},
		{
			"from":[8.5,8,4.5],
			"to":[11.5,9,5.5],
			"rotation":{"angle":-45,"axis":"y","origin":[8,7,8]},
			"faces":{
				"north":{"uv":[9,7,6,8],"texture":"#cross"},
				"east":{"uv":[9,7,8,8],"texture":"#cross"},
				"south":{"uv":[9,9,6,10],"texture":"#cross"},
				"west":{"uv":[7,7,6,8],"texture":"#cross"},
				"up":{"uv":[6,7,9,8],"texture":"#cross"},
				"down":{"uv":[6,7,9,8],"texture":"#cross"}
			}
		},
		{
			"from":[4.5,8,10.5],
			"to":[7.5,9,11.5],
			"rotation":{"angle":-45,"axis":"y","origin":[8,7,8]},
			"faces":{
				"north":{"uv":[9,9,6,10],"texture":"#cross"},
				"east":{"uv":[7,7,6,8],"texture":"#cross"},
				"south":{"uv":[9,7,6,8],"texture":"#cross"},
				"west":{"uv":[9,7,8,8],"texture":"#cross"},
				"up":{"uv":[6,7,9,8],"rotation":180,"texture":"#cross"},
				"down":{"uv":[6,7,9,8],"rotation":180,"texture":"#cross"}
			}
		},
		{
			"from":[7.5,5,3.5],
			"to":[10.5,6,4.5],
			"rotation":{"angle":-45,"axis":"y","origin":[8,7,8]},
			"faces":{
				"north":{"uv":[6,7,9,8],"texture":"#cross"},
				"east":{"uv":[6,7,7,8],"texture":"#cross"},
				"south":{"uv":[6,9,9,10],"texture":"#cross"},
				"west":{"uv":[8,7,9,8],"texture":"#cross"},
				"up":{"uv":[9,7,6,8],"texture":"#cross"},
				"down":{"uv":[9,7,6,8],"texture":"#cross"}
			}
		},
		{
			"from":[5.5,5,11.5],
			"to":[8.5,6,12.5],
			"rotation":{"angle":-45,"axis":"y","origin":[8,7,8]},
			"faces":{
				"north":{"uv":[6,9,9,10],"texture":"#cross"},
				"east":{"uv":[8,7,9,8],"texture":"#cross"},
				"south":{"uv":[6,7,9,8],"texture":"#cross"},
				"west":{"uv":[6,7,7,8],"texture":"#cross"},
				"up":{"uv":[9,7,6,8],"rotation":180,"texture":"#cross"},
				"down":{"uv":[9,7,6,8],"rotation":180,"texture":"#cross"}
			}
		},
		{
			"from":[9.5,3,7.5],
			"to":[10.5,4,10.5],
			"rotation":{"angle":-45,"axis":"y","origin":[8,7,8]},
			"faces":{
				"north":{"uv":[8,7,9,8],"texture":"#cross"},
				"east":{"uv":[6,7,9,8],"texture":"#cross"},
				"south":{"uv":[6,7,7,8],"texture":"#cross"},
				"west":{"uv":[6,9,9,10],"texture":"#cross"},
				"up":{"uv":[9,7,6,8],"rotation":90,"texture":"#cross"},
				"down":{"uv":[9,7,6,8],"rotation":270,"texture":"#cross"}
			}
		},
		{
			"from":[5.5,3,5.5],
			"to":[6.5,4,8.5],
			"rotation":{"angle":-45,"axis":"y","origin":[8,7,8]},
			"faces":{
				"north":{"uv":[6,7,7,8],"texture":"#cross"},
				"east":{"uv":[6,9,9,10],"texture":"#cross"},
				"south":{"uv":[8,7,9,8],"texture":"#cross"},
				"west":{"uv":[6,7,9,8],"texture":"#cross"},
				"up":{"uv":[9,7,6,8],"rotation":270,"texture":"#cross"},
				"down":{"uv":[9,7,6,8],"rotation":90,"texture":"#cross"}
			}
		},
		{
			"from":[12.5,6,5.5],
			"to":[13.5,7,8.5],
			"rotation":{"angle":-45,"axis":"y","origin":[8,7,8]},
			"faces":{
				"north":{"uv":[8,7,9,8],"texture":"#cross"},
				"east":{"uv":[6,7,9,8],"texture":"#cross"},
				"south":{"uv":[6,7,7,8],"texture":"#cross"},
				"west":{"uv":[6,9,9,10],"texture":"#cross"},
				"up":{"uv":[9,7,6,8],"rotation":90,"texture":"#cross"},
				"down":{"uv":[9,7,6,8],"rotation":270,"texture":"#cross"}
			}
		},
		{
			"from":[2.5,6,7.5],
			"to":[3.5,7,10.5],
			"rotation":{"angle":-45,"axis":"y","origin":[8,7,8]},
			"faces":{
				"north":{"uv":[6,7,7,8],"texture":"#cross"},
				"east":{"uv":[6,9,9,10],"texture":"#cross"},
				"south":{"uv":[8,7,9,8],"texture":"#cross"},
				"west":{"uv":[6,7,9,8],"texture":"#cross"},
				"up":{"uv":[9,7,6,8],"rotation":270,"texture":"#cross"},
				"down":{"uv":[9,7,6,8],"rotation":90,"texture":"#cross"}
			}
		},
		{
			"from":[11.5,10,6.5],
			"to":[12.5,11,9.5],
			"rotation":{"angle":-45,"axis":"y","origin":[8,7,8]},
			"faces":{
				"north":{"uv":[7,7,6,8],"texture":"#cross"},
				"east":{"uv":[9,7,6,8],"texture":"#cross"},
				"south":{"uv":[9,7,8,8],"texture":"#cross"},
				"west":{"uv":[9,9,6,10],"texture":"#cross"},
				"up":{"uv":[6,7,9,8],"rotation":90,"texture":"#cross"},
				"down":{"uv":[6,7,9,8],"rotation":270,"texture":"#cross"}
			}
		},
		{
			"from":[3.5,10,6.5],
			"to":[4.5,11,9.5],
			"rotation":{"angle":-45,"axis":"y","origin":[8,7,8]},
			"faces":{
				"north":{"uv":[9,7,8,8],"texture":"#cross"},
				"east":{"uv":[9,9,6,10],"texture":"#cross"},
				"south":{"uv":[7,7,6,8],"texture":"#cross"},
				"west":{"uv":[9,7,6,8],"texture":"#cross"},
				"up":{"uv":[6,7,9,8],"rotation":270,"texture":"#cross"},
				"down":{"uv":[6,7,9,8],"rotation":90,"texture":"#cross"}
			}
		},
		{
			"from":[5.5,9,5.5],
			"to":[6.5,12,6.5],
			"rotation":{"angle":-45,"axis":"y","origin":[8,7,8]},
			"faces":{
				"north":{"uv":[6,7,9,8],"rotation":90,"texture":"#cross"},
				"east":{"uv":[6,7,9,8],"rotation":90,"texture":"#cross"},
				"south":{"uv":[6,7,7,8],"texture":"#cross"},
				"west":{"uv":[6,7,9,8],"rotation":90,"texture":"#cross"},
				"up":{"uv":[8,7,9,8],"texture":"#cross"},
				"down":{"uv":[7,10,8,11],"rotation":90,"texture":"#cross"}
			}
		},
		{
			"from":[5.5,2,6.5],
			"to":[6.5,5,7.5],
			"rotation":{"angle":-45,"axis":"y","origin":[8,7,8]},
			"faces":{
				"north":{"uv":[6,7,9,8],"rotation":90,"texture":"#cross"},
				"east":{"uv":[6,7,7,8],"texture":"#cross"},
				"south":{"uv":[6,7,9,8],"rotation":90,"texture":"#cross"},
				"west":{"uv":[6,7,9,8],"rotation":90,"texture":"#cross"},
				"up":{"uv":[8,7,9,8],"texture":"#cross"},
				"down":{"uv":[7,10,8,11],"texture":"#cross"}
			}
		},
		{
			"from":[2.5,5,8.5],
			"to":[3.5,8,9.5],
			"rotation":{"angle":-45,"axis":"y","origin":[8,7,8]},
			"faces":{
				"north":{"uv":[6,7,9,8],"rotation":90,"texture":"#cross"},
				"east":{"uv":[6,7,7,8],"texture":"#cross"},
				"south":{"uv":[6,7,9,8],"rotation":90,"texture":"#cross"},
				"west":{"uv":[6,7,9,8],"rotation":90,"texture":"#cross"},
				"up":{"uv":[8,7,9,8],"texture":"#cross"},
				"down":{"uv":[7,10,8,11],"texture":"#cross"}
			}
		},
		{
			"from":[5.5,7,10.5],
			"to":[6.5,10,11.5],
			"rotation":{"angle":-45,"axis":"y","origin":[8,7,8]},
			"faces":{
				"north":{"uv":[6,7,7,8],"texture":"#cross"},
				"east":{"uv":[6,7,9,8],"rotation":90,"texture":"#cross"},
				"south":{"uv":[6,7,9,8],"rotation":90,"texture":"#cross"},
				"west":{"uv":[6,7,9,8],"rotation":90,"texture":"#cross"},
				"up":{"uv":[8,7,9,8],"texture":"#cross"},
				"down":{"uv":[7,10,8,11],"texture":"#cross"}
			}
		},
		{
			"from":[6.5,4,11.5],
			"to":[7.5,7,12.5],
			"rotation":{"angle":-45,"axis":"y","origin":[8,7,8]},
			"faces":{
				"north":{"uv":[6,7,7,8],"texture":"#cross"},
				"east":{"uv":[6,7,9,8],"rotation":90,"texture":"#cross"},
				"south":{"uv":[6,7,9,8],"rotation":90,"texture":"#cross"},
				"west":{"uv":[6,7,9,8],"rotation":90,"texture":"#cross"},
				"up":{"uv":[8,7,9,8],"texture":"#cross"},
				"down":{"uv":[7,10,8,11],"texture":"#cross"}
			}
		},
		{
			"from":[5.5,6,9.5],
			"to":[6.5,8,10.5],
			"rotation":{"angle":-45,"axis":"y","origin":[8,7,8]},
			"faces":{
				"north":{"uv":[8,12,9,13],"texture":"#cross"},
				"east":{"uv":[8,12,9,13],"texture":"#cross"},
				"south":{"uv":[8,12,9,13],"texture":"#cross"},
				"west":{"uv":[8,12,9,13],"texture":"#cross"},
				"up":{"uv":[8,12,9,13],"rotation":270,"texture":"#cross"},
				"down":{"uv":[8,12,9,13],"rotation":90,"texture":"#cross"}
			}
		},
		{
			"from":[5.5,4,8.5],
			"to":[6.5,6,9.5],
			"rotation":{"angle":-45,"axis":"y","origin":[8,7,8]},
			"faces":{
				"north":{"uv":[8,12,9,13],"texture":"#cross"},
				"east":{"uv":[8,12,9,13],"texture":"#cross"},
				"south":{"uv":[8,12,9,13],"texture":"#cross"},
				"west":{"uv":[8,12,9,13],"texture":"#cross"},
				"up":{"uv":[8,12,9,13],"rotation":270,"texture":"#cross"},
				"down":{"uv":[8,12,9,13],"rotation":90,"texture":"#cross"}
			}
		},
		{
			"from":[6.5,4,10.5],
			"to":[7.5,5,11.5],
			"rotation":{"angle":-45,"axis":"y","origin":[8,7,8]},
			"faces":{
				"north":{"uv":[9,13,10,14],"texture":"#cross"},
				"east":{"uv":[9,13,10,14],"texture":"#cross"},
				"west":{"uv":[9,13,10,14],"texture":"#cross"},
				"up":{"uv":[9,13,10,14],"rotation":270,"texture":"#cross"},
				"down":{"uv":[9,13,10,14],"rotation":90,"texture":"#cross"}
			}
		},
		{
			"from":[6.5,3,8.5],
			"to":[7.5,4,10.5],
			"rotation":{"angle":-45,"axis":"y","origin":[8,7,8]},
			"faces":{
				"east":{"uv":[9,13,10,14],"texture":"#cross"},
				"south":{"uv":[9,13,10,14],"texture":"#cross"},
				"west":{"uv":[9,13,10,14],"texture":"#cross"},
				"up":{"uv":[9,13,10,14],"texture":"#cross"},
				"down":{"uv":[9,13,10,14],"rotation":90,"texture":"#cross"}
			}
		},
		{
			"from":[6.5,5,4.5],
			"to":[7.5,6,7.5],
			"rotation":{"angle":-45,"axis":"y","origin":[8,7,8]},
			"faces":{
				"east":{"uv":[7,11,4,12],"texture":"#cross"},
				"west":{"uv":[4,11,7,12],"texture":"#cross"},
				"up":{"uv":[4,11,7,12],"rotation":90,"texture":"#cross"},
				"down":{"uv":[7,11,4,12],"rotation":90,"texture":"#cross"}
			}
		},
		{
			"from":[3.5,6,8.5],
			"to":[5.5,7,9.5],
			"rotation":{"angle":-45,"axis":"y","origin":[8,7,8]},
			"faces":{
				"north":{"uv":[5,11,7,12],"texture":"#cross"},
				"east":{"uv":[5,11,6,12],"texture":"#cross"},
				"south":{"uv":[7,11,5,12],"texture":"#cross"},
				"up":{"uv":[7,11,5,12],"texture":"#cross"},
				"down":{"uv":[5,11,7,12],"rotation":180,"texture":"#cross"}
			}
		},
		{
			"from":[4.5,9,7.5],
			"to":[5.5,10,8.5],
			"rotation":{"angle":-45,"axis":"y","origin":[8,7,8]},
			"faces":{
				"north":{"uv":[6,10,7,11],"texture":"#cross"},
				"east":{"uv":[6,10,7,11],"texture":"#cross"},
				"south":{"uv":[6,10,7,11],"texture":"#cross"},
				"up":{"uv":[6,10,7,11],"rotation":270,"texture":"#cross"},
				"down":{"uv":[6,10,7,11],"rotation":90,"texture":"#cross"}
			}
		},
		{
			"from":[6.5,5,4.5],
			"to":[7.5,7,5.5],
			"rotation":{"angle":-45,"axis":"y","origin":[8,7,8]},
			"faces":{
				"north":{"uv":[4,10,5,12],"texture":"#cross"},
				"east":{"uv":[4,10,5,12],"texture":"#cross"},
				"south":{"uv":[4,10,5,12],"texture":"#cross"},
				"west":{"uv":[4,10,5,12],"texture":"#cross"},
				"up":{"uv":[8,13,9,14],"rotation":270,"texture":"#cross"}
			}
		},
		{
			"from":[6.5,4,6.5],
			"to":[7.5,6,7.5],
			"rotation":{"angle":-45,"axis":"y","origin":[8,7,8]},
			"faces":{
				"north":{"uv":[6,12,7,10],"texture":"#cross"},
				"east":{"uv":[6,12,7,10],"texture":"#cross"},
				"south":{"uv":[6,12,7,10],"texture":"#cross"},
				"down":{"uv":[6,10,7,11],"texture":"#cross"}
			}
		},
		{
			"from":[6.5,2,8.5],
			"to":[7.5,4,9.5],
			"rotation":{"angle":-45,"axis":"y","origin":[8,7,8]},
			"faces":{
				"north":{"uv":[8,13,9,15],"texture":"#cross"},
				"east":{"uv":[8,13,9,15],"texture":"#cross"},
				"south":{"uv":[8,13,9,15],"texture":"#cross"},
				"west":{"uv":[8,13,9,15],"texture":"#cross"},
				"down":{"uv":[8,14,9,15],"rotation":90,"texture":"#cross"}
			}
		},
		{
			"from":[5.5,6,6.5],
			"to":[6.5,10,7.5],
			"rotation":{"angle":-45,"axis":"y","origin":[8,7,8]},
			"faces":{
				"north":{"uv":[7,12,8,16],"texture":"#cross"},
				"east":{"uv":[7,12,8,16],"texture":"#cross"},
				"south":{"uv":[7,12,8,16],"texture":"#cross"},
				"west":{"uv":[7,12,8,16],"texture":"#cross"},
				"up":{"uv":[7,12,8,13],"rotation":270,"texture":"#cross"},
				"down":{"uv":[7,15,8,16],"rotation":90,"texture":"#cross"}
			}
		}
	]
}