{
	"__comment":"Designed by GeForceLegend",
	"ambientocclusion":false,
	"textures":{
		"top":"block/barrel_top",
		"side":"block/barrel_side",
		"bottom":"block/barrel_bottom",
		"particle":"block/barrel_side"
	},
	"elements":[
		{
			"from":[0,0,0],
			"to":[16,16,16],
			"faces":{
				"north":{"uv":[0,0,16,16],"texture":"#side","cullface":"north"},
				"east":{"uv":[0,0,16,16],"texture":"#side","cullface":"east"},
				"south":{"uv":[0,0,16,16],"texture":"#side","cullface":"south"},
				"west":{"uv":[0,0,16,16],"texture":"#side","cullface":"west"},
				"up":{"uv":[0,0,16,16],"texture":"#top","cullface":"up"},
				"down":{"uv":[0,0,16,16],"texture":"#bottom","cullface":"down"}
			}
		},
		{
			"from":[3.01,16,8.01],
			"to":[4.99,16.9,9.99],
			"faces":{
				"north":{"uv":[5,9,3,8],"texture":"#top","cullface":"up"},
				"east":{"uv":[3,8,5,9],"texture":"#top","cullface":"up"},
				"south":{"uv":[3,9,5,10],"texture":"#top","cullface":"up"},
				"west":{"uv":[3,8,4,10],"texture":"#top","cullface":"up"},
				"up":{"uv":[3,8,5,10],"texture":"#top","cullface":"up"}
			}
		}
	],
	"display":{
		"gui":{
			"rotation":[30,225,0],
			"translation":[0,0,0],
			"scale":[0.625,0.625,0.625]
		},
		"ground":{
			"rotation":[0,0,0],
			"translation":[0,3,0],
			"scale":[0.25,0.25,0.25]
		},
		"fixed":{
			"rotation":[0,0,0],
			"translation":[0,0,0],
			"scale":[0.5,0.5,0.5]
		},
		"thirdperson_righthand":{
			"rotation":[75,45,0],
			"translation":[0,2.5,0],
			"scale":[0.375,0.375,0.375]
		},
		"firstperson_righthand":{
			"rotation":[0,45,0],
			"translation":[0,0,0],
			"scale":[0.40,0.40,0.40]
		},
		"firstperson_lefthand":{
			"rotation":[0,225,0],
			"translation":[0,0,0],
			"scale":[0.40,0.40,0.40]
		}
	}
}