{
	"__comment":"Designed by GeForceLegend",
	"ambientocclusion":false,
	"textures":{
		"0":"block/birch_sapling",
		"particle":"block/birch_sapling"
	},
	"elements":[
		{
			"from":[6.5,0,7.5],
			"to":[9.5,12,8.5],
			"rotation":{"angle":-45,"axis":"y","origin":[8,8,8]},
			"faces":{
				"north":{"uv":[10,4,7,16],"texture":"#0"},
				"east":{"uv":[9,4,10,16],"texture":"#0"},
				"south":{"uv":[7,4,10,16],"texture":"#0"},
				"west":{"uv":[7,4,8,16],"texture":"#0"},
				"up":{"uv":[7,4,10,5],"texture":"#0"},
				"down":{"uv":[7,15,10,16],"texture":"#0","cullface":"down"}
			}
		},
		{
			"from":[9.5,2,7.5],
			"to":[10.5,3,8.5],
			"rotation":{"angle":-45,"axis":"y","origin":[8,8,8]},
			"faces":{
				"north":{"uv":[10,13,11,14],"texture":"#0"},
				"east":{"uv":[10,13,11,14],"texture":"#0"},
				"south":{"uv":[10,13,11,14],"texture":"#0"},
				"up":{"uv":[10,13,11,14],"texture":"#0"},
				"down":{"uv":[10,13,11,14],"texture":"#0"}
			}
		},
		{
			"from":[9.5,4,7.5],
			"to":[10.5,14,8.5],
			"rotation":{"angle":-45,"axis":"y","origin":[8,8,8]},
			"faces":{
				"north":{"uv":[10,2,11,12],"texture":"#0"},
				"east":{"uv":[10,2,11,12],"texture":"#0"},
				"south":{"uv":[10,2,11,12],"texture":"#0"},
				"west":{"uv":[10,2,11,12],"texture":"#0"},
				"up":{"uv":[10,2,11,3],"texture":"#0"},
				"down":{"uv":[10,11,11,12],"texture":"#0"}
			}
		},
		{
			"from":[10.5,3,7.5],
			"to":[11.5,13,8.5],
			"rotation":{"angle":-45,"axis":"y","origin":[8,8,8]},
			"faces":{
				"north":{"uv":[11,3,12,13],"texture":"#0"},
				"east":{"uv":[11,3,12,13],"texture":"#0"},
				"south":{"uv":[11,3,12,13],"texture":"#0"},
				"west":{"uv":[11,3,12,13],"texture":"#0"},
				"up":{"uv":[11,3,12,4],"texture":"#0"},
				"down":{"uv":[11,12,12,13],"texture":"#0"}
			}
		},
		{
			"from":[9.5,6,6.5],
			"to":[10.5,9,9.5],
			"rotation":{"angle":-45,"axis":"y","origin":[8,8,8]},
			"faces":{
				"north":{"uv":[10,7,11,10],"texture":"#0"},
				"east":{"uv":[10,7,11,10],"texture":"#0"},
				"south":{"uv":[10,7,11,10],"texture":"#0"},
				"west":{"uv":[10,7,11,10],"texture":"#0"},
				"up":{"uv":[10,7,11,8],"texture":"#0"},
				"down":{"uv":[10,9,11,10],"texture":"#0"}
			}
		},
		{
			"from":[10.5,8,6.5],
			"to":[11.5,11,9.5],
			"rotation":{"angle":-45,"axis":"y","origin":[8,8,8]},
			"faces":{
				"north":{"uv":[11,5,12,8],"texture":"#0"},
				"east":{"uv":[11,5,12,8],"texture":"#0"},
				"south":{"uv":[11,5,12,8],"texture":"#0"},
				"west":{"uv":[11,5,12,8],"texture":"#0"},
				"up":{"uv":[11,5,12,6],"texture":"#0"},
				"down":{"uv":[11,7,12,8],"texture":"#0"}
			}
		},
		{
			"from":[11.5,6,7.5],
			"to":[12.5,10,8.5],
			"rotation":{"angle":-45,"axis":"y","origin":[8,8,8]},
			"faces":{
				"north":{"uv":[12,6,13,10],"texture":"#0"},
				"east":{"uv":[12,6,13,10],"texture":"#0"},
				"south":{"uv":[12,6,13,10],"texture":"#0"},
				"up":{"uv":[12,6,13,7],"texture":"#0"},
				"down":{"uv":[12,9,13,10],"texture":"#0"}
			}
		},
		{
			"from":[11.5,8,6.5],
			"to":[12.5,9,9.5],
			"rotation":{"angle":-45,"axis":"y","origin":[8,8,8]},
			"faces":{
				"north":{"uv":[12,7,13,8],"texture":"#0"},
				"east":{"uv":[12,7,13,8],"texture":"#0"},
				"south":{"uv":[12,7,13,8],"texture":"#0"},
				"up":{"uv":[12,7,13,8],"texture":"#0"},
				"down":{"uv":[12,7,13,8],"texture":"#0"}
			}
		},
		{
			"from":[10.5,5,6.5],
			"to":[11.5,6,9.5],
			"rotation":{"angle":-45,"axis":"y","origin":[8,8,8]},
			"faces":{
				"north":{"uv":[11,10,12,11],"texture":"#0"},
				"east":{"uv":[11,10,12,11],"texture":"#0"},
				"south":{"uv":[11,10,12,11],"texture":"#0"},
				"west":{"uv":[11,10,12,11],"texture":"#0"},
				"up":{"uv":[11,10,12,11],"texture":"#0"},
				"down":{"uv":[11,10,12,11],"texture":"#0"}
			}
		},
		{
			"from":[11.5,6,6.5],
			"to":[12.5,7,9.5],
			"rotation":{"angle":-45,"axis":"y","origin":[8,8,8]},
			"faces":{
				"north":{"uv":[12,9,13,10],"texture":"#0"},
				"east":{"uv":[12,9,13,10],"texture":"#0"},
				"south":{"uv":[12,9,13,10],"texture":"#0"},
				"west":{"uv":[12,9,13,10],"texture":"#0"},
				"up":{"uv":[12,9,13,10],"texture":"#0"},
				"down":{"uv":[12,9,13,10],"texture":"#0"}
			}
		},
		{
			"from":[12.5,5,7.5],
			"to":[13.5,8,8.5],
			"rotation":{"angle":-45,"axis":"y","origin":[8,8,8]},
			"faces":{
				"north":{"uv":[13,8,14,11],"texture":"#0"},
				"east":{"uv":[13,8,14,11],"texture":"#0"},
				"south":{"uv":[13,8,14,11],"texture":"#0"},
				"west":{"uv":[13,8,14,11],"texture":"#0"},
				"up":{"uv":[13,8,14,9],"texture":"#0"},
				"down":{"uv":[13,10,14,11],"texture":"#0"}
			}
		},
		{
			"from":[11.5,11,7.5],
			"to":[12.5,12,8.5],
			"rotation":{"angle":-45,"axis":"y","origin":[8,8,8]},
			"faces":{
				"north":{"uv":[12,4,13,5],"texture":"#0"},
				"east":{"uv":[12,4,13,5],"texture":"#0"},
				"south":{"uv":[12,4,13,5],"texture":"#0"},
				"up":{"uv":[12,4,13,5],"texture":"#0"},
				"down":{"uv":[12,4,13,5],"texture":"#0"}
			}
		},
		{
			"from":[9.5,11,6.5],
			"to":[10.5,13,9.5],
			"rotation":{"angle":-45,"axis":"y","origin":[8,8,8]},
			"faces":{
				"north":{"uv":[10,3,11,5],"texture":"#0"},
				"east":{"uv":[10,3,11,5],"texture":"#0"},
				"south":{"uv":[10,3,11,5],"texture":"#0"},
				"west":{"uv":[10,3,11,5],"texture":"#0"},
				"up":{"uv":[10,3,11,4],"texture":"#0"},
				"down":{"uv":[10,4,11,5],"texture":"#0"}
			}
		},
		{
			"from":[7.5,12,7.5],
			"to":[9.5,14,8.5],
			"rotation":{"angle":-45,"axis":"y","origin":[8,8,8]},
			"faces":{
				"north":{"uv":[10,2,8,4],"texture":"#0"},
				"south":{"uv":[8,2,10,4],"texture":"#0"},
				"west":{"uv":[8,2,9,4],"texture":"#0"},
				"up":{"uv":[8,2,10,3],"texture":"#0"}
			}
		},
		{
			"from":[6.5,13,7.5],
			"to":[8.5,15,8.5],
			"rotation":{"angle":-45,"axis":"y","origin":[8,8,8]},
			"faces":{
				"north":{"uv":[9,1,7,3],"texture":"#0"},
				"south":{"uv":[7,1,9,3],"texture":"#0"},
				"west":{"uv":[7,1,8,3],"texture":"#0"},
				"up":{"uv":[7,1,9,2],"texture":"#0"},
				"down":{"uv":[7,2,9,3],"texture":"#0"}
			}
		},
		{
			"from":[8.5,12,6.5],
			"to":[9.5,13,9.5],
			"rotation":{"angle":-45,"axis":"y","origin":[8,8,8]},
			"faces":{
				"north":{"uv":[9,3,10,4],"texture":"#0"},
				"south":{"uv":[9,3,10,4],"texture":"#0"},
				"west":{"uv":[9,3,10,4],"texture":"#0"},
				"up":{"uv":[9,3,10,4],"texture":"#0"},
				"down":{"uv":[9,3,10,4],"texture":"#0"}
			}
		},
		{
			"from":[5.5,2,7.5],
			"to":[6.5,13,8.5],
			"rotation":{"angle":-45,"axis":"y","origin":[8,8,8]},
			"faces":{
				"north":{"uv":[6,3,7,14],"texture":"#0"},
				"east":{"uv":[6,3,7,14],"texture":"#0"},
				"south":{"uv":[6,3,7,14],"texture":"#0"},
				"west":{"uv":[6,3,7,14],"texture":"#0"},
				"up":{"uv":[6,3,7,4],"texture":"#0"},
				"down":{"uv":[6,13,7,14],"texture":"#0"}
			}
		},
		{
			"from":[6.5,2,6.5],
			"to":[7.5,4,9.5],
			"rotation":{"angle":-45,"axis":"y","origin":[8,8,8]},
			"faces":{
				"north":{"uv":[7,12,8,14],"texture":"#0"},
				"south":{"uv":[7,12,8,14],"texture":"#0"},
				"west":{"uv":[7,12,8,14],"texture":"#0"},
				"up":{"uv":[7,12,8,13],"texture":"#0"},
				"down":{"uv":[7,13,8,14],"texture":"#0"}
			}
		},
		{
			"from":[4.5,4,7.5],
			"to":[5.5,8,8.5],
			"rotation":{"angle":-45,"axis":"y","origin":[8,8,8]},
			"faces":{
				"north":{"uv":[5,8,6,12],"texture":"#0"},
				"south":{"uv":[5,8,6,12],"texture":"#0"},
				"west":{"uv":[5,8,6,12],"texture":"#0"},
				"up":{"uv":[5,8,6,9],"texture":"#0"},
				"down":{"uv":[5,11,6,12],"texture":"#0"}
			}
		},
		{
			"from":[3.5,3,7.5],
			"to":[4.5,7,8.5],
			"rotation":{"angle":-45,"axis":"y","origin":[8,8,8]},
			"faces":{
				"north":{"uv":[4,9,5,13],"texture":"#0"},
				"south":{"uv":[4,9,5,13],"texture":"#0"},
				"west":{"uv":[4,9,5,13],"texture":"#0"},
				"up":{"uv":[4,9,5,10],"texture":"#0"},
				"down":{"uv":[4,12,5,13],"texture":"#0"}
			}
		},
		{
			"from":[2.5,4,7.5],
			"to":[3.5,5,8.5],
			"rotation":{"angle":-45,"axis":"y","origin":[8,8,8]},
			"faces":{
				"north":{"uv":[3,11,4,12],"texture":"#0"},
				"south":{"uv":[3,11,4,12],"texture":"#0"},
				"west":{"uv":[3,11,4,12],"texture":"#0"},
				"up":{"uv":[3,11,4,12],"texture":"#0"},
				"down":{"uv":[3,11,4,12],"texture":"#0"}
			}
		},
		{
			"from":[3.5,4,6.5],
			"to":[4.5,5,9.5],
			"rotation":{"angle":-45,"axis":"y","origin":[8,8,8]},
			"faces":{
				"north":{"uv":[4,11,5,12],"texture":"#0"},
				"east":{"uv":[4,11,5,12],"texture":"#0"},
				"south":{"uv":[4,11,5,12],"texture":"#0"},
				"west":{"uv":[4,11,5,12],"texture":"#0"},
				"up":{"uv":[4,11,5,12],"texture":"#0"},
				"down":{"uv":[4,11,5,12],"texture":"#0"}
			}
		},
		{
			"from":[4.5,5,6.5],
			"to":[6.5,7,9.5],
			"rotation":{"angle":-45,"axis":"y","origin":[8,8,8]},
			"faces":{
				"north":{"uv":[7,9,5,11],"texture":"#0"},
				"east":{"uv":[6,9,7,11],"texture":"#0"},
				"south":{"uv":[5,9,7,11],"texture":"#0"},
				"west":{"uv":[5,9,6,11],"texture":"#0"},
				"up":{"uv":[5,9,7,10],"texture":"#0"},
				"down":{"uv":[5,10,7,11],"texture":"#0"}
			}
		},
		{
			"from":[5.5,6,6.5],
			"to":[7.5,8,9.5],
			"rotation":{"angle":-45,"axis":"y","origin":[8,8,8]},
			"faces":{
				"north":{"uv":[8,8,6,10],"texture":"#0"},
				"south":{"uv":[6,8,8,10],"texture":"#0"},
				"west":{"uv":[6,8,7,10],"texture":"#0"},
				"up":{"uv":[6,8,8,9],"texture":"#0"},
				"down":{"uv":[6,9,8,10],"texture":"#0"}
			}
		},
		{
			"from":[4.5,11,7.5],
			"to":[5.5,13,8.5],
			"rotation":{"angle":-45,"axis":"y","origin":[8,8,8]},
			"faces":{
				"north":{"uv":[5,3,6,5],"texture":"#0"},
				"south":{"uv":[5,3,6,5],"texture":"#0"},
				"west":{"uv":[5,3,6,5],"texture":"#0"},
				"up":{"uv":[5,3,6,4],"texture":"#0"}
			}
		},
		{
			"from":[3.5,9,7.5],
			"to":[4.5,11,8.5],
			"rotation":{"angle":-45,"axis":"y","origin":[8,8,8]},
			"faces":{
				"north":{"uv":[4,5,5,7],"texture":"#0"},
				"east":{"uv":[4,5,5,7],"texture":"#0"},
				"south":{"uv":[4,5,5,7],"texture":"#0"},
				"west":{"uv":[4,5,5,7],"texture":"#0"},
				"up":{"uv":[4,5,5,6],"texture":"#0"},
				"down":{"uv":[4,6,5,7],"texture":"#0"}
			}
		},
		{
			"from":[6.5,8,6.5],
			"to":[7.5,9,9.5],
			"rotation":{"angle":-45,"axis":"y","origin":[8,8,8]},
			"faces":{
				"north":{"uv":[7,7,8,8],"texture":"#0"},
				"west":{"uv":[7,7,8,8],"texture":"#0"},
				"up":{"uv":[7,7,8,8],"texture":"#0"}
			}
		},
		{
			"from":[6.5,10,6.5],
			"to":[7.5,11,9.5],
			"rotation":{"angle":-45,"axis":"y","origin":[8,8,8]},
			"faces":{
				"north":{"uv":[7,5,8,6],"texture":"#0"},
				"up":{"uv":[7,5,8,6],"texture":"#0"},
				"down":{"uv":[7,5,8,6],"texture":"#0"}
			}
		},
		{
			"from":[5.5,11,6.5],
			"to":[6.5,12,9.5],
			"rotation":{"angle":-45,"axis":"y","origin":[8,8,8]},
			"faces":{
				"north":{"uv":[6,4,7,5],"texture":"#0"},
				"east":{"uv":[6,4,7,5],"texture":"#0"},
				"south":{"uv":[6,4,7,5],"texture":"#0"},
				"west":{"uv":[6,4,7,5],"texture":"#0"},
				"up":{"uv":[6,4,7,5],"texture":"#0"},
				"down":{"uv":[6,4,7,5],"texture":"#0"}
			}
		},
		{
			"from":[4.5,10,6.5],
			"to":[5.5,11,9.5],
			"rotation":{"angle":-45,"axis":"y","origin":[8,8,8]},
			"faces":{
				"north":{"uv":[5,5,6,6],"texture":"#0"},
				"east":{"uv":[5,5,6,6],"texture":"#0"},
				"south":{"uv":[5,5,6,6],"texture":"#0"},
				"west":{"uv":[5,5,6,6],"texture":"#0"},
				"up":{"uv":[5,5,6,6],"texture":"#0"},
				"down":{"uv":[5,5,6,6],"texture":"#0"}
			}
		},
		{
			"from":[6.5,10,10.5],
			"to":[9.5,11,11.5],
			"rotation":{"angle":-45,"axis":"y","origin":[8,8,8]},
			"faces":{
				"north":{"uv":[5,5,6,6],"texture":"#0"},
				"east":{"uv":[5,5,6,6],"texture":"#0"},
				"south":{"uv":[5,5,6,6],"texture":"#0"},
				"west":{"uv":[5,5,6,6],"texture":"#0"},
				"up":{"uv":[5,5,6,6],"rotation":270,"texture":"#0"},
				"down":{"uv":[5,5,6,6],"rotation":90,"texture":"#0"}
			}
		},
		{
			"from":[6.5,11,9.5],
			"to":[9.5,12,10.5],
			"rotation":{"angle":-45,"axis":"y","origin":[8,8,8]},
			"faces":{
				"north":{"uv":[6,4,7,5],"texture":"#0"},
				"east":{"uv":[6,4,7,5],"texture":"#0"},
				"south":{"uv":[6,4,7,5],"texture":"#0"},
				"west":{"uv":[6,4,7,5],"texture":"#0"},
				"up":{"uv":[6,4,7,5],"rotation":270,"texture":"#0"},
				"down":{"uv":[6,4,7,5],"rotation":90,"texture":"#0"}
			}
		},
		{
			"from":[6.5,10,8.5],
			"to":[9.5,11,9.5],
			"rotation":{"angle":-45,"axis":"y","origin":[8,8,8]},
			"faces":{
				"east":{"uv":[7,5,8,6],"texture":"#0"},
				"south":{"uv":[7,5,8,6],"texture":"#0"},
				"west":{"uv":[7,5,8,6],"texture":"#0"},
				"up":{"uv":[7,5,8,6],"rotation":270,"texture":"#0"},
				"down":{"uv":[7,5,8,6],"rotation":90,"texture":"#0"}
			}
		},
		{
			"from":[6.5,8,8.5],
			"to":[9.5,9,9.5],
			"rotation":{"angle":-45,"axis":"y","origin":[8,8,8]},
			"faces":{
				"east":{"uv":[7,7,8,8],"texture":"#0"},
				"south":{"uv":[7,7,8,8],"texture":"#0"},
				"up":{"uv":[7,7,8,8],"rotation":270,"texture":"#0"}
			}
		},
		{
			"from":[7.5,9,11.5],
			"to":[8.5,11,12.5],
			"rotation":{"angle":-45,"axis":"y","origin":[8,8,8]},
			"faces":{
				"north":{"uv":[4,5,5,7],"texture":"#0"},
				"east":{"uv":[4,5,5,7],"texture":"#0"},
				"south":{"uv":[4,5,5,7],"texture":"#0"},
				"west":{"uv":[4,5,5,7],"texture":"#0"},
				"up":{"uv":[4,5,5,6],"texture":"#0"},
				"down":{"uv":[4,6,5,7],"texture":"#0"}
			}
		},
		{
			"from":[7.5,11,10.5],
			"to":[8.5,13,11.5],
			"rotation":{"angle":-45,"axis":"y","origin":[8,8,8]},
			"faces":{
				"east":{"uv":[5,3,6,5],"texture":"#0"},
				"south":{"uv":[5,3,6,5],"texture":"#0"},
				"west":{"uv":[5,3,6,5],"texture":"#0"},
				"up":{"uv":[5,3,6,4],"texture":"#0"}
			}
		},
		{
			"from":[6.5,6,8.5],
			"to":[9.5,8,10.5],
			"rotation":{"angle":-45,"axis":"y","origin":[8,8,8]},
			"faces":{
				"east":{"uv":[6,8,8,10],"texture":"#0"},
				"south":{"uv":[6,8,7,10],"texture":"#0"},
				"west":{"uv":[8,8,6,10],"texture":"#0"},
				"up":{"uv":[6,8,8,9],"rotation":270,"texture":"#0"},
				"down":{"uv":[6,9,8,10],"rotation":90,"texture":"#0"}
			}
		},
		{
			"from":[6.5,5,9.5],
			"to":[9.5,7,11.5],
			"rotation":{"angle":-45,"axis":"y","origin":[8,8,8]},
			"faces":{
				"north":{"uv":[6,9,7,11],"texture":"#0"},
				"east":{"uv":[5,9,7,11],"texture":"#0"},
				"south":{"uv":[5,9,6,11],"texture":"#0"},
				"west":{"uv":[7,9,5,11],"texture":"#0"},
				"up":{"uv":[5,9,7,10],"rotation":270,"texture":"#0"},
				"down":{"uv":[5,10,7,11],"rotation":90,"texture":"#0"}
			}
		},
		{
			"from":[6.5,4,11.5],
			"to":[9.5,5,12.5],
			"rotation":{"angle":-45,"axis":"y","origin":[8,8,8]},
			"faces":{
				"north":{"uv":[4,11,5,12],"texture":"#0"},
				"east":{"uv":[4,11,5,12],"texture":"#0"},
				"south":{"uv":[4,11,5,12],"texture":"#0"},
				"west":{"uv":[4,11,5,12],"texture":"#0"},
				"up":{"uv":[4,11,5,12],"rotation":270,"texture":"#0"},
				"down":{"uv":[4,11,5,12],"rotation":90,"texture":"#0"}
			}
		},
		{
			"from":[7.5,4,12.5],
			"to":[8.5,5,13.5],
			"rotation":{"angle":-45,"axis":"y","origin":[8,8,8]},
			"faces":{
				"east":{"uv":[3,11,4,12],"texture":"#0"},
				"south":{"uv":[3,11,4,12],"texture":"#0"},
				"west":{"uv":[3,11,4,12],"texture":"#0"},
				"up":{"uv":[3,11,4,12],"rotation":270,"texture":"#0"},
				"down":{"uv":[3,11,4,12],"rotation":90,"texture":"#0"}
			}
		},
		{
			"from":[7.5,3,11.5],
			"to":[8.5,7,12.5],
			"rotation":{"angle":-45,"axis":"y","origin":[8,8,8]},
			"faces":{
				"east":{"uv":[4,9,5,13],"texture":"#0"},
				"south":{"uv":[4,9,5,13],"texture":"#0"},
				"west":{"uv":[4,9,5,13],"texture":"#0"},
				"up":{"uv":[4,9,5,10],"rotation":270,"texture":"#0"},
				"down":{"uv":[4,12,5,13],"rotation":90,"texture":"#0"}
			}
		},
		{
			"from":[7.5,4,10.5],
			"to":[8.5,8,11.5],
			"rotation":{"angle":-45,"axis":"y","origin":[8,8,8]},
			"faces":{
				"east":{"uv":[5,8,6,12],"texture":"#0"},
				"south":{"uv":[5,8,6,12],"texture":"#0"},
				"west":{"uv":[5,8,6,12],"texture":"#0"},
				"up":{"uv":[5,8,6,9],"rotation":270,"texture":"#0"},
				"down":{"uv":[5,11,6,12],"rotation":90,"texture":"#0"}
			}
		},
		{
			"from":[6.5,2,8.5],
			"to":[9.5,4,9.5],
			"rotation":{"angle":-45,"axis":"y","origin":[8,8,8]},
			"faces":{
				"east":{"uv":[7,12,8,14],"texture":"#0"},
				"south":{"uv":[7,12,8,14],"texture":"#0"},
				"west":{"uv":[7,12,8,14],"texture":"#0"},
				"up":{"uv":[7,12,8,13],"rotation":270,"texture":"#0"},
				"down":{"uv":[7,13,8,14],"rotation":90,"texture":"#0"}
			}
		},
		{
			"from":[7.5,2,9.5],
			"to":[8.5,13,10.5],
			"rotation":{"angle":-45,"axis":"y","origin":[8,8,8]},
			"faces":{
				"north":{"uv":[6,3,7,14],"texture":"#0"},
				"east":{"uv":[6,3,7,14],"texture":"#0"},
				"south":{"uv":[6,3,7,14],"texture":"#0"},
				"west":{"uv":[6,3,7,14],"texture":"#0"},
				"up":{"uv":[6,3,7,4],"rotation":270,"texture":"#0"},
				"down":{"uv":[6,13,7,14],"rotation":90,"texture":"#0"}
			}
		},
		{
			"from":[6.5,12,6.5],
			"to":[9.5,13,7.5],
			"rotation":{"angle":-45,"axis":"y","origin":[8,8,8]},
			"faces":{
				"east":{"uv":[9,3,10,4],"texture":"#0"},
				"south":{"uv":[9,3,10,4],"texture":"#0"},
				"west":{"uv":[9,3,10,4],"texture":"#0"},
				"up":{"uv":[9,3,10,4],"rotation":270,"texture":"#0"},
				"down":{"uv":[9,3,10,4],"rotation":90,"texture":"#0"}
			}
		},
		{
			"from":[7.5,15,7.5],
			"to":[8.5,16,8.5],
			"rotation":{"angle":-45,"axis":"y","origin":[8,8,8]},
			"faces":{
				"north":{"uv":[8,0,9,1],"texture":"#0"},
				"east":{"uv":[8,0,9,1],"texture":"#0"},
				"south":{"uv":[8,0,9,1],"texture":"#0"},
				"west":{"uv":[8,0,9,1],"texture":"#0"},
				"up":{"uv":[8,0,9,1],"texture":"#0","cullface":"up"}
			}
		},
		{
			"from":[7.5,13,7.5],
			"to":[8.5,15,9.5],
			"rotation":{"angle":-45,"axis":"y","origin":[8,8,8]},
			"faces":{
				"east":{"uv":[7,1,9,3],"texture":"#0"},
				"south":{"uv":[7,1,8,3],"texture":"#0"},
				"west":{"uv":[9,1,7,3],"texture":"#0"},
				"up":{"uv":[7,1,9,2],"rotation":270,"texture":"#0"},
				"down":{"uv":[7,2,9,3],"rotation":90,"texture":"#0"}
			}
		},
		{
			"from":[7.5,12,6.5],
			"to":[8.5,14,8.5],
			"rotation":{"angle":-45,"axis":"y","origin":[8,8,8]},
			"faces":{
				"east":{"uv":[8,2,10,4],"texture":"#0"},
				"south":{"uv":[8,2,9,4],"texture":"#0"},
				"west":{"uv":[10,2,8,4],"texture":"#0"},
				"up":{"uv":[8,2,10,3],"rotation":270,"texture":"#0"}
			}
		},
		{
			"from":[6.5,11,5.5],
			"to":[9.5,13,6.5],
			"rotation":{"angle":-45,"axis":"y","origin":[8,8,8]},
			"faces":{
				"north":{"uv":[10,3,11,5],"texture":"#0"},
				"east":{"uv":[10,3,11,5],"texture":"#0"},
				"south":{"uv":[10,3,11,5],"texture":"#0"},
				"west":{"uv":[10,3,11,5],"texture":"#0"},
				"up":{"uv":[10,3,11,4],"texture":"#0"},
				"down":{"uv":[10,4,11,5],"texture":"#0"}
			}
		},
		{
			"from":[7.5,11,3.5],
			"to":[8.5,12,4.5],
			"rotation":{"angle":-45,"axis":"y","origin":[8,8,8]},
			"faces":{
				"north":{"uv":[12,4,13,5],"texture":"#0"},
				"east":{"uv":[12,4,13,5],"texture":"#0"},
				"west":{"uv":[12,4,13,5],"texture":"#0"},
				"up":{"uv":[12,4,13,5],"texture":"#0"},
				"down":{"uv":[12,4,13,5],"texture":"#0"}
			}
		},
		{
			"from":[7.5,5,2.5],
			"to":[8.5,8,3.5],
			"rotation":{"angle":-45,"axis":"y","origin":[8,8,8]},
			"faces":{
				"north":{"uv":[13,8,14,11],"texture":"#0"},
				"east":{"uv":[13,8,14,11],"texture":"#0"},
				"south":{"uv":[13,8,14,11],"texture":"#0"},
				"west":{"uv":[13,8,14,11],"texture":"#0"},
				"up":{"uv":[13,8,14,9],"texture":"#0"},
				"down":{"uv":[13,10,14,11],"texture":"#0"}
			}
		},
		{
			"from":[6.5,6,3.5],
			"to":[9.5,7,4.5],
			"rotation":{"angle":-45,"axis":"y","origin":[8,8,8]},
			"faces":{
				"north":{"uv":[12,9,13,10],"texture":"#0"},
				"east":{"uv":[12,9,13,10],"texture":"#0"},
				"south":{"uv":[12,9,13,10],"texture":"#0"},
				"west":{"uv":[12,9,13,10],"texture":"#0"},
				"up":{"uv":[12,9,13,10],"texture":"#0"},
				"down":{"uv":[12,9,13,10],"texture":"#0"}
			}
		},
		{
			"from":[6.5,5,4.5],
			"to":[9.5,6,5.5],
			"rotation":{"angle":-45,"axis":"y","origin":[8,8,8]},
			"faces":{
				"north":{"uv":[11,10,12,11],"texture":"#0"},
				"east":{"uv":[11,10,12,11],"texture":"#0"},
				"south":{"uv":[11,10,12,11],"texture":"#0"},
				"west":{"uv":[11,10,12,11],"texture":"#0"},
				"up":{"uv":[11,10,12,11],"texture":"#0"},
				"down":{"uv":[11,10,12,11],"texture":"#0"}
			}
		},
		{
			"from":[6.5,8,3.5],
			"to":[9.5,9,4.5],
			"rotation":{"angle":-45,"axis":"y","origin":[8,8,8]},
			"faces":{
				"north":{"uv":[12,7,13,8],"texture":"#0"},
				"east":{"uv":[12,7,13,8],"texture":"#0"},
				"west":{"uv":[12,7,13,8],"texture":"#0"},
				"up":{"uv":[12,7,13,8],"texture":"#0"},
				"down":{"uv":[12,7,13,8],"texture":"#0"}
			}
		},
		{
			"from":[7.5,6,3.5],
			"to":[8.5,10,4.5],
			"rotation":{"angle":-45,"axis":"y","origin":[8,8,8]},
			"faces":{
				"north":{"uv":[12,6,13,10],"texture":"#0"},
				"east":{"uv":[12,6,13,10],"texture":"#0"},
				"west":{"uv":[12,6,13,10],"texture":"#0"},
				"up":{"uv":[12,6,13,7],"texture":"#0"},
				"down":{"uv":[12,9,13,10],"texture":"#0"}
			}
		},
		{
			"from":[6.5,8,4.5],
			"to":[9.5,11,5.5],
			"rotation":{"angle":-45,"axis":"y","origin":[8,8,8]},
			"faces":{
				"north":{"uv":[11,5,12,8],"texture":"#0"},
				"east":{"uv":[11,5,12,8],"texture":"#0"},
				"south":{"uv":[11,5,12,8],"texture":"#0"},
				"west":{"uv":[11,5,12,8],"texture":"#0"},
				"up":{"uv":[11,5,12,6],"texture":"#0"},
				"down":{"uv":[11,7,12,8],"texture":"#0"}
			}
		},
		{
			"from":[6.5,6,5.5],
			"to":[9.5,9,6.5],
			"rotation":{"angle":-45,"axis":"y","origin":[8,8,8]},
			"faces":{
				"north":{"uv":[10,7,11,10],"texture":"#0"},
				"east":{"uv":[10,7,11,10],"texture":"#0"},
				"south":{"uv":[10,7,11,10],"texture":"#0"},
				"west":{"uv":[10,7,11,10],"texture":"#0"},
				"up":{"uv":[10,7,11,8],"texture":"#0"},
				"down":{"uv":[10,9,11,10],"texture":"#0"}
			}
		},
		{
			"from":[7.5,3,4.5],
			"to":[8.5,13,5.5],
			"rotation":{"angle":-45,"axis":"y","origin":[8,8,8]},
			"faces":{
				"north":{"uv":[11,3,12,13],"texture":"#0"},
				"east":{"uv":[11,3,12,13],"texture":"#0"},
				"south":{"uv":[11,3,12,13],"texture":"#0"},
				"west":{"uv":[11,3,12,13],"texture":"#0"},
				"up":{"uv":[11,3,12,4],"texture":"#0"},
				"down":{"uv":[11,12,12,13],"texture":"#0"}
			}
		},
		{
			"from":[7.5,4,5.5],
			"to":[8.5,14,6.5],
			"rotation":{"angle":-45,"axis":"y","origin":[8,8,8]},
			"faces":{
				"north":{"uv":[10,2,11,12],"texture":"#0"},
				"east":{"uv":[10,2,11,12],"texture":"#0"},
				"south":{"uv":[10,2,11,12],"texture":"#0"},
				"west":{"uv":[10,2,11,12],"texture":"#0"},
				"up":{"uv":[10,2,11,3],"texture":"#0"},
				"down":{"uv":[10,11,11,12],"texture":"#0"}
			}
		},
		{
			"from":[7.5,2,5.5],
			"to":[8.5,3,6.5],
			"rotation":{"angle":-45,"axis":"y","origin":[8,8,8]},
			"faces":{
				"north":{"uv":[10,13,11,14],"texture":"#0"},
				"east":{"uv":[10,13,11,14],"texture":"#0"},
				"west":{"uv":[10,13,11,14],"texture":"#0"},
				"up":{"uv":[10,13,11,14],"texture":"#0"},
				"down":{"uv":[10,13,11,14],"texture":"#0"}
			}
		},
		{
			"from":[7.5,0,6.5],
			"to":[8.5,12,9.5],
			"rotation":{"angle":-45,"axis":"y","origin":[8,8,8]},
			"faces":{
				"north":{"uv":[9,4,10,16],"texture":"#0"},
				"east":{"uv":[7,4,10,16],"texture":"#0"},
				"south":{"uv":[7,4,8,16],"texture":"#0"},
				"west":{"uv":[10,4,7,16],"texture":"#0"},
				"up":{"uv":[7,4,10,5],"rotation":270,"texture":"#0"},
				"down":{"uv":[7,15,10,16],"rotation":90,"texture":"#0","cullface":"down"}
			}
		}
	]
}