{
	"__comment":"Designed by GeForceLegend",
	"ambientocclusion":false,
	"textures":{
		"cross":"block/blue_orchid",
		"particle":"block/blue_orchid"
	},
	"elements":[
		{
			"from":[7.5,0,7.5],
			"to":[8.5,3,8.5],
			"rotation":{"angle":-45,"axis":"y","origin":[8,8,8]},
			"faces":{
				"north":{"uv":[8,13,9,16],"texture":"#cross"},
				"east":{"uv":[8,13,9,16],"texture":"#cross"},
				"south":{"uv":[8,13,9,16],"texture":"#cross"},
				"west":{"uv":[8,13,9,16],"texture":"#cross"},
				"down":{"uv":[8,15,9,16],"texture":"#cross","cullface":"down"}
			}
		},
		{
			"from":[7.5,3,7.5],
			"to":[8.5,6,8.5],
			"rotation":{"angle":-45,"axis":"y","origin":[8,8,8]},
			"faces":{
				"north":{"uv":[8,16,9,13],"texture":"#cross"},
				"east":{"uv":[8,16,9,13],"texture":"#cross"},
				"south":{"uv":[8,16,9,13],"texture":"#cross"},
				"west":{"uv":[8,16,9,13],"texture":"#cross"}
			}
		},
		{
			"from":[7.5,6,7.5],
			"to":[8.5,8,8.5],
			"rotation":{"angle":-45,"axis":"y","origin":[8,8,8]},
			"faces":{
				"north":{"uv":[8,14,9,16],"texture":"#cross"},
				"east":{"uv":[8,14,9,16],"texture":"#cross"},
				"south":{"uv":[8,14,9,16],"texture":"#cross"},
				"west":{"uv":[8,14,9,16],"texture":"#cross"},
				"up":{"uv":[8,8,9,9],"texture":"#cross"}
			}
		},
		{
			"from":[6.5,1,7.5],
			"to":[7.5,2,8.5],
			"rotation":{"angle":-45,"axis":"y","origin":[8,8,8]},
			"faces":{
				"north":{"uv":[9,14,10,15],"texture":"#cross"},
				"south":{"uv":[9,14,10,15],"texture":"#cross"},
				"west":{"uv":[9,14,10,15],"texture":"#cross"},
				"up":{"uv":[9,14,10,15],"texture":"#cross"},
				"down":{"uv":[9,14,10,15],"texture":"#cross"}
			}
		},
		{
			"from":[7.5,2,8.5],
			"to":[8.5,4,9.5],
			"rotation":{"angle":-45,"axis":"y","origin":[8,8,8]},
			"faces":{
				"east":{"uv":[7,12,8,14],"texture":"#cross"},
				"south":{"uv":[7,12,8,14],"texture":"#cross"},
				"west":{"uv":[7,12,8,14],"texture":"#cross"},
				"up":{"uv":[7,12,8,13],"texture":"#cross"},
				"down":{"uv":[7,13,8,14],"texture":"#cross"}
			}
		},
		{
			"from":[7.5,3,9.5],
			"to":[8.5,5,10.5],
			"rotation":{"angle":-45,"axis":"y","origin":[8,8,8]},
			"faces":{
				"north":{"uv":[6,11,7,13],"texture":"#cross"},
				"east":{"uv":[6,11,7,13],"texture":"#cross"},
				"south":{"uv":[6,11,7,13],"texture":"#cross"},
				"west":{"uv":[6,11,7,13],"texture":"#cross"},
				"up":{"uv":[6,11,7,12],"texture":"#cross"},
				"down":{"uv":[6,12,7,13],"texture":"#cross"}
			}
		},
		{
			"from":[7.5,5,10.5],
			"to":[8.5,6,12.5],
			"rotation":{"angle":-45,"axis":"y","origin":[8,8,8]},
			"faces":{
				"north":{"uv":[5,10,6,11],"texture":"#cross"},
				"east":{"uv":[4,10,6,11],"texture":"#cross"},
				"south":{"uv":[3,10,4,11],"texture":"#cross"},
				"west":{"uv":[6,10,4,11],"texture":"#cross"},
				"up":{"uv":[4,10,6,11],"rotation":270,"texture":"#cross"},
				"down":{"uv":[4,10,6,11],"rotation":90,"texture":"#cross"}
			}
		},
		{
			"from":[8.5,5,12.5],
			"to":[9.5,6,13.5],
			"rotation":{"angle":-45,"axis":"y","origin":[8,8,8]},
			"faces":{
				"north":{"uv":[4,10,5,11],"texture":"#cross"},
				"east":{"uv":[4,10,5,11],"texture":"#cross"},
				"south":{"uv":[4,10,5,11],"texture":"#cross"},
				"west":{"uv":[4,10,5,11],"texture":"#cross"},
				"up":{"uv":[4,10,5,11],"texture":"#cross"},
				"down":{"uv":[4,10,5,11],"texture":"#cross"}
			}
		},
		{
			"from":[6.5,5,12.5],
			"to":[7.5,6,13.5],
			"rotation":{"angle":-45,"axis":"y","origin":[8,8,8]},
			"faces":{
				"north":{"uv":[2,10,3,11],"texture":"#cross"},
				"east":{"uv":[2,10,3,11],"texture":"#cross"},
				"south":{"uv":[2,10,3,11],"texture":"#cross"},
				"west":{"uv":[2,10,3,11],"texture":"#cross"},
				"up":{"uv":[2,10,3,11],"texture":"#cross"},
				"down":{"uv":[2,10,3,11],"texture":"#cross"}
			}
		},
		{
			"from":[7.5,6,12.5],
			"to":[8.5,7,13.5],
			"rotation":{"angle":-45,"axis":"y","origin":[8,8,8]},
			"faces":{
				"north":{"uv":[3,9,4,10],"texture":"#cross"},
				"east":{"uv":[3,9,4,10],"texture":"#cross"},
				"south":{"uv":[3,9,4,10],"texture":"#cross"},
				"west":{"uv":[3,9,4,10],"texture":"#cross"},
				"up":{"uv":[3,9,4,10],"texture":"#cross"},
				"down":{"uv":[3,9,4,10],"texture":"#cross"}
			}
		},
		{
			"from":[7.5,4,12.5],
			"to":[8.5,5,13.5],
			"rotation":{"angle":-45,"axis":"y","origin":[8,8,8]},
			"faces":{
				"north":{"uv":[3,11,4,12],"texture":"#cross"},
				"east":{"uv":[3,11,4,12],"texture":"#cross"},
				"south":{"uv":[3,11,4,12],"texture":"#cross"},
				"west":{"uv":[3,11,4,12],"texture":"#cross"},
				"up":{"uv":[3,11,4,12],"texture":"#cross"},
				"down":{"uv":[3,11,4,12],"texture":"#cross"}
			}
		},
		{
			"from":[7.5,3,6.5],
			"to":[8.5,5,7.5],
			"rotation":{"angle":-45,"axis":"y","origin":[8,8,8]},
			"faces":{
				"north":{"uv":[7,12,8,14],"texture":"#cross"},
				"east":{"uv":[7,12,8,14],"texture":"#cross"},
				"west":{"uv":[7,12,8,14],"texture":"#cross"},
				"up":{"uv":[7,12,8,13],"texture":"#cross"},
				"down":{"uv":[7,13,8,14],"texture":"#cross"}
			}
		},
		{
			"from":[7.5,4,5.5],
			"to":[8.5,6,6.5],
			"rotation":{"angle":-45,"axis":"y","origin":[8,8,8]},
			"faces":{
				"north":{"uv":[6,11,7,13],"texture":"#cross"},
				"east":{"uv":[6,11,7,13],"texture":"#cross"},
				"south":{"uv":[6,11,7,13],"texture":"#cross"},
				"west":{"uv":[6,11,7,13],"texture":"#cross"},
				"up":{"uv":[6,11,7,12],"texture":"#cross"},
				"down":{"uv":[6,12,7,13],"texture":"#cross"}
			}
		},
		{
			"from":[7.5,6,3.5],
			"to":[8.5,7,5.5],
			"rotation":{"angle":-45,"axis":"y","origin":[8,8,8]},
			"faces":{
				"north":{"uv":[3,10,4,11],"texture":"#cross"},
				"east":{"uv":[6,10,4,11],"texture":"#cross"},
				"south":{"uv":[5,10,6,11],"texture":"#cross"},
				"west":{"uv":[4,10,6,11],"texture":"#cross"},
				"up":{"uv":[6,10,4,11],"rotation":270,"texture":"#cross"},
				"down":{"uv":[6,10,4,11],"rotation":90,"texture":"#cross"}
			}
		},
		{
			"from":[6.5,6,2.5],
			"to":[7.5,7,3.5],
			"rotation":{"angle":-45,"axis":"y","origin":[8,8,8]},
			"faces":{
				"north":{"uv":[4,10,5,11],"texture":"#cross"},
				"east":{"uv":[4,10,5,11],"texture":"#cross"},
				"south":{"uv":[4,10,5,11],"texture":"#cross"},
				"west":{"uv":[4,10,5,11],"texture":"#cross"},
				"up":{"uv":[4,10,5,11],"texture":"#cross"},
				"down":{"uv":[4,10,5,11],"texture":"#cross"}
			}
		},
		{
			"from":[7.5,5,2.5],
			"to":[8.5,6,3.5],
			"rotation":{"angle":-45,"axis":"y","origin":[8,8,8]},
			"faces":{
				"north":{"uv":[3,11,4,12],"texture":"#cross"},
				"east":{"uv":[3,11,4,12],"texture":"#cross"},
				"south":{"uv":[3,11,4,12],"texture":"#cross"},
				"west":{"uv":[3,11,4,12],"texture":"#cross"},
				"up":{"uv":[3,11,4,12],"texture":"#cross"},
				"down":{"uv":[3,11,4,12],"texture":"#cross"}
			}
		},
		{
			"from":[7.5,7,2.5],
			"to":[8.5,8,3.5],
			"rotation":{"angle":-45,"axis":"y","origin":[8,8,8]},
			"faces":{
				"north":{"uv":[3,9,4,10],"texture":"#cross"},
				"east":{"uv":[3,9,4,10],"texture":"#cross"},
				"south":{"uv":[3,9,4,10],"texture":"#cross"},
				"west":{"uv":[3,9,4,10],"texture":"#cross"},
				"up":{"uv":[3,9,4,10],"texture":"#cross"},
				"down":{"uv":[3,9,4,10],"texture":"#cross"}
			}
		},
		{
			"from":[8.5,6,2.5],
			"to":[9.5,7,3.5],
			"rotation":{"angle":-45,"axis":"y","origin":[8,8,8]},
			"faces":{
				"north":{"uv":[2,10,3,11],"texture":"#cross"},
				"east":{"uv":[2,10,3,11],"texture":"#cross"},
				"south":{"uv":[2,10,3,11],"texture":"#cross"},
				"west":{"uv":[2,10,3,11],"texture":"#cross"},
				"up":{"uv":[2,10,3,11],"texture":"#cross"},
				"down":{"uv":[2,10,3,11],"texture":"#cross"}
			}
		},
		{
			"from":[8.5,5,7.5],
			"to":[9.5,6,8.5],
			"rotation":{"angle":-45,"axis":"y","origin":[8,8,8]},
			"faces":{
				"north":{"uv":[10,9,11,10],"texture":"#cross"},
				"east":{"uv":[10,9,11,10],"texture":"#cross"},
				"south":{"uv":[10,9,11,10],"texture":"#cross"},
				"up":{"uv":[10,9,11,10],"texture":"#cross"},
				"down":{"uv":[10,9,11,10],"texture":"#cross"}
			}
		},
		{
			"from":[9.5,6,7.5],
			"to":[10.5,7,8.5],
			"rotation":{"angle":-45,"axis":"y","origin":[8,8,8]},
			"faces":{
				"north":{"uv":[11,8,12,9],"texture":"#cross"},
				"east":{"uv":[11,8,12,9],"texture":"#cross"},
				"south":{"uv":[11,8,12,9],"texture":"#cross"},
				"west":{"uv":[11,8,12,9],"texture":"#cross"},
				"up":{"uv":[11,8,12,9],"texture":"#cross"},
				"down":{"uv":[11,8,12,9],"texture":"#cross"}
			}
		},
		{
			"from":[10.5,7,7.5],
			"to":[11.5,8,8.5],
			"rotation":{"angle":-45,"axis":"y","origin":[8,8,8]},
			"faces":{
				"north":{"uv":[12,7,13,8],"texture":"#cross"},
				"east":{"uv":[12,7,13,8],"texture":"#cross"},
				"south":{"uv":[12,7,13,8],"texture":"#cross"},
				"west":{"uv":[12,7,13,8],"texture":"#cross"},
				"up":{"uv":[12,7,13,8],"texture":"#cross"},
				"down":{"uv":[12,7,13,8],"texture":"#cross"}
			}
		},
		{
			"from":[11.5,8,7.5],
			"to":[12.5,9,8.5],
			"rotation":{"angle":-45,"axis":"y","origin":[8,8,8]},
			"faces":{
				"north":{"uv":[13,6,14,7],"texture":"#cross"},
				"east":{"uv":[13,6,14,7],"texture":"#cross"},
				"south":{"uv":[13,6,14,7],"texture":"#cross"},
				"west":{"uv":[13,6,14,7],"texture":"#cross"},
				"up":{"uv":[13,6,14,7],"texture":"#cross"},
				"down":{"uv":[13,6,14,7],"texture":"#cross"}
			}
		},
		{
			"from":[12.5,8,6.5],
			"to":[13.5,9,7.5],
			"rotation":{"angle":-45,"axis":"y","origin":[8,8,8]},
			"faces":{
				"north":{"uv":[14,6,15,7],"texture":"#cross"},
				"east":{"uv":[14,6,15,7],"texture":"#cross"},
				"south":{"uv":[14,6,15,7],"texture":"#cross"},
				"west":{"uv":[14,6,15,7],"texture":"#cross"},
				"up":{"uv":[14,6,15,7],"texture":"#cross"},
				"down":{"uv":[14,6,15,7],"texture":"#cross"}
			}
		},
		{
			"from":[12.5,8,8.5],
			"to":[13.5,9,9.5],
			"rotation":{"angle":-45,"axis":"y","origin":[8,8,8]},
			"faces":{
				"north":{"uv":[12,6,13,7],"texture":"#cross"},
				"east":{"uv":[12,6,13,7],"texture":"#cross"},
				"south":{"uv":[12,6,13,7],"texture":"#cross"},
				"west":{"uv":[12,6,13,7],"texture":"#cross"},
				"up":{"uv":[12,6,13,7],"texture":"#cross"},
				"down":{"uv":[12,6,13,7],"texture":"#cross"}
			}
		},
		{
			"from":[12.5,9,7.5],
			"to":[13.5,10,8.5],
			"rotation":{"angle":-45,"axis":"y","origin":[8,8,8]},
			"faces":{
				"north":{"uv":[13,5,14,6],"texture":"#cross"},
				"east":{"uv":[13,5,14,6],"texture":"#cross"},
				"south":{"uv":[13,5,14,6],"texture":"#cross"},
				"west":{"uv":[13,5,14,6],"texture":"#cross"},
				"up":{"uv":[13,5,14,6],"texture":"#cross"},
				"down":{"uv":[13,5,14,6],"texture":"#cross"}
			}
		},
		{
			"from":[12.5,7,7.5],
			"to":[13.5,8,8.5],
			"rotation":{"angle":-45,"axis":"y","origin":[8,8,8]},
			"faces":{
				"north":{"uv":[13,7,14,8],"texture":"#cross"},
				"east":{"uv":[13,7,14,8],"texture":"#cross"},
				"south":{"uv":[13,7,14,8],"texture":"#cross"},
				"west":{"uv":[13,7,14,8],"texture":"#cross"},
				"up":{"uv":[13,7,14,8],"texture":"#cross"},
				"down":{"uv":[13,7,14,8],"texture":"#cross"}
			}
		},
		{
			"from":[6.5,6,7.5],
			"to":[7.5,7,8.5],
			"rotation":{"angle":-45,"axis":"y","origin":[8,8,8]},
			"faces":{
				"north":{"uv":[10,9,11,10],"texture":"#cross"},
				"south":{"uv":[10,9,11,10],"texture":"#cross"},
				"west":{"uv":[10,9,11,10],"texture":"#cross"},
				"up":{"uv":[10,9,11,10],"texture":"#cross"},
				"down":{"uv":[10,9,11,10],"texture":"#cross"}
			}
		},
		{
			"from":[2.5,10,7.5],
			"to":[3.5,11,8.5],
			"rotation":{"angle":-45,"axis":"y","origin":[8,8,8]},
			"faces":{
				"north":{"uv":[13,5,14,6],"texture":"#cross"},
				"east":{"uv":[13,5,14,6],"texture":"#cross"},
				"south":{"uv":[13,5,14,6],"texture":"#cross"},
				"west":{"uv":[13,5,14,6],"texture":"#cross"},
				"up":{"uv":[13,5,14,6],"texture":"#cross"},
				"down":{"uv":[13,5,14,6],"texture":"#cross"}
			}
		},
		{
			"from":[2.5,9,6.5],
			"to":[3.5,10,7.5],
			"rotation":{"angle":-45,"axis":"y","origin":[8,8,8]},
			"faces":{
				"north":{"uv":[12,6,13,7],"texture":"#cross"},
				"east":{"uv":[12,6,13,7],"texture":"#cross"},
				"south":{"uv":[12,6,13,7],"texture":"#cross"},
				"west":{"uv":[12,6,13,7],"texture":"#cross"},
				"up":{"uv":[12,6,13,7],"texture":"#cross"},
				"down":{"uv":[12,6,13,7],"texture":"#cross"}
			}
		},
		{
			"from":[2.5,9,8.5],
			"to":[3.5,10,9.5],
			"rotation":{"angle":-45,"axis":"y","origin":[8,8,8]},
			"faces":{
				"north":{"uv":[14,6,15,7],"texture":"#cross"},
				"east":{"uv":[14,6,15,7],"texture":"#cross"},
				"south":{"uv":[14,6,15,7],"texture":"#cross"},
				"west":{"uv":[14,6,15,7],"texture":"#cross"},
				"up":{"uv":[14,6,15,7],"texture":"#cross"},
				"down":{"uv":[14,6,15,7],"texture":"#cross"}
			}
		},
		{
			"from":[3.5,9,7.5],
			"to":[4.5,10,8.5],
			"rotation":{"angle":-45,"axis":"y","origin":[8,8,8]},
			"faces":{
				"north":{"uv":[13,6,14,7],"texture":"#cross"},
				"east":{"uv":[13,6,14,7],"texture":"#cross"},
				"south":{"uv":[13,6,14,7],"texture":"#cross"},
				"west":{"uv":[13,6,14,7],"texture":"#cross"},
				"up":{"uv":[13,6,14,7],"texture":"#cross"},
				"down":{"uv":[13,6,14,7],"texture":"#cross"}
			}
		},
		{
			"from":[4.5,8,7.5],
			"to":[5.5,9,8.5],
			"rotation":{"angle":-45,"axis":"y","origin":[8,8,8]},
			"faces":{
				"north":{"uv":[12,7,13,8],"texture":"#cross"},
				"east":{"uv":[12,7,13,8],"texture":"#cross"},
				"south":{"uv":[12,7,13,8],"texture":"#cross"},
				"west":{"uv":[12,7,13,8],"texture":"#cross"},
				"up":{"uv":[12,7,13,8],"texture":"#cross"},
				"down":{"uv":[12,7,13,8],"texture":"#cross"}
			}
		},
		{
			"from":[5.5,7,7.5],
			"to":[6.5,8,8.5],
			"rotation":{"angle":-45,"axis":"y","origin":[8,8,8]},
			"faces":{
				"north":{"uv":[11,8,12,9],"texture":"#cross"},
				"east":{"uv":[11,8,12,9],"texture":"#cross"},
				"south":{"uv":[11,8,12,9],"texture":"#cross"},
				"west":{"uv":[11,8,12,9],"texture":"#cross"},
				"up":{"uv":[11,8,12,9],"texture":"#cross"},
				"down":{"uv":[11,8,12,9],"texture":"#cross"}
			}
		},
		{
			"from":[2.5,8,7.5],
			"to":[3.5,9,8.5],
			"rotation":{"angle":-45,"axis":"y","origin":[8,8,8]},
			"faces":{
				"north":{"uv":[13,7,14,8],"texture":"#cross"},
				"east":{"uv":[13,7,14,8],"texture":"#cross"},
				"south":{"uv":[13,7,14,8],"texture":"#cross"},
				"west":{"uv":[13,7,14,8],"texture":"#cross"},
				"up":{"uv":[13,7,14,8],"texture":"#cross"},
				"down":{"uv":[13,7,14,8],"texture":"#cross"}
			}
		},
		{
			"from":[10.5,5,7.5],
			"to":[11.5,6,8.5],
			"rotation":{"angle":-45,"axis":"y","origin":[8,8,8]},
			"faces":{
				"north":{"uv":[14,6,15,7],"texture":"#cross"},
				"east":{"uv":[14,6,15,7],"texture":"#cross"},
				"south":{"uv":[14,6,15,7],"texture":"#cross"},
				"west":{"uv":[14,6,15,7],"texture":"#cross"},
				"up":{"uv":[14,6,15,7],"texture":"#cross"},
				"down":{"uv":[14,6,15,7],"texture":"#cross"}
			}
		},
		{
			"from":[10.5,4,8.5],
			"to":[11.5,5,9.5],
			"rotation":{"angle":-45,"axis":"y","origin":[8,8,8]},
			"faces":{
				"north":{"uv":[13,7,14,8],"texture":"#cross"},
				"east":{"uv":[13,7,14,8],"texture":"#cross"},
				"south":{"uv":[13,7,14,8],"texture":"#cross"},
				"west":{"uv":[13,7,14,8],"texture":"#cross"},
				"up":{"uv":[13,7,14,8],"texture":"#cross"},
				"down":{"uv":[13,7,14,8],"texture":"#cross"}
			}
		},
		{
			"from":[10.5,5,9.5],
			"to":[11.5,6,10.5],
			"rotation":{"angle":-45,"axis":"y","origin":[8,8,8]},
			"faces":{
				"north":{"uv":[12,6,13,7],"texture":"#cross"},
				"east":{"uv":[12,6,13,7],"texture":"#cross"},
				"south":{"uv":[12,6,13,7],"texture":"#cross"},
				"west":{"uv":[12,6,13,7],"texture":"#cross"},
				"up":{"uv":[12,6,13,7],"texture":"#cross"},
				"down":{"uv":[12,6,13,7],"texture":"#cross"}
			}
		},
		{
			"from":[10.5,6,8.5],
			"to":[11.5,7,9.5],
			"rotation":{"angle":-45,"axis":"y","origin":[8,8,8]},
			"faces":{
				"north":{"uv":[13,5,14,6],"texture":"#cross"},
				"east":{"uv":[13,5,14,6],"texture":"#cross"},
				"south":{"uv":[13,5,14,6],"texture":"#cross"},
				"west":{"uv":[13,5,14,6],"texture":"#cross"},
				"up":{"uv":[13,5,14,6],"texture":"#cross"},
				"down":{"uv":[13,5,14,6],"texture":"#cross"}
			}
		},
		{
			"from":[9.5,5,8.5],
			"to":[10.5,6,9.5],
			"rotation":{"angle":-45,"axis":"y","origin":[8,8,8]},
			"faces":{
				"north":{"uv":[13,6,14,7],"texture":"#cross"},
				"east":{"uv":[13,6,14,7],"texture":"#cross"},
				"south":{"uv":[13,6,14,7],"texture":"#cross"},
				"west":{"uv":[13,6,14,7],"texture":"#cross"},
				"up":{"uv":[13,6,14,7],"texture":"#cross"},
				"down":{"uv":[13,6,14,7],"texture":"#cross"}
			}
		},
		{
			"from":[4.5,7,6.5],
			"to":[5.5,8,7.5],
			"rotation":{"angle":-45,"axis":"y","origin":[8,8,8]},
			"faces":{
				"north":{"uv":[13,5,14,6],"texture":"#cross"},
				"east":{"uv":[13,5,14,6],"texture":"#cross"},
				"south":{"uv":[13,5,14,6],"texture":"#cross"},
				"west":{"uv":[13,5,14,6],"texture":"#cross"},
				"up":{"uv":[13,5,14,6],"texture":"#cross"},
				"down":{"uv":[13,5,14,6],"texture":"#cross"}
			}
		},
		{
			"from":[4.5,6,5.5],
			"to":[5.5,7,6.5],
			"rotation":{"angle":-45,"axis":"y","origin":[8,8,8]},
			"faces":{
				"north":{"uv":[12,6,13,7],"texture":"#cross"},
				"east":{"uv":[12,6,13,7],"texture":"#cross"},
				"south":{"uv":[12,6,13,7],"texture":"#cross"},
				"west":{"uv":[12,6,13,7],"texture":"#cross"},
				"up":{"uv":[12,6,13,7],"texture":"#cross"},
				"down":{"uv":[12,6,13,7],"texture":"#cross"}
			}
		},
		{
			"from":[4.5,5,6.5],
			"to":[5.5,6,7.5],
			"rotation":{"angle":-45,"axis":"y","origin":[8,8,8]},
			"faces":{
				"north":{"uv":[13,7,14,8],"texture":"#cross"},
				"east":{"uv":[13,7,14,8],"texture":"#cross"},
				"south":{"uv":[13,7,14,8],"texture":"#cross"},
				"west":{"uv":[13,7,14,8],"texture":"#cross"},
				"up":{"uv":[13,7,14,8],"texture":"#cross"},
				"down":{"uv":[13,7,14,8],"texture":"#cross"}
			}
		},
		{
			"from":[4.5,6,7.5],
			"to":[5.5,7,8.5],
			"rotation":{"angle":-45,"axis":"y","origin":[8,8,8]},
			"faces":{
				"north":{"uv":[14,6,15,7],"texture":"#cross"},
				"east":{"uv":[14,6,15,7],"texture":"#cross"},
				"south":{"uv":[14,6,15,7],"texture":"#cross"},
				"west":{"uv":[14,6,15,7],"texture":"#cross"},
				"up":{"uv":[14,6,15,7],"texture":"#cross"},
				"down":{"uv":[14,6,15,7],"texture":"#cross"}
			}
		},
		{
			"from":[5.5,6,6.5],
			"to":[6.5,7,7.5],
			"rotation":{"angle":-45,"axis":"y","origin":[8,8,8]},
			"faces":{
				"north":{"uv":[13,6,14,7],"texture":"#cross"},
				"east":{"uv":[13,6,14,7],"texture":"#cross"},
				"south":{"uv":[13,6,14,7],"texture":"#cross"},
				"west":{"uv":[13,6,14,7],"texture":"#cross"},
				"up":{"uv":[13,6,14,7],"texture":"#cross"},
				"down":{"uv":[13,6,14,7],"texture":"#cross"}
			}
		},
		{
			"from":[7.5,8,6.5],
			"to":[8.5,10,7.5],
			"rotation":{"angle":-45,"axis":"y","origin":[8,8,8]},
			"faces":{
				"north":{"uv":[7,6,8,8],"texture":"#cross"},
				"east":{"uv":[7,6,8,8],"texture":"#cross"},
				"south":{"uv":[7,6,8,8],"texture":"#cross"},
				"west":{"uv":[7,6,8,8],"texture":"#cross"},
				"up":{"uv":[7,6,8,7],"texture":"#cross"},
				"down":{"uv":[7,7,8,8],"texture":"#cross"}
			}
		},
		{
			"from":[7.5,10,5.5],
			"to":[8.5,11,6.5],
			"rotation":{"angle":-45,"axis":"y","origin":[8,8,8]},
			"faces":{
				"north":{"uv":[6,5,7,6],"texture":"#cross"},
				"east":{"uv":[6,5,7,6],"texture":"#cross"},
				"south":{"uv":[6,5,7,6],"texture":"#cross"},
				"west":{"uv":[6,5,7,6],"texture":"#cross"},
				"up":{"uv":[6,5,7,6],"texture":"#cross"},
				"down":{"uv":[6,5,7,6],"texture":"#cross"}
			}
		},
		{
			"from":[7.5,9,4.5],
			"to":[8.5,10,5.5],
			"rotation":{"angle":-45,"axis":"y","origin":[8,8,8]},
			"faces":{
				"north":{"uv":[6,6,7,7],"texture":"#cross"},
				"east":{"uv":[6,6,7,7],"texture":"#cross"},
				"south":{"uv":[6,6,7,7],"texture":"#cross"},
				"west":{"uv":[6,6,7,7],"texture":"#cross"},
				"up":{"uv":[6,6,7,7],"texture":"#cross"},
				"down":{"uv":[6,6,7,7],"texture":"#cross"}
			}
		},
		{
			"from":[7.5,11,4.5],
			"to":[8.5,12,5.5],
			"rotation":{"angle":-45,"axis":"y","origin":[8,8,8]},
			"faces":{
				"north":{"uv":[6,4,7,5],"texture":"#cross"},
				"east":{"uv":[6,4,7,5],"texture":"#cross"},
				"south":{"uv":[6,4,7,5],"texture":"#cross"},
				"west":{"uv":[6,4,7,5],"texture":"#cross"},
				"up":{"uv":[6,4,7,5],"texture":"#cross"},
				"down":{"uv":[6,4,7,5],"texture":"#cross"}
			}
		},
		{
			"from":[6.5,10,4.5],
			"to":[7.5,11,5.5],
			"rotation":{"angle":-45,"axis":"y","origin":[8,8,8]},
			"faces":{
				"north":{"uv":[7,5,8,6],"texture":"#cross"},
				"east":{"uv":[7,5,8,6],"texture":"#cross"},
				"south":{"uv":[7,5,8,6],"texture":"#cross"},
				"west":{"uv":[7,5,8,6],"texture":"#cross"},
				"up":{"uv":[7,5,8,6],"texture":"#cross"},
				"down":{"uv":[7,5,8,6],"texture":"#cross"}
			}
		},
		{
			"from":[8.5,10,4.5],
			"to":[9.5,11,5.5],
			"rotation":{"angle":-45,"axis":"y","origin":[8,8,8]},
			"faces":{
				"north":{"uv":[5,5,6,6],"texture":"#cross"},
				"east":{"uv":[5,5,6,6],"texture":"#cross"},
				"south":{"uv":[5,5,6,6],"texture":"#cross"},
				"west":{"uv":[5,5,6,6],"texture":"#cross"},
				"up":{"uv":[5,5,6,6],"texture":"#cross"},
				"down":{"uv":[5,5,6,6],"texture":"#cross"}
			}
		}
	]
}