{
	"__comment":"Designed by GeForceLegend",
	"ambientocclusion":false,
	"textures":{
		"particle":"block/brain_coral",
		"coral":"block/brain_coral"
	},
	"elements":[
		{
			"from":[9,0,5],
			"to":[11,2,7],
			"faces":{
				"north":{"uv":[9,14,11,16],"texture":"#coral"},
				"east":{"uv":[9,14,11,16],"texture":"#coral"},
				"south":{"uv":[9,14,11,16],"texture":"#coral"},
				"west":{"uv":[9,14,11,16],"texture":"#coral"},
				"up":{"uv":[9,14,11,16],"texture":"#coral"},
				"down":{"uv":[9,14,11,16],"texture":"#coral","cullface":"down"}
			}
		},
		{
			"from":[8,0,5.5],
			"to":[9,2,6.5],
			"faces":{
				"north":{"uv":[8,14,9,16],"texture":"#coral"},
				"south":{"uv":[8,14,9,16],"texture":"#coral"},
				"west":{"uv":[8,14,9,16],"texture":"#coral"},
				"up":{"uv":[8,14,9,15],"texture":"#coral"},
				"down":{"uv":[8,15,9,16],"texture":"#coral"}
			}
		},
		{
			"from":[11,1,5.5],
			"to":[12,2,6.5],
			"faces":{
				"north":{"uv":[11,14,12,15],"texture":"#coral"},
				"east":{"uv":[11,14,12,15],"texture":"#coral"},
				"south":{"uv":[11,14,12,15],"texture":"#coral"},
				"down":{"uv":[11,14,12,15],"texture":"#coral"}
			}
		},
		{
			"from":[10,2,5],
			"to":[12,5,7],
			"faces":{
				"north":{"uv":[10,11,12,14],"texture":"#coral"},
				"east":{"uv":[10,11,12,14],"texture":"#coral"},
				"south":{"uv":[10,11,12,14],"texture":"#coral"},
				"west":{"uv":[10,11,12,14],"texture":"#coral"},
				"up":{"uv":[10,11,12,12],"texture":"#coral"},
				"down":{"uv":[10,13,12,14],"texture":"#coral"}
			}
		},
		{
			"from":[9,2,5.5],
			"to":[14,3,6.5],
			"faces":{
				"north":{"uv":[14,13,9,14],"texture":"#coral"},
				"east":{"uv":[13,13,14,14],"texture":"#coral"},
				"south":{"uv":[9,13,14,14],"texture":"#coral"},
				"west":{"uv":[9,13,10,14],"texture":"#coral"},
				"up":{"uv":[9,13,14,14],"texture":"#coral"},
				"down":{"uv":[9,13,14,14],"texture":"#coral"}
			}
		},
		{
			"from":[13,3,5.5],
			"to":[16,4,6.5],
			"faces":{
				"north":{"uv":[16,12,13,13],"texture":"#coral"},
				"east":{"uv":[15,12,16,13],"texture":"#coral"},
				"south":{"uv":[13,12,16,13],"texture":"#coral"},
				"west":{"uv":[13,12,14,13],"texture":"#coral"},
				"up":{"uv":[13,12,16,13],"texture":"#coral"},
				"down":{"uv":[13,12,16,13],"texture":"#coral"}
			}
		},
		{
			"from":[14,4,5.5],
			"to":[15,5,7.5],
			"faces":{
				"north":{"uv":[14,11,15,12],"texture":"#coral"},
				"east":{"uv":[14,11,15,12],"texture":"#coral"},
				"south":{"uv":[14,11,15,12],"texture":"#coral"},
				"west":{"uv":[14,11,15,12],"texture":"#coral"},
				"up":{"uv":[14,11,15,12],"texture":"#coral"},
				"down":{"uv":[14,11,15,12],"texture":"#coral"}
			}
		},
		{
			"from":[13,5,5.5],
			"to":[16,6,6.5],
			"faces":{
				"north":{"uv":[16,10,13,11],"texture":"#coral"},
				"east":{"uv":[15,10,16,11],"texture":"#coral"},
				"south":{"uv":[13,10,16,11],"texture":"#coral"},
				"west":{"uv":[13,10,14,11],"texture":"#coral"},
				"up":{"uv":[13,10,16,11],"texture":"#coral"},
				"down":{"uv":[13,10,16,11],"texture":"#coral"}
			}
		},
		{
			"from":[15,6,5.5],
			"to":[16,7,6.5],
			"faces":{
				"north":{"uv":[15,9,16,10],"texture":"#coral"},
				"east":{"uv":[15,9,16,10],"texture":"#coral"},
				"south":{"uv":[15,9,16,10],"texture":"#coral"},
				"west":{"uv":[15,9,16,10],"texture":"#coral"},
				"up":{"uv":[15,9,16,10],"texture":"#coral"}
			}
		},
		{
			"from":[9,5,5.5],
			"to":[12,6,6.5],
			"faces":{
				"north":{"uv":[12,10,9,11],"texture":"#coral"},
				"east":{"uv":[11,10,12,11],"texture":"#coral"},
				"south":{"uv":[9,10,12,11],"texture":"#coral"},
				"west":{"uv":[9,10,10,11],"texture":"#coral"},
				"up":{"uv":[9,10,12,11],"texture":"#coral"},
				"down":{"uv":[9,10,12,11],"texture":"#coral"}
			}
		},
		{
			"from":[10,5,5],
			"to":[11,6,7],
			"faces":{
				"north":{"uv":[10,10,11,11],"texture":"#coral"},
				"east":{"uv":[10,10,11,11],"texture":"#coral"},
				"south":{"uv":[10,10,11,11],"texture":"#coral"},
				"west":{"uv":[10,10,11,11],"texture":"#coral"},
				"up":{"uv":[10,10,11,11],"texture":"#coral"}
			}
		},
		{
			"from":[13,3,4.5],
			"to":[14,4,5.5],
			"faces":{
				"north":{"uv":[13,12,14,13],"texture":"#coral"},
				"east":{"uv":[13,12,14,13],"texture":"#coral"},
				"west":{"uv":[13,12,14,13],"texture":"#coral"},
				"up":{"uv":[13,12,14,13],"texture":"#coral"},
				"down":{"uv":[13,12,14,13],"texture":"#coral"}
			}
		},
		{
			"from":[11,5,4.5],
			"to":[12,8,5.5],
			"faces":{
				"north":{"uv":[11,10,12,13],"texture":"#coral"},
				"east":{"uv":[11,10,12,13],"texture":"#coral"},
				"south":{"uv":[11,10,12,13],"texture":"#coral"},
				"west":{"uv":[11,10,12,13],"texture":"#coral"},
				"up":{"uv":[11,10,12,11],"texture":"#coral"},
				"down":{"uv":[11,12,12,13],"texture":"#coral"}
			}
		},
		{
			"from":[11,7,3.5],
			"to":[12,12,4.5],
			"faces":{
				"north":{"uv":[13,4,14,9],"texture":"#coral"},
				"east":{"uv":[13,4,14,9],"texture":"#coral"},
				"south":{"uv":[13,4,14,9],"texture":"#coral"},
				"west":{"uv":[13,4,14,9],"texture":"#coral"},
				"up":{"uv":[13,4,14,5],"texture":"#coral"},
				"down":{"uv":[13,8,14,9],"texture":"#coral"}
			}
		},
		{
			"from":[11,9,2.5],
			"to":[12,11,3.5],
			"faces":{
				"north":{"uv":[14,5,15,7],"texture":"#coral"},
				"east":{"uv":[14,5,15,7],"texture":"#coral"},
				"west":{"uv":[14,5,15,7],"texture":"#coral"},
				"up":{"uv":[14,5,15,6],"texture":"#coral"},
				"down":{"uv":[14,6,15,7],"texture":"#coral"}
			}
		},
		{
			"from":[12,10,3.5],
			"to":[14,11,4.5],
			"faces":{
				"north":{"uv":[11,5,13,6],"texture":"#coral"},
				"east":{"uv":[11,5,12,6],"texture":"#coral"},
				"south":{"uv":[13,5,11,6],"texture":"#coral"},
				"up":{"uv":[13,5,11,6],"texture":"#coral"},
				"down":{"uv":[13,5,11,6],"texture":"#coral"}
			}
		},
		{
			"from":[11,11,1.5],
			"to":[12,12,2.5],
			"faces":{
				"north":{"uv":[15,4,16,5],"texture":"#coral"},
				"east":{"uv":[15,4,16,5],"texture":"#coral"},
				"south":{"uv":[15,4,16,5],"texture":"#coral"},
				"west":{"uv":[15,4,16,5],"texture":"#coral"},
				"up":{"uv":[15,4,16,5],"texture":"#coral"},
				"down":{"uv":[15,4,16,5],"texture":"#coral"}
			}
		},
		{
			"from":[11,12,4.5],
			"to":[12,13,5.5],
			"faces":{
				"north":{"uv":[12,3,13,4],"texture":"#coral"},
				"east":{"uv":[12,3,13,4],"texture":"#coral"},
				"south":{"uv":[12,3,13,4],"texture":"#coral"},
				"west":{"uv":[12,3,13,4],"texture":"#coral"},
				"up":{"uv":[12,3,13,4],"texture":"#coral"},
				"down":{"uv":[12,3,13,4],"texture":"#coral"}
			}
		},
		{
			"from":[10,8,3.5],
			"to":[11,9,4.5],
			"faces":{
				"north":{"uv":[12,3,13,4],"texture":"#coral"},
				"south":{"uv":[12,3,13,4],"texture":"#coral"},
				"west":{"uv":[12,3,13,4],"texture":"#coral"},
				"up":{"uv":[12,3,13,4],"texture":"#coral"},
				"down":{"uv":[12,3,13,4],"texture":"#coral"}
			}
		},
		{
			"from":[8,6,5],
			"to":[10,7,7],
			"faces":{
				"north":{"uv":[8,9,10,10],"texture":"#coral"},
				"east":{"uv":[10,9,8,10],"texture":"#coral"},
				"south":{"uv":[8,9,10,10],"texture":"#coral"},
				"west":{"uv":[10,9,8,10],"texture":"#coral"},
				"up":{"uv":[8,8,10,10],"texture":"#coral"},
				"down":{"uv":[10,8,8,10],"texture":"#coral"}
			}
		},
		{
			"from":[7,7,5],
			"to":[9,10,7],
			"faces":{
				"north":{"uv":[7,6,9,9],"texture":"#coral"},
				"east":{"uv":[7,6,9,9],"texture":"#coral"},
				"south":{"uv":[7,6,9,9],"texture":"#coral"},
				"west":{"uv":[7,6,9,9],"texture":"#coral"},
				"up":{"uv":[7,6,9,8],"texture":"#coral"},
				"down":{"uv":[7,8,9,9],"texture":"#coral"}
			}
		},
		{
			"from":[7.5,7,7],
			"to":[8.5,8,9],
			"faces":{
				"east":{"uv":[11,8,9,9],"texture":"#coral"},
				"south":{"uv":[10,8,11,9],"texture":"#coral"},
				"west":{"uv":[9,8,11,9],"texture":"#coral"},
				"up":{"uv":[9,8,11,9],"rotation":90,"texture":"#coral"},
				"down":{"uv":[9,8,11,9],"rotation":270,"texture":"#coral"}
			}
		},
		{
			"from":[7.5,8,8],
			"to":[8.5,9,10],
			"faces":{
				"north":{"uv":[10,7,11,8],"texture":"#coral"},
				"east":{"uv":[12,7,10,8],"texture":"#coral"},
				"south":{"uv":[11,7,12,8],"texture":"#coral"},
				"west":{"uv":[10,7,12,8],"texture":"#coral"},
				"up":{"uv":[10,7,12,8],"rotation":90,"texture":"#coral"},
				"down":{"uv":[10,7,12,8],"rotation":270,"texture":"#coral"}
			}
		},
		{
			"from":[9.5,2,2],
			"to":[10.5,3,4],
			"faces":{
				"north":{"uv":[11,7,12,8],"texture":"#coral"},
				"east":{"uv":[10,7,12,8],"texture":"#coral"},
				"south":{"uv":[10,7,11,8],"texture":"#coral"},
				"west":{"uv":[12,7,10,8],"texture":"#coral"},
				"up":{"uv":[10,7,12,8],"rotation":270,"texture":"#coral"},
				"down":{"uv":[10,7,12,8],"rotation":90,"texture":"#coral"}
			}
		},
		{
			"from":[9.5,1,3],
			"to":[10.5,2,5],
			"faces":{
				"north":{"uv":[10,8,11,9],"texture":"#coral"},
				"east":{"uv":[9,8,11,9],"texture":"#coral"},
				"west":{"uv":[11,8,9,9],"texture":"#coral"},
				"up":{"uv":[9,8,11,9],"rotation":270,"texture":"#coral"},
				"down":{"uv":[9,8,11,9],"rotation":90,"texture":"#coral"}
			}
		},
		{
			"from":[9,7,5.5],
			"to":[10,8,6.5],
			"faces":{
				"north":{"uv":[9,8,10,9],"texture":"#coral"},
				"east":{"uv":[9,8,10,9],"texture":"#coral"},
				"south":{"uv":[9,8,10,9],"texture":"#coral"},
				"up":{"uv":[9,8,10,9],"texture":"#coral"}
			}
		},
		{
			"from":[6,7,5.5],
			"to":[7,9,6.5],
			"faces":{
				"north":{"uv":[6,7,7,9],"texture":"#coral"},
				"south":{"uv":[6,7,7,9],"texture":"#coral"},
				"west":{"uv":[6,7,7,9],"texture":"#coral"},
				"up":{"uv":[6,7,7,8],"texture":"#coral"},
				"down":{"uv":[6,8,7,9],"texture":"#coral"}
			}
		},
		{
			"from":[7,10,4],
			"to":[9,11,6],
			"rotation":{"angle":0,"axis":"y","origin":[8,8,6]},
			"faces":{
				"north":{"uv":[8,5,10,6],"texture":"#coral"},
				"east":{"uv":[8,5,10,6],"texture":"#coral"},
				"south":{"uv":[8,5,10,6],"texture":"#coral"},
				"west":{"uv":[8,5,10,6],"texture":"#coral"},
				"up":{"uv":[9,13,11,15],"texture":"#coral"},
				"down":{"uv":[9,13,11,15],"texture":"#coral"}
			}
		},
		{
			"from":[7,11,3],
			"to":[9,12,5],
			"rotation":{"angle":0,"axis":"y","origin":[8,8,6]},
			"faces":{
				"north":{"uv":[7,4,9,5],"texture":"#coral"},
				"east":{"uv":[7,4,9,5],"texture":"#coral"},
				"south":{"uv":[7,4,9,5],"texture":"#coral"},
				"west":{"uv":[7,4,9,5],"texture":"#coral"},
				"up":{"uv":[7,3,9,5],"texture":"#coral"},
				"down":{"uv":[7,4,8,5],"texture":"#coral"}
			}
		},
		{
			"from":[7.5,12,3],
			"to":[8.5,13,5],
			"rotation":{"angle":0,"axis":"y","origin":[8,8,6]},
			"faces":{
				"north":{"uv":[7,3,8,4],"texture":"#coral"},
				"east":{"uv":[9,3,7,4],"texture":"#coral"},
				"south":{"uv":[8,3,9,4],"texture":"#coral"},
				"west":{"uv":[7,3,9,4],"texture":"#coral"},
				"up":{"uv":[7,3,9,4],"rotation":90,"texture":"#coral"}
			}
		},
		{
			"from":[7.5,13,1],
			"to":[8.5,14,3],
			"rotation":{"angle":0,"axis":"y","origin":[8,8,6]},
			"faces":{
				"north":{"uv":[5,2,6,3],"texture":"#coral"},
				"east":{"uv":[7,2,5,3],"texture":"#coral"},
				"south":{"uv":[6,2,7,3],"texture":"#coral"},
				"west":{"uv":[5,2,7,3],"texture":"#coral"},
				"up":{"uv":[5,2,7,3],"rotation":90,"texture":"#coral"},
				"down":{"uv":[5,2,7,3],"rotation":270,"texture":"#coral"}
			}
		},
		{
			"from":[7.5,14,1],
			"to":[8.5,15,2],
			"rotation":{"angle":0,"axis":"y","origin":[8,8,6]},
			"faces":{
				"north":{"uv":[5,1,6,2],"texture":"#coral"},
				"east":{"uv":[5,1,6,2],"texture":"#coral"},
				"south":{"uv":[5,1,6,2],"texture":"#coral"},
				"west":{"uv":[5,1,6,2],"texture":"#coral"},
				"up":{"uv":[5,1,6,2],"texture":"#coral"}
			}
		},
		{
			"from":[7.5,11,2],
			"to":[8.5,12,7],
			"rotation":{"angle":0,"axis":"y","origin":[8,8,6]},
			"faces":{
				"north":{"uv":[6,4,7,5],"texture":"#coral"},
				"east":{"uv":[11,4,6,5],"texture":"#coral"},
				"south":{"uv":[10,4,11,5],"texture":"#coral"},
				"west":{"uv":[6,4,11,5],"texture":"#coral"},
				"up":{"uv":[6,4,11,5],"rotation":90,"texture":"#coral"},
				"down":{"uv":[6,4,11,5],"rotation":270,"texture":"#coral"}
			}
		},
		{
			"from":[7.5,12,6],
			"to":[8.5,13,7],
			"rotation":{"angle":0,"axis":"y","origin":[8,8,6]},
			"faces":{
				"north":{"uv":[10,3,11,4],"texture":"#coral"},
				"east":{"uv":[10,3,11,4],"texture":"#coral"},
				"south":{"uv":[10,3,11,4],"texture":"#coral"},
				"west":{"uv":[10,3,11,4],"texture":"#coral"},
				"up":{"uv":[10,3,11,4],"texture":"#coral"}
			}
		},
		{
			"from":[10.5,5,8],
			"to":[11.5,6,9],
			"faces":{
				"north":{"uv":[10,3,11,4],"texture":"#coral"},
				"east":{"uv":[10,3,11,4],"texture":"#coral"},
				"south":{"uv":[10,3,11,4],"texture":"#coral"},
				"west":{"uv":[10,3,11,4],"texture":"#coral"},
				"up":{"uv":[10,3,11,4],"texture":"#coral"}
			}
		},
		{
			"from":[10.5,4,7],
			"to":[11.5,5,9],
			"faces":{
				"east":{"uv":[11,4,9,5],"texture":"#coral"},
				"south":{"uv":[10,4,11,5],"texture":"#coral"},
				"west":{"uv":[9,4,11,5],"texture":"#coral"},
				"up":{"uv":[9,4,11,5],"rotation":90,"texture":"#coral"},
				"down":{"uv":[9,4,11,5],"rotation":270,"texture":"#coral"}
			}
		},
		{
			"from":[5,0,8],
			"to":[7,1,10],
			"faces":{
				"north":{"uv":[5,15,7,16],"texture":"#coral"},
				"east":{"uv":[5,15,7,16],"texture":"#coral"},
				"south":{"uv":[5,15,7,16],"texture":"#coral"},
				"west":{"uv":[5,15,7,16],"texture":"#coral"},
				"up":{"uv":[5,14,7,16],"texture":"#coral"},
				"down":{"uv":[5,14,7,16],"texture":"#coral","cullface":"down"}
			}
		},
		{
			"from":[5.5,1,7],
			"to":[6.5,2,10],
			"faces":{
				"north":{"uv":[7,14,8,15],"texture":"#coral"},
				"east":{"uv":[5,14,8,15],"texture":"#coral"},
				"south":{"uv":[5,14,6,15],"texture":"#coral"},
				"west":{"uv":[8,14,5,15],"texture":"#coral"},
				"up":{"uv":[5,14,8,15],"rotation":270,"texture":"#coral"},
				"down":{"uv":[5,14,8,15],"rotation":90,"texture":"#coral"}
			}
		},
		{
			"from":[5,1,8],
			"to":[7,2,9],
			"faces":{
				"north":{"uv":[6,14,7,15],"texture":"#coral"},
				"east":{"uv":[6,14,7,15],"texture":"#coral"},
				"south":{"uv":[6,14,7,15],"texture":"#coral"}
			}
		},
		{
			"from":[5,2,7],
			"to":[7,4,9],
			"faces":{
				"north":{"uv":[6,12,8,14],"texture":"#coral"},
				"east":{"uv":[6,12,8,14],"texture":"#coral"},
				"south":{"uv":[6,12,8,14],"texture":"#coral"},
				"west":{"uv":[6,12,8,14],"texture":"#coral"},
				"up":{"uv":[6,12,8,14],"texture":"#coral"},
				"down":{"uv":[6,12,8,14],"texture":"#coral"}
			}
		},
		{
			"from":[5,4,8],
			"to":[7,5,10],
			"faces":{
				"north":{"uv":[5,11,7,12],"texture":"#coral"},
				"east":{"uv":[5,11,7,12],"texture":"#coral"},
				"south":{"uv":[5,11,7,12],"texture":"#coral"},
				"west":{"uv":[5,11,7,12],"texture":"#coral"},
				"up":{"uv":[5,10,7,12],"texture":"#coral"},
				"down":{"uv":[5,10,7,12],"texture":"#coral"}
			}
		},
		{
			"from":[5,5,9],
			"to":[7,6,10],
			"faces":{
				"north":{"uv":[5,10,6,11],"texture":"#coral"},
				"east":{"uv":[5,10,6,11],"texture":"#coral"},
				"south":{"uv":[5,10,6,11],"texture":"#coral"},
				"west":{"uv":[5,10,6,11],"texture":"#coral"},
				"up":{"uv":[5,10,6,11],"texture":"#coral"}
			}
		},
		{
			"from":[5.5,5,8],
			"to":[6.5,6,11],
			"faces":{
				"north":{"uv":[6,10,7,11],"texture":"#coral"},
				"east":{"uv":[4,10,7,11],"texture":"#coral"},
				"south":{"uv":[4,10,5,11],"texture":"#coral"},
				"west":{"uv":[7,10,4,11],"texture":"#coral"},
				"up":{"uv":[4,10,7,11],"rotation":270,"texture":"#coral"},
				"down":{"uv":[4,10,7,11],"rotation":90,"texture":"#coral"}
			}
		},
		{
			"from":[5.5,6,9],
			"to":[6.5,7,12],
			"faces":{
				"north":{"uv":[5,9,6,10],"texture":"#coral"},
				"east":{"uv":[3,9,6,10],"texture":"#coral"},
				"south":{"uv":[3,9,4,10],"texture":"#coral"},
				"west":{"uv":[6,9,3,10],"texture":"#coral"},
				"up":{"uv":[3,9,6,10],"rotation":270,"texture":"#coral"},
				"down":{"uv":[3,9,6,10],"rotation":90,"texture":"#coral"}
			}
		},
		{
			"from":[5,6,10],
			"to":[7,7,11],
			"faces":{
				"north":{"uv":[4,9,5,10],"texture":"#coral"},
				"east":{"uv":[4,9,5,10],"texture":"#coral"},
				"south":{"uv":[4,9,5,10],"texture":"#coral"},
				"west":{"uv":[4,9,5,10],"texture":"#coral"},
				"up":{"uv":[4,9,5,10],"texture":"#coral"},
				"down":{"uv":[4,9,5,10],"texture":"#coral"}
			}
		},
		{
			"from":[5.5,7,11],
			"to":[6.5,8,12],
			"faces":{
				"north":{"uv":[3,8,4,9],"texture":"#coral"},
				"west":{"uv":[3,8,4,9],"texture":"#coral"},
				"up":{"uv":[3,8,4,9],"texture":"#coral"}
			}
		},
		{
			"from":[5.5,8,10],
			"to":[6.5,9,11],
			"faces":{
				"north":{"uv":[4,7,5,8],"texture":"#coral"},
				"east":{"uv":[4,7,5,8],"texture":"#coral"},
				"south":{"uv":[4,7,5,8],"texture":"#coral"},
				"west":{"uv":[4,7,5,8],"texture":"#coral"},
				"up":{"uv":[4,7,5,8],"texture":"#coral"},
				"down":{"uv":[4,7,5,8],"texture":"#coral"}
			}
		},
		{
			"from":[5.5,7,12],
			"to":[6.5,13,13],
			"faces":{
				"north":{"uv":[2,3,3,9],"texture":"#coral"},
				"east":{"uv":[2,3,3,9],"texture":"#coral"},
				"south":{"uv":[2,3,3,9],"texture":"#coral"},
				"west":{"uv":[2,3,3,9],"texture":"#coral"},
				"up":{"uv":[2,3,3,4],"texture":"#coral"},
				"down":{"uv":[2,8,3,9],"texture":"#coral"}
			}
		},
		{
			"from":[5.5,10,13],
			"to":[6.5,12,14],
			"faces":{
				"east":{"uv":[1,4,2,6],"texture":"#coral"},
				"south":{"uv":[1,4,2,6],"texture":"#coral"},
				"west":{"uv":[1,4,2,6],"texture":"#coral"},
				"up":{"uv":[1,4,2,5],"texture":"#coral"}
			}
		},
		{
			"from":[5.5,9,13],
			"to":[6.5,10,15],
			"faces":{
				"east":{"uv":[0,6,2,7],"texture":"#coral"},
				"south":{"uv":[0,6,1,7],"texture":"#coral"},
				"west":{"uv":[2,6,0,7],"texture":"#coral"},
				"up":{"uv":[0,6,2,7],"rotation":270,"texture":"#coral"},
				"down":{"uv":[0,6,2,7],"rotation":90,"texture":"#coral"}
			}
		},
		{
			"from":[5.5,11,14],
			"to":[6.5,13,15],
			"faces":{
				"north":{"uv":[0,3,1,5],"texture":"#coral"},
				"east":{"uv":[0,3,1,5],"texture":"#coral"},
				"south":{"uv":[0,3,1,5],"texture":"#coral"},
				"west":{"uv":[0,3,1,5],"texture":"#coral"},
				"up":{"uv":[0,3,1,4],"texture":"#coral"},
				"down":{"uv":[0,4,1,5],"texture":"#coral"}
			}
		},
		{
			"from":[6.5,10,12],
			"to":[7.5,11,13],
			"faces":{
				"north":{"uv":[3,5,4,6],"texture":"#coral"},
				"east":{"uv":[3,5,4,6],"texture":"#coral"},
				"south":{"uv":[3,5,4,6],"texture":"#coral"},
				"up":{"uv":[3,5,4,6],"texture":"#coral"},
				"down":{"uv":[3,5,4,6],"texture":"#coral"}
			}
		},
		{
			"from":[7.5,11,12],
			"to":[8.5,12,13],
			"faces":{
				"north":{"uv":[4,4,5,5],"texture":"#coral"},
				"east":{"uv":[4,4,5,5],"texture":"#coral"},
				"south":{"uv":[4,4,5,5],"texture":"#coral"},
				"west":{"uv":[4,4,5,5],"texture":"#coral"},
				"up":{"uv":[4,4,5,5],"texture":"#coral"},
				"down":{"uv":[4,4,5,5],"texture":"#coral"}
			}
		},
		{
			"from":[4.5,10,12],
			"to":[5.5,11,13],
			"faces":{
				"north":{"uv":[0,3,1,4],"texture":"#coral"},
				"south":{"uv":[0,3,1,4],"texture":"#coral"},
				"west":{"uv":[0,3,1,4],"texture":"#coral"},
				"up":{"uv":[0,3,1,4],"texture":"#coral"},
				"down":{"uv":[0,3,1,4],"texture":"#coral"}
			}
		},
		{
			"from":[4,1,8],
			"to":[5,3,9],
			"faces":{
				"north":{"uv":[4,13,5,15],"texture":"#coral"},
				"south":{"uv":[4,13,5,15],"texture":"#coral"},
				"west":{"uv":[4,13,5,15],"texture":"#coral"},
				"up":{"uv":[4,13,5,14],"texture":"#coral"},
				"down":{"uv":[4,14,5,15],"texture":"#coral"}
			}
		},
		{
			"from":[3,2,8],
			"to":[4,5,9],
			"faces":{
				"north":{"uv":[3,11,4,14],"texture":"#coral"},
				"east":{"uv":[3,11,4,14],"texture":"#coral"},
				"south":{"uv":[3,11,4,14],"texture":"#coral"},
				"west":{"uv":[3,11,4,14],"texture":"#coral"},
				"up":{"uv":[3,11,4,12],"texture":"#coral"},
				"down":{"uv":[3,13,4,14],"texture":"#coral"}
			}
		},
		{
			"from":[2,1,8],
			"to":[3,2,9],
			"faces":{
				"north":{"uv":[2,14,3,15],"texture":"#coral"},
				"east":{"uv":[2,14,3,15],"texture":"#coral"},
				"south":{"uv":[2,14,3,15],"texture":"#coral"},
				"west":{"uv":[2,14,3,15],"texture":"#coral"},
				"up":{"uv":[2,14,3,15],"texture":"#coral"},
				"down":{"uv":[2,14,3,15],"texture":"#coral"}
			}
		},
		{
			"from":[1,4,8],
			"to":[3,5,9],
			"faces":{
				"north":{"uv":[3,11,1,12],"texture":"#coral"},
				"south":{"uv":[1,11,3,12],"texture":"#coral"},
				"west":{"uv":[1,11,2,12],"texture":"#coral"},
				"up":{"uv":[1,11,3,12],"texture":"#coral"},
				"down":{"uv":[1,11,3,12],"texture":"#coral"}
			}
		},
		{
			"from":[2,5,8],
			"to":[3,6,9],
			"faces":{
				"north":{"uv":[2,10,3,11],"texture":"#coral"},
				"east":{"uv":[2,10,3,11],"texture":"#coral"},
				"south":{"uv":[2,10,3,11],"texture":"#coral"},
				"west":{"uv":[2,10,3,11],"texture":"#coral"},
				"up":{"uv":[2,10,3,11],"texture":"#coral"}
			}
		},
		{
			"from":[1,6,8],
			"to":[2,7,9],
			"faces":{
				"north":{"uv":[1,9,2,10],"texture":"#coral"},
				"east":{"uv":[1,9,2,10],"texture":"#coral"},
				"south":{"uv":[1,9,2,10],"texture":"#coral"},
				"west":{"uv":[1,9,2,10],"texture":"#coral"},
				"up":{"uv":[1,9,2,10],"texture":"#coral"},
				"down":{"uv":[1,9,2,10],"texture":"#coral"}
			}
		},
		{
			"from":[5.5,3,4],
			"to":[6.5,4,7],
			"rotation":{"angle":0,"axis":"y","origin":[8,9,8]},
			"faces":{
				"north":{"uv":[15,12,16,13],"texture":"#coral"},
				"east":{"uv":[13,12,16,13],"texture":"#coral"},
				"west":{"uv":[16,12,13,13],"texture":"#coral"},
				"up":{"uv":[13,12,16,13],"rotation":270,"texture":"#coral"},
				"down":{"uv":[13,12,16,13],"rotation":90,"texture":"#coral"}
			}
		},
		{
			"from":[5.5,4,5],
			"to":[7.5,5,6],
			"rotation":{"angle":0,"axis":"y","origin":[8,9,8]},
			"faces":{
				"north":{"uv":[14,11,15,12],"texture":"#coral"},
				"east":{"uv":[14,11,15,12],"texture":"#coral"},
				"south":{"uv":[14,11,15,12],"texture":"#coral"},
				"west":{"uv":[14,11,15,12],"texture":"#coral"},
				"up":{"uv":[14,11,15,12],"rotation":270,"texture":"#coral"},
				"down":{"uv":[14,11,15,12],"rotation":90,"texture":"#coral"}
			}
		},
		{
			"from":[5.5,6,4],
			"to":[6.5,7,5],
			"rotation":{"angle":0,"axis":"y","origin":[8,9,8]},
			"faces":{
				"north":{"uv":[15,9,16,10],"texture":"#coral"},
				"east":{"uv":[15,9,16,10],"texture":"#coral"},
				"south":{"uv":[15,9,16,10],"texture":"#coral"},
				"west":{"uv":[15,9,16,10],"texture":"#coral"},
				"up":{"uv":[15,9,16,10],"rotation":270,"texture":"#coral"}
			}
		},
		{
			"from":[5.5,5,4],
			"to":[6.5,6,7],
			"rotation":{"angle":0,"axis":"y","origin":[8,9,8]},
			"faces":{
				"north":{"uv":[15,10,16,11],"texture":"#coral"},
				"east":{"uv":[13,10,16,11],"texture":"#coral"},
				"south":{"uv":[13,10,14,11],"texture":"#coral"},
				"west":{"uv":[16,10,13,11],"texture":"#coral"},
				"up":{"uv":[13,10,16,11],"rotation":270,"texture":"#coral"},
				"down":{"uv":[13,10,16,11],"rotation":90,"texture":"#coral"}
			}
		},
		{
			"from":[5.5,2,6],
			"to":[6.5,3,7],
			"rotation":{"angle":0,"axis":"y","origin":[8,9,8]},
			"faces":{
				"north":{"uv":[13,13,14,14],"texture":"#coral"},
				"east":{"uv":[13,13,14,14],"texture":"#coral"},
				"west":{"uv":[13,13,14,14],"texture":"#coral"},
				"down":{"uv":[13,13,14,14],"texture":"#coral"}
			}
		},
		{
			"from":[6.5,7,11],
			"to":[8.5,8,12],
			"rotation":{"angle":0,"axis":"y","origin":[5.5,3,11.5]},
			"faces":{
				"north":{"uv":[7,3,9,4],"texture":"#coral"},
				"east":{"uv":[7,3,8,4],"texture":"#coral"},
				"south":{"uv":[9,3,7,4],"texture":"#coral"},
				"up":{"uv":[9,3,7,4],"texture":"#coral"},
				"down":{"uv":[9,3,7,4],"texture":"#coral"}
			}
		},
		{
			"from":[8.5,8,11],
			"to":[10.5,9,12],
			"rotation":{"angle":0,"axis":"y","origin":[5.5,3,11.5]},
			"faces":{
				"north":{"uv":[5,2,7,3],"texture":"#coral"},
				"east":{"uv":[5,2,6,3],"texture":"#coral"},
				"south":{"uv":[7,2,5,3],"texture":"#coral"},
				"west":{"uv":[6,2,7,3],"texture":"#coral"},
				"up":{"uv":[5,2,7,3],"rotation":180,"texture":"#coral"},
				"down":{"uv":[5,2,7,3],"rotation":180,"texture":"#coral"}
			}
		},
		{
			"from":[9.5,9,11],
			"to":[10.5,10,12],
			"rotation":{"angle":0,"axis":"y","origin":[5.5,3,11.5]},
			"faces":{
				"north":{"uv":[5,1,6,2],"texture":"#coral"},
				"east":{"uv":[5,1,6,2],"texture":"#coral"},
				"south":{"uv":[5,1,6,2],"texture":"#coral"},
				"west":{"uv":[5,1,6,2],"texture":"#coral"},
				"up":{"uv":[5,1,6,2],"rotation":90,"texture":"#coral"}
			}
		},
		{
			"from":[10,2,12],
			"to":[11,7,13],
			"rotation":{"angle":0,"axis":"y","origin":[14,3,8.5]},
			"faces":{
				"north":{"uv":[13,4,14,9],"texture":"#coral"},
				"east":{"uv":[13,4,14,9],"texture":"#coral"},
				"south":{"uv":[13,4,14,9],"texture":"#coral"},
				"west":{"uv":[13,4,14,9],"texture":"#coral"},
				"up":{"uv":[13,4,14,5],"rotation":180,"texture":"#coral"},
				"down":{"uv":[13,8,14,9],"rotation":180,"texture":"#coral"}
			}
		},
		{
			"from":[10,0,11],
			"to":[11,3,12],
			"rotation":{"angle":0,"axis":"y","origin":[14,3,8.5]},
			"faces":{
				"north":{"uv":[11,10,12,13],"texture":"#coral"},
				"east":{"uv":[11,10,12,13],"texture":"#coral"},
				"south":{"uv":[11,10,12,13],"texture":"#coral"},
				"west":{"uv":[11,10,12,13],"texture":"#coral"},
				"up":{"uv":[11,10,12,11],"rotation":180,"texture":"#coral"},
				"down":{"uv":[11,12,12,13],"rotation":180,"texture":"#coral","cullface":"down"}
			}
		},
		{
			"from":[11,3,12],
			"to":[12,4,13],
			"rotation":{"angle":0,"axis":"y","origin":[14,3,8.5]},
			"faces":{
				"north":{"uv":[12,3,13,4],"texture":"#coral"},
				"east":{"uv":[12,3,13,4],"texture":"#coral"},
				"south":{"uv":[12,3,13,4],"texture":"#coral"},
				"up":{"uv":[12,3,13,4],"rotation":180,"texture":"#coral"},
				"down":{"uv":[12,3,13,4],"rotation":180,"texture":"#coral"}
			}
		},
		{
			"from":[8,5,12],
			"to":[10,6,13],
			"rotation":{"angle":0,"axis":"y","origin":[14,3,8.5]},
			"faces":{
				"north":{"uv":[13,5,11,6],"texture":"#coral"},
				"south":{"uv":[11,5,13,6],"texture":"#coral"},
				"west":{"uv":[11,5,12,6],"texture":"#coral"},
				"up":{"uv":[13,5,11,6],"rotation":180,"texture":"#coral"},
				"down":{"uv":[13,5,11,6],"rotation":180,"texture":"#coral"}
			}
		},
		{
			"from":[10,4,13],
			"to":[11,6,14],
			"rotation":{"angle":0,"axis":"y","origin":[14,3,8.5]},
			"faces":{
				"east":{"uv":[14,5,15,7],"texture":"#coral"},
				"south":{"uv":[14,5,15,7],"texture":"#coral"},
				"west":{"uv":[14,5,15,7],"texture":"#coral"},
				"up":{"uv":[14,5,15,6],"rotation":180,"texture":"#coral"},
				"down":{"uv":[14,6,15,7],"rotation":180,"texture":"#coral"}
			}
		},
		{
			"from":[10,6,14],
			"to":[11,7,15],
			"rotation":{"angle":0,"axis":"y","origin":[14,3,8.5]},
			"faces":{
				"north":{"uv":[15,4,16,5],"texture":"#coral"},
				"east":{"uv":[15,4,16,5],"texture":"#coral"},
				"south":{"uv":[15,4,16,5],"texture":"#coral"},
				"west":{"uv":[15,4,16,5],"texture":"#coral"},
				"up":{"uv":[15,4,16,5],"rotation":180,"texture":"#coral"},
				"down":{"uv":[15,4,16,5],"rotation":180,"texture":"#coral"}
			}
		},
		{
			"from":[10,0,10],
			"to":[11,1,11],
			"rotation":{"angle":0,"axis":"y","origin":[14,3,8.5]},
			"faces":{
				"north":{"uv":[12,9,13,10],"texture":"#coral"},
				"east":{"uv":[12,9,13,10],"texture":"#coral"},
				"west":{"uv":[12,9,13,10],"texture":"#coral"},
				"up":{"uv":[12,9,13,10],"texture":"#coral"},
				"down":{"uv":[12,9,13,10],"texture":"#coral","cullface":"down"}
			}
		}
	]
}