{
	"__comment":"Designed by GeForceLegend",
	"parent":"block/cross",
	"ambientocclusion":false,
	"textures":{
		"cross":"block/brown_mushroom"
	},
	"elements":[
		{
			"from":[7,0,7],
			"to":[9,8,9],
			"rotation":{"angle":-45,"axis":"y","origin":[8,3,8]},
			"faces":{
				"north":{"uv":[7,8,9,16],"texture":"#cross"},
				"east":{"uv":[7,8,9,16],"texture":"#cross"},
				"south":{"uv":[7,8,9,16],"texture":"#cross"},
				"west":{"uv":[7,8,9,16],"texture":"#cross"},
				"down":{"uv":[7,14,9,16],"texture":"#cross","cullface":"down"}
			}
		},
		{
			"from":[4,4,7],
			"to":[12,6,9],
			"rotation":{"angle":-45,"axis":"y","origin":[8,3,8]},
			"faces":{
				"north":{"uv":[12,10,6,12],"texture":"#cross"},
				"east":{"uv":[10,10,12,12],"texture":"#cross"},
				"south":{"uv":[6,10,4,12],"texture":"#cross"},
				"west":{"uv":[7,10,5,12],"texture":"#cross"},
				"up":{"uv":[5,9,11,11],"texture":"#cross"},
				"down":{"uv":[4,10,12,12],"texture":"#cross"}
			}
		},
		{
			"from":[7,4,4],
			"to":[9,6,12],
			"rotation":{"angle":-45,"axis":"y","origin":[8,3,8]},
			"faces":{
				"north":{"uv":[12,10,10,12],"texture":"#cross"},
				"east":{"uv":[6,10,12,12],"texture":"#cross"},
				"south":{"uv":[5,10,7,12],"texture":"#cross"},
				"west":{"uv":[4,10,6,12],"texture":"#cross"},
				"up":{"uv":[5,11,11,9],"rotation":270,"texture":"#cross"},
				"down":{"uv":[4,12,12,10],"rotation":90,"texture":"#cross"}
			}
		},
		{
			"from":[6,4.01,5],
			"to":[10,6,11],
			"rotation":{"angle":-45,"axis":"y","origin":[8,3,8]},
			"faces":{
				"north":{"uv":[12,10,10,12],"texture":"#cross"},
				"east":{"uv":[6,10,12,12],"texture":"#cross"},
				"south":{"uv":[5,10,7,12],"texture":"#cross"},
				"west":{"uv":[6,10,8,12],"rotation":90,"texture":"#cross"},
				"up":{"uv":[5,11,11,9],"rotation":270,"texture":"#cross"},
				"down":{"uv":[5,12,11,9],"rotation":90,"texture":"#cross"}
			}
		},
		{
			"from":[5,4.02,6],
			"to":[11,6,10],
			"rotation":{"angle":-45,"axis":"y","origin":[8,3,8]},
			"faces":{
				"north":{"uv":[12,10,6,12],"texture":"#cross"},
				"east":{"uv":[10,10,12,12],"texture":"#cross"},
				"south":{"uv":[6,12,8,10],"rotation":90,"texture":"#cross"},
				"west":{"uv":[7,10,5,12],"texture":"#cross"},
				"up":{"uv":[11,11,5,9],"rotation":180,"texture":"#cross"},
				"down":{"uv":[11,12,5,9],"rotation":180,"texture":"#cross"}
			}
		},
		{
			"from":[5,6,7],
			"to":[11,7,9],
			"rotation":{"angle":-45,"axis":"y","origin":[8,3,8]},
			"faces":{
				"north":{"uv":[11,9,5,10],"texture":"#cross"},
				"east":{"uv":[9,9,11,10],"texture":"#cross"},
				"south":{"uv":[5,9,10,10],"texture":"#cross"},
				"west":{"uv":[5,9,7,10],"texture":"#cross"},
				"up":{"uv":[5,9,11,11],"texture":"#cross"}
			}
		},
		{
			"from":[7,6,5],
			"to":[9,7,11],
			"rotation":{"angle":-45,"axis":"y","origin":[8,3,8]},
			"faces":{
				"north":{"uv":[9,9,11,10],"texture":"#cross"},
				"east":{"uv":[5,9,10,10],"texture":"#cross"},
				"south":{"uv":[5,9,7,10],"texture":"#cross"},
				"west":{"uv":[11,9,5,10],"texture":"#cross"},
				"up":{"uv":[5,9,11,11],"rotation":270,"texture":"#cross"}
			}
		},
		{
			"from":[6,6,6],
			"to":[10,7,10],
			"rotation":{"angle":-45,"axis":"y","origin":[8,3,8]},
			"faces":{
				"north":{"uv":[9,8,10,12],"rotation":90,"texture":"#cross"},
				"east":{"uv":[6,11,10,12],"texture":"#cross"},
				"south":{"uv":[6,12,7,8],"rotation":90,"texture":"#cross"},
				"west":{"uv":[10,8,6,9],"texture":"#cross"},
				"up":{"uv":[6,8,10,12],"rotation":270,"texture":"#cross"}
			}
		},
		{
			"from":[7,7,6],
			"to":[9,8,10],
			"rotation":{"angle":-45,"axis":"y","origin":[8,3,8]},
			"faces":{
				"north":{"uv":[7,10,9,11],"texture":"#cross"},
				"east":{"uv":[6,9,10,10],"texture":"#cross"},
				"south":{"uv":[7,8,9,9],"texture":"#cross"},
				"west":{"uv":[10,9,6,10],"texture":"#cross"},
				"up":{"uv":[6,8,10,10],"rotation":270,"texture":"#cross"}
			}
		},
		{
			"from":[6,7,7],
			"to":[10,8,9],
			"rotation":{"angle":-45,"axis":"y","origin":[8,3,8]},
			"faces":{
				"north":{"uv":[10,9,6,10],"texture":"#cross"},
				"east":{"uv":[7,10,9,11],"texture":"#cross"},
				"south":{"uv":[6,9,10,10],"texture":"#cross"},
				"west":{"uv":[7,8,9,9],"texture":"#cross"},
				"up":{"uv":[6,8,10,10],"texture":"#cross"}
			}
		}
	]
}