{
	"credit": "Made with Blockbench",
	"ambientocclusion": false,
	"textures": {
		"coral": "block/bubble_coral",
		"particle": "block/bubble_coral"
	},
	"elements": [
		{
			"from": [4, 0, 6],
			"to": [12, 3, 10],
			"faces": {
				"north": {"uv": [4, 12, 12, 15], "texture": "#coral"},
				"east": {"uv": [9, 12, 13, 15], "texture": "#coral"},
				"south": {"uv": [4, 12, 12, 15], "texture": "#coral"},
				"west": {"uv": [3, 12, 7, 15], "texture": "#coral"},
				"up": {"uv": [4, 8, 12, 12], "texture": "#coral"},
				"down": {"uv": [4, 8, 12, 12], "texture": "#coral"}
			}
		},
		{
			"from": [6, 0, 4],
			"to": [10, 3, 12],
			"faces": {
				"north": {"uv": [9, 12, 13, 15], "texture": "#coral"},
				"east": {"uv": [4, 12, 12, 15], "texture": "#coral"},
				"south": {"uv": [4, 12, 8, 15], "texture": "#coral"},
				"west": {"uv": [4, 12, 12, 15], "texture": "#coral"},
				"up": {"uv": [6, 6, 10, 14], "texture": "#coral"},
				"down": {"uv": [6, 6, 10, 14], "texture": "#coral"}
			}
		},
		{
			"from": [5, 0, 5],
			"to": [11, 3, 11],
			"faces": {
				"north": {"uv": [5, 12, 11, 15], "texture": "#coral"},
				"east": {"uv": [5, 12, 11, 15], "texture": "#coral"},
				"south": {"uv": [5, 12, 11, 15], "texture": "#coral"},
				"west": {"uv": [5, 12, 11, 15], "texture": "#coral"},
				"up": {"uv": [5, 7, 11, 13], "texture": "#coral"},
				"down": {"uv": [5, 7, 11, 13], "texture": "#coral"}
			}
		},
		{
			"from": [6, 3, 5],
			"to": [10, 4, 11],
			"faces": {
				"north": {"uv": [6, 12, 10, 13], "texture": "#coral"},
				"east": {"uv": [5, 12, 11, 13], "texture": "#coral"},
				"south": {"uv": [6, 12, 10, 13], "texture": "#coral"},
				"west": {"uv": [5, 12, 11, 13], "texture": "#coral"},
				"up": {"uv": [6, 6, 10, 12], "texture": "#coral"}
			}
		},
		{
			"from": [5, 3, 6],
			"to": [11, 4, 10],
			"faces": {
				"north": {"uv": [5, 12, 11, 13], "texture": "#coral"},
				"east": {"uv": [6, 12, 10, 13], "texture": "#coral"},
				"south": {"uv": [5, 12, 11, 13], "texture": "#coral"},
				"west": {"uv": [6, 12, 10, 13], "texture": "#coral"},
				"up": {"uv": [5, 7, 11, 11], "texture": "#coral"}
			}
		},
		{
			"from": [6, 4, 6],
			"to": [10, 5, 10],
			"faces": {
				"north": {"uv": [6, 12, 10, 13], "texture": "#coral"},
				"east": {"uv": [6, 12, 10, 13], "texture": "#coral"},
				"south": {"uv": [6, 12, 10, 13], "texture": "#coral"},
				"west": {"uv": [6, 12, 10, 13], "texture": "#coral"},
				"up": {"uv": [6, 11, 10, 15], "texture": "#coral"}
			}
		},
		{
			"from": [6.05, 0.05, 12],
			"to": [7.95, 1.95, 14],
			"faces": {
				"east": {"uv": [7, 13, 8, 15], "texture": "#coral"},
				"south": {"uv": [7, 13, 9, 15], "texture": "#coral"},
				"west": {"uv": [9, 13, 7, 15], "texture": "#coral"},
				"up": {"uv": [7, 13, 9, 14], "texture": "#coral"},
				"down": {"uv": [7, 14, 9, 15], "texture": "#coral"}
			}
		},
		{
			"from": [7.95, 0.05, 12],
			"to": [8.95, 0.95, 13],
			"faces": {
				"east": {"uv": [7, 14, 8, 15], "texture": "#coral"},
				"south": {"uv": [7, 14, 8, 15], "texture": "#coral"},
				"up": {"uv": [7, 14, 8, 15], "texture": "#coral"},
				"down": {"uv": [7, 14, 8, 15], "texture": "#coral"}
			}
		},
		{
			"from": [5.05, 2.05, 12.05],
			"to": [6.95, 3.95, 13.95],
			"faces": {
				"north": {"uv": [9, 13, 7, 15], "texture": "#coral"},
				"east": {"uv": [7, 13, 9, 15], "texture": "#coral"},
				"south": {"uv": [9, 13, 7, 15], "texture": "#coral"},
				"west": {"uv": [7, 13, 9, 15], "texture": "#coral"},
				"up": {"uv": [7, 13, 9, 15], "texture": "#coral"},
				"down": {"uv": [7, 13, 9, 15], "texture": "#coral"}
			}
		},
		{
			"from": [4.05, 0.05, 10.05],
			"to": [5.95, 1.95, 12.95],
			"faces": {
				"north": {"uv": [9, 13, 7, 15], "texture": "#coral"},
				"east": {"uv": [7, 13, 9, 15], "texture": "#coral"},
				"south": {"uv": [7, 13, 9, 15], "texture": "#coral"},
				"west": {"uv": [0, 11, 3, 13], "texture": "#coral"},
				"up": {"uv": [9, 12, 7, 15], "texture": "#coral"},
				"down": {"uv": [7, 13, 9, 15], "texture": "#coral"}
			}
		},
		{
			"from": [4, 2.05, 9.05],
			"to": [5.95, 3.95, 11],
			"faces": {
				"north": {"uv": [9, 13, 7, 15], "texture": "#coral"},
				"east": {"uv": [7, 13, 9, 15], "texture": "#coral"},
				"south": {"uv": [9, 13, 7, 15], "texture": "#coral"},
				"west": {"uv": [7, 13, 9, 15], "texture": "#coral"},
				"up": {"uv": [7, 13, 9, 15], "texture": "#coral"},
				"down": {"uv": [7, 13, 9, 15], "texture": "#coral"}
			}
		},
		{
			"from": [4, 2.05, 11],
			"to": [5.95, 3, 11.95],
			"faces": {
				"east": {"uv": [8, 13, 9, 14], "texture": "#coral"},
				"south": {"uv": [7, 12, 9, 13], "texture": "#coral"},
				"west": {"uv": [8, 13, 9, 14], "texture": "#coral"},
				"up": {"uv": [7, 12, 9, 13], "texture": "#coral"},
				"down": {"uv": [7, 12, 9, 13], "texture": "#coral"}
			}
		},
		{
			"from": [3, 1.95, 9.05],
			"to": [4, 3, 9.95],
			"faces": {
				"north": {"uv": [8, 13, 9, 14], "texture": "#coral"},
				"east": {"uv": [8, 13, 9, 14], "texture": "#coral"},
				"south": {"uv": [8, 13, 9, 14], "texture": "#coral"},
				"west": {"uv": [8, 13, 9, 14], "texture": "#coral"},
				"up": {"uv": [8, 13, 9, 14], "texture": "#coral"},
				"down": {"uv": [8, 13, 9, 14], "texture": "#coral"}
			}
		},
		{
			"from": [6.95, 3.05, 12.05],
			"to": [7.95, 3.95, 13],
			"faces": {
				"north": {"uv": [7, 13, 8, 14], "texture": "#coral"},
				"east": {"uv": [7, 13, 8, 14], "texture": "#coral"},
				"south": {"uv": [7, 13, 8, 14], "texture": "#coral"},
				"up": {"uv": [7, 13, 8, 14], "texture": "#coral"},
				"down": {"uv": [7, 13, 8, 14], "texture": "#coral"}
			}
		},
		{
			"from": [7.05, 2.05, 11],
			"to": [7.95, 2.95, 13],
			"faces": {
				"east": {"uv": [7, 12, 8, 13], "texture": "#coral"},
				"south": {"uv": [7, 12, 8, 13], "texture": "#coral"},
				"west": {"uv": [7, 12, 8, 13], "texture": "#coral"},
				"up": {"uv": [7, 12, 8, 13], "texture": "#coral"},
				"down": {"uv": [7, 12, 8, 13], "texture": "#coral"}
			}
		},
		{
			"from": [8.05, 1.05, 11],
			"to": [9.95, 1.95, 13],
			"faces": {
				"east": {"uv": [7, 12, 8, 13], "texture": "#coral"},
				"south": {"uv": [7, 13, 9, 14], "texture": "#coral"},
				"west": {"uv": [7, 13, 8, 14], "texture": "#coral"},
				"up": {"uv": [7, 13, 9, 14], "texture": "#coral"},
				"down": {"uv": [7, 13, 9, 14], "texture": "#coral"}
			}
		},
		{
			"from": [8.05, 2.05, 11],
			"to": [8.95, 3.95, 13],
			"faces": {
				"north": {"uv": [6, 8, 8, 9], "texture": "#coral"},
				"east": {"uv": [6, 8, 8, 9], "texture": "#coral"},
				"south": {"uv": [6, 8, 8, 9], "texture": "#coral"},
				"west": {"uv": [6, 8, 8, 9], "texture": "#coral"},
				"up": {"uv": [6, 8, 8, 9], "texture": "#coral"},
				"down": {"uv": [6, 8, 8, 9], "texture": "#coral"}
			}
		},
		{
			"from": [8.05, 3.05, 12],
			"to": [9.95, 4.95, 14],
			"faces": {
				"north": {"uv": [12, 10, 10, 12], "texture": "#coral"},
				"east": {"uv": [10, 10, 12, 12], "texture": "#coral"},
				"south": {"uv": [12, 10, 10, 12], "texture": "#coral"},
				"west": {"uv": [6, 10, 4, 8], "texture": "#coral"},
				"up": {"uv": [10, 10, 12, 12], "texture": "#coral"},
				"down": {"uv": [10, 10, 12, 12], "texture": "#coral"}
			}
		},
		{
			"from": [3, 0.05, 8.05],
			"to": [4, 2.95, 8.95],
			"faces": {
				"north": {"uv": [7, 11, 8, 14], "texture": "#coral"},
				"south": {"uv": [7, 11, 8, 14], "texture": "#coral"},
				"west": {"uv": [7, 11, 8, 14], "texture": "#coral"},
				"up": {"uv": [7, 11, 8, 12], "texture": "#coral"},
				"down": {"uv": [7, 13, 8, 14], "texture": "#coral"}
			}
		},
		{
			"from": [2, 1.05, 7.05],
			"to": [4, 1.95, 9.95],
			"faces": {
				"north": {"uv": [6, 12, 7, 13], "texture": "#coral"},
				"south": {"uv": [7, 13, 9, 14], "texture": "#coral"},
				"west": {"uv": [6, 12, 9, 13], "texture": "#coral"},
				"up": {"uv": [6, 12, 9, 13], "rotation": 90, "texture": "#coral"},
				"down": {"uv": [6, 12, 9, 13], "rotation": 90, "texture": "#coral"}
			}
		},
		{
			"from": [1, 1.05, 8.05],
			"to": [3, 1.95, 8.95],
			"faces": {
				"north": {"uv": [7, 12, 8, 13], "texture": "#coral"},
				"south": {"uv": [7, 12, 8, 13], "texture": "#coral"},
				"west": {"uv": [7, 12, 8, 13], "texture": "#coral"},
				"up": {"uv": [7, 12, 8, 13], "texture": "#coral"},
				"down": {"uv": [7, 12, 8, 13], "texture": "#coral"}
			}
		},
		{
			"from": [2, 0.05, 8.95],
			"to": [4, 1.05, 9.95],
			"faces": {
				"north": {"uv": [7, 12, 8, 13], "texture": "#coral"},
				"south": {"uv": [7, 12, 9, 13], "texture": "#coral"},
				"west": {"uv": [7, 12, 8, 13], "texture": "#coral"},
				"up": {"uv": [7, 12, 8, 13], "texture": "#coral"},
				"down": {"uv": [7, 12, 8, 13], "texture": "#coral"}
			}
		},
		{
			"from": [3.05, 3, 7.05],
			"to": [5, 3.95, 8.95],
			"faces": {
				"north": {"uv": [6, 8, 8, 9], "texture": "#coral"},
				"east": {"uv": [6, 8, 8, 9], "texture": "#coral"},
				"south": {"uv": [6, 8, 8, 9], "texture": "#coral"},
				"west": {"uv": [6, 8, 8, 9], "texture": "#coral"},
				"up": {"uv": [6, 8, 8, 9], "texture": "#coral"},
				"down": {"uv": [6, 8, 8, 9], "texture": "#coral"}
			}
		},
		{
			"from": [3.025, 2, 7.05],
			"to": [5.025, 3, 7.95],
			"faces": {
				"north": {"uv": [6, 8, 8, 9], "texture": "#coral"},
				"east": {"uv": [6, 8, 8, 9], "texture": "#coral"},
				"south": {"uv": [6, 8, 8, 9], "texture": "#coral"},
				"west": {"uv": [6, 8, 8, 9], "texture": "#coral"},
				"up": {"uv": [6, 8, 8, 9], "texture": "#coral"},
				"down": {"uv": [6, 8, 8, 9], "texture": "#coral"}
			}
		},
		{
			"from": [2, 2, 7.05],
			"to": [2.95, 3, 8.95],
			"faces": {
				"north": {"uv": [2, 8, 3, 9], "texture": "#coral"},
				"east": {"uv": [4, 8, 2, 9], "texture": "#coral"},
				"south": {"uv": [3, 8, 4, 9], "texture": "#coral"},
				"west": {"uv": [2, 8, 4, 9], "texture": "#coral"},
				"up": {"uv": [2, 8, 4, 9], "rotation": 90, "texture": "#coral"},
				"down": {"uv": [2, 8, 4, 9], "rotation": 270, "texture": "#coral"}
			}
		},
		{
			"from": [2, 5, 7.05],
			"to": [3, 5.95, 8.95],
			"faces": {
				"north": {"uv": [2, 8, 3, 9], "texture": "#coral"},
				"east": {"uv": [4, 8, 2, 9], "texture": "#coral"},
				"south": {"uv": [3, 8, 4, 9], "texture": "#coral"},
				"west": {"uv": [2, 8, 4, 9], "texture": "#coral"},
				"up": {"uv": [2, 8, 4, 9], "rotation": 90, "texture": "#coral"},
				"down": {"uv": [2, 8, 4, 9], "rotation": 270, "texture": "#coral"}
			}
		},
		{
			"from": [3, 3.95, 7.05],
			"to": [4, 4.95, 8.95],
			"faces": {
				"north": {"uv": [4, 8, 3, 9], "texture": "#coral"},
				"east": {"uv": [2, 8, 4, 9], "texture": "#coral"},
				"south": {"uv": [3, 8, 2, 9], "texture": "#coral"},
				"west": {"uv": [4, 8, 2, 9], "texture": "#coral"},
				"up": {"uv": [4, 8, 2, 9], "rotation": 90, "texture": "#coral"},
				"down": {"uv": [4, 8, 2, 9], "rotation": 270, "texture": "#coral"}
			}
		},
		{
			"from": [2, 4, 6.05],
			"to": [3, 5, 9.95],
			"faces": {
				"north": {"uv": [4, 8, 3, 9], "texture": "#coral"},
				"east": {"uv": [2, 8, 4, 9], "texture": "#coral"},
				"south": {"uv": [3, 8, 2, 9], "texture": "#coral"},
				"west": {"uv": [4, 8, 2, 9], "texture": "#coral"},
				"up": {"uv": [4, 8, 2, 9], "rotation": 90, "texture": "#coral"},
				"down": {"uv": [4, 8, 2, 9], "rotation": 270, "texture": "#coral"}
			}
		},
		{
			"from": [2, 3, 8.95],
			"to": [3, 4, 9.95],
			"faces": {
				"north": {"uv": [3, 8, 4, 9], "texture": "#coral"},
				"east": {"uv": [3, 8, 4, 9], "texture": "#coral"},
				"south": {"uv": [3, 8, 4, 9], "texture": "#coral"},
				"west": {"uv": [3, 8, 4, 9], "texture": "#coral"},
				"up": {"uv": [3, 8, 4, 9], "texture": "#coral"},
				"down": {"uv": [3, 8, 4, 9], "texture": "#coral"}
			}
		},
		{
			"from": [1.05, 3, 7.05],
			"to": [3, 5, 8.95],
			"faces": {
				"north": {"uv": [9, 13, 7, 15], "texture": "#coral"},
				"east": {"uv": [7, 13, 9, 15], "texture": "#coral"},
				"south": {"uv": [9, 13, 7, 15], "texture": "#coral"},
				"west": {"uv": [7, 13, 9, 15], "texture": "#coral"},
				"up": {"uv": [7, 13, 9, 15], "texture": "#coral"},
				"down": {"uv": [7, 13, 9, 15], "texture": "#coral"}
			}
		},
		{
			"from": [3.1, 2.05, 5.05],
			"to": [5, 3.95, 6.95],
			"faces": {
				"north": {"uv": [9, 13, 7, 15], "texture": "#coral"},
				"east": {"uv": [7, 13, 9, 15], "texture": "#coral"},
				"south": {"uv": [9, 13, 7, 15], "texture": "#coral"},
				"west": {"uv": [7, 13, 9, 15], "texture": "#coral"},
				"up": {"uv": [7, 13, 9, 15], "texture": "#coral"},
				"down": {"uv": [7, 13, 9, 15], "texture": "#coral"}
			}
		},
		{
			"from": [2.05, 0.05, 6.05],
			"to": [4, 1.95, 6.95],
			"faces": {
				"north": {"uv": [7, 13, 9, 15], "texture": "#coral"},
				"east": {"uv": [8, 13, 9, 15], "texture": "#coral"},
				"south": {"uv": [8, 13, 9, 15], "texture": "#coral"},
				"west": {"uv": [8, 13, 9, 15], "texture": "#coral"},
				"up": {"uv": [7, 12, 9, 13], "texture": "#coral"},
				"down": {"uv": [8, 14, 9, 15], "texture": "#coral"}
			}
		},
		{
			"from": [2.05, 0.05, 6.95],
			"to": [4.025, 0.95, 7.95],
			"faces": {
				"north": {"uv": [8, 13, 9, 14], "texture": "#coral"},
				"east": {"uv": [8, 13, 9, 14], "texture": "#coral"},
				"south": {"uv": [8, 13, 9, 14], "texture": "#coral"},
				"west": {"uv": [8, 13, 9, 14], "texture": "#coral"},
				"up": {"uv": [8, 13, 9, 14], "texture": "#coral"},
				"down": {"uv": [8, 13, 9, 14], "texture": "#coral"}
			}
		},
		{
			"from": [4.05, 0.05, 4.05],
			"to": [5.95, 1.95, 6],
			"faces": {
				"north": {"uv": [9, 13, 7, 15], "texture": "#coral"},
				"east": {"uv": [7, 13, 9, 15], "texture": "#coral"},
				"south": {"uv": [9, 13, 7, 15], "texture": "#coral"},
				"west": {"uv": [7, 13, 9, 15], "texture": "#coral"},
				"up": {"uv": [7, 13, 9, 15], "texture": "#coral"},
				"down": {"uv": [7, 13, 9, 15], "texture": "#coral"}
			}
		},
		{
			"from": [4.05, 1.95, 4.05],
			"to": [6, 2.95, 5],
			"faces": {
				"north": {"uv": [9, 12, 7, 13], "texture": "#coral"},
				"east": {"uv": [9, 12, 8, 13], "texture": "#coral"},
				"south": {"uv": [7, 12, 9, 13], "texture": "#coral"},
				"west": {"uv": [8, 12, 7, 13], "texture": "#coral"},
				"up": {"uv": [7, 12, 9, 13], "texture": "#coral"},
				"down": {"uv": [7, 12, 9, 13], "texture": "#coral"}
			}
		},
		{
			"from": [5, 3, 5.05],
			"to": [5.95, 3.95, 6],
			"faces": {
				"north": {"uv": [6, 11, 7, 12], "texture": "#coral"},
				"east": {"uv": [6, 11, 7, 12], "texture": "#coral"},
				"south": {"uv": [6, 11, 7, 12], "texture": "#coral"},
				"west": {"uv": [6, 11, 7, 12], "texture": "#coral"},
				"up": {"uv": [6, 11, 7, 12], "texture": "#coral"},
				"down": {"uv": [6, 11, 7, 12], "texture": "#coral"}
			}
		},
		{
			"from": [5, 1.05, 2.05],
			"to": [8.95, 1.95, 4],
			"faces": {
				"north": {"uv": [6, 12, 10, 13], "texture": "#coral"},
				"east": {"uv": [5, 11, 7, 12], "texture": "#coral"},
				"south": {"uv": [5, 12, 2, 13], "texture": "#coral"},
				"west": {"uv": [9, 12, 10, 13], "texture": "#coral"},
				"up": {"uv": [10, 12, 6, 14], "texture": "#coral"},
				"down": {"uv": [10, 14, 6, 12], "texture": "#coral"}
			}
		},
		{
			"from": [6.05, 0.05, 3.05],
			"to": [7.95, 2.95, 4],
			"faces": {
				"north": {"uv": [1, 11, 2, 12], "texture": "#coral"},
				"east": {"uv": [2, 11, 3, 13], "texture": "#coral"},
				"west": {"uv": [1, 11, 2, 12], "texture": "#coral"},
				"up": {"uv": [2, 11, 0, 12], "texture": "#coral"},
				"down": {"uv": [1, 11, 2, 12], "texture": "#coral"}
			}
		},
		{
			"from": [7.05, 0.05, 2.1],
			"to": [7.95, 2.95, 3.05],
			"faces": {
				"north": {"uv": [0, 11, 1, 12], "texture": "#coral"},
				"east": {"uv": [0, 11, 1, 12], "texture": "#coral"},
				"west": {"uv": [0, 11, 1, 12], "texture": "#coral"},
				"up": {"uv": [0, 11, 1, 12], "texture": "#coral"},
				"down": {"uv": [0, 11, 1, 12], "texture": "#coral"}
			}
		},
		{
			"from": [7.05, 3, 4.05],
			"to": [8.95, 4.95, 5],
			"faces": {
				"north": {"uv": [6, 8, 8, 9], "texture": "#coral"},
				"east": {"uv": [6, 8, 8, 9], "texture": "#coral"},
				"south": {"uv": [6, 8, 8, 9], "texture": "#coral"},
				"west": {"uv": [6, 8, 8, 9], "texture": "#coral"},
				"up": {"uv": [6, 8, 8, 9], "texture": "#coral"},
				"down": {"uv": [6, 8, 8, 9], "texture": "#coral"}
			}
		},
		{
			"from": [8.05, 4, 3.05],
			"to": [8.95, 7, 4.05],
			"faces": {
				"north": {"uv": [6, 6, 7, 9], "texture": "#coral"},
				"east": {"uv": [6, 6, 7, 9], "texture": "#coral"},
				"south": {"uv": [6, 6, 7, 9], "texture": "#coral"},
				"west": {"uv": [6, 6, 7, 9], "texture": "#coral"},
				"up": {"uv": [6, 6, 7, 7], "texture": "#coral"},
				"down": {"uv": [6, 8, 8, 9], "texture": "#coral"}
			}
		},
		{
			"from": [8.05, 4.95, 4.05],
			"to": [8.95, 6, 5],
			"faces": {
				"north": {"uv": [5, 4, 6, 5], "texture": "#coral"},
				"east": {"uv": [5, 4, 6, 5], "texture": "#coral"},
				"south": {"uv": [5, 4, 6, 5], "texture": "#coral"},
				"west": {"uv": [5, 4, 6, 5], "texture": "#coral"},
				"up": {"uv": [5, 4, 6, 5], "texture": "#coral"},
				"down": {"uv": [5, 4, 6, 5], "texture": "#coral"}
			}
		},
		{
			"from": [5.05, 4, 8.05],
			"to": [6, 5.95, 8.95],
			"faces": {
				"north": {"uv": [6, 8, 8, 9], "texture": "#coral"},
				"east": {"uv": [6, 8, 8, 9], "texture": "#coral"},
				"south": {"uv": [6, 8, 8, 9], "texture": "#coral"},
				"west": {"uv": [6, 8, 8, 9], "texture": "#coral"},
				"up": {"uv": [6, 8, 8, 9], "texture": "#coral"},
				"down": {"uv": [6, 8, 8, 9], "texture": "#coral"}
			}
		},
		{
			"from": [5.05, 4, 7.05],
			"to": [6, 4.95, 8.05],
			"faces": {
				"north": {"uv": [6, 8, 8, 9], "texture": "#coral"},
				"east": {"uv": [6, 8, 8, 9], "texture": "#coral"},
				"south": {"uv": [6, 8, 8, 9], "texture": "#coral"},
				"west": {"uv": [6, 8, 8, 9], "texture": "#coral"},
				"up": {"uv": [6, 8, 8, 9], "texture": "#coral"},
				"down": {"uv": [6, 8, 8, 9], "texture": "#coral"}
			}
		},
		{
			"from": [6, 4, 4.05],
			"to": [7, 4.95, 5.95],
			"faces": {
				"north": {"uv": [2, 8, 3, 9], "texture": "#coral"},
				"east": {"uv": [4, 8, 2, 9], "texture": "#coral"},
				"south": {"uv": [3, 8, 4, 9], "texture": "#coral"},
				"west": {"uv": [2, 8, 4, 9], "texture": "#coral"},
				"up": {"uv": [2, 8, 4, 9], "rotation": 90, "texture": "#coral"},
				"down": {"uv": [2, 8, 4, 9], "rotation": 270, "texture": "#coral"}
			}
		},
		{
			"from": [8, 2.05, 3.05],
			"to": [10.95, 2.95, 5],
			"faces": {
				"north": {"uv": [6, 12, 9, 13], "texture": "#coral"},
				"east": {"uv": [7, 12, 9, 13], "texture": "#coral"},
				"south": {"uv": [5, 12, 2, 13], "texture": "#coral"},
				"west": {"uv": [4, 12, 6, 13], "texture": "#coral"},
				"up": {"uv": [6, 12, 9, 14], "texture": "#coral"},
				"down": {"uv": [6, 14, 9, 12], "texture": "#coral"}
			}
		},
		{
			"from": [9, 1.05, 3.05],
			"to": [10.95, 2.05, 5],
			"faces": {
				"north": {"uv": [7, 12, 9, 13], "texture": "#coral"},
				"east": {"uv": [6, 12, 8, 13], "texture": "#coral"},
				"south": {"uv": [5, 12, 2, 13], "texture": "#coral"},
				"west": {"uv": [4, 12, 5, 13], "texture": "#coral"},
				"up": {"uv": [6, 12, 8, 13], "texture": "#coral"},
				"down": {"uv": [7, 12, 9, 14], "texture": "#coral"}
			}
		},
		{
			"from": [7.1, 4.05, 0.05],
			"to": [8.95, 5.95, 3.05],
			"faces": {
				"north": {"uv": [9, 13, 7, 15], "texture": "#coral"},
				"east": {"uv": [7, 12, 9, 15], "rotation": 90, "texture": "#coral"},
				"south": {"uv": [7, 13, 9, 15], "texture": "#coral"},
				"west": {"uv": [7, 15, 9, 12], "rotation": 90, "texture": "#coral"},
				"up": {"uv": [9, 12, 7, 15], "texture": "#coral"},
				"down": {"uv": [7, 12, 9, 15], "texture": "#coral"}
			}
		},
		{
			"from": [8.95, 4.05, 2.05],
			"to": [9.95, 5.95, 4],
			"faces": {
				"north": {"uv": [8, 12, 9, 14], "texture": "#coral"},
				"east": {"uv": [7, 12, 9, 14], "texture": "#coral"},
				"south": {"uv": [7, 12, 8, 14], "texture": "#coral"},
				"west": {"uv": [4, 12, 5, 13], "texture": "#coral"},
				"up": {"uv": [8, 12, 9, 14], "texture": "#coral"},
				"down": {"uv": [8, 12, 9, 14], "texture": "#coral"}
			}
		},
		{
			"from": [7.05, 3.05, 3.05],
			"to": [8.95, 3.95, 4.05],
			"faces": {
				"north": {"uv": [9, 12, 7, 13], "texture": "#coral"},
				"east": {"uv": [9, 12, 8, 13], "texture": "#coral"},
				"south": {"uv": [7, 12, 9, 13], "texture": "#coral"},
				"west": {"uv": [8, 12, 7, 13], "texture": "#coral"},
				"up": {"uv": [7, 12, 9, 13], "texture": "#coral"},
				"down": {"uv": [7, 12, 9, 13], "texture": "#coral"}
			}
		},
		{
			"from": [8.05, 7, 2.05],
			"to": [9.95, 8.9, 4.05],
			"faces": {
				"north": {"uv": [9, 13, 7, 15], "texture": "#coral"},
				"east": {"uv": [7, 13, 9, 15], "texture": "#coral"},
				"south": {"uv": [9, 13, 7, 15], "texture": "#coral"},
				"west": {"uv": [7, 13, 9, 15], "texture": "#coral"},
				"up": {"uv": [7, 13, 9, 15], "texture": "#coral"},
				"down": {"uv": [7, 13, 9, 15], "texture": "#coral"}
			}
		},
		{
			"from": [7.05, 7, 3.05],
			"to": [8.95, 8.9, 5.05],
			"faces": {
				"north": {"uv": [9, 13, 7, 15], "texture": "#coral"},
				"east": {"uv": [7, 13, 9, 15], "texture": "#coral"},
				"south": {"uv": [9, 13, 7, 15], "texture": "#coral"},
				"west": {"uv": [7, 13, 9, 15], "texture": "#coral"},
				"up": {"uv": [7, 13, 9, 15], "texture": "#coral"},
				"down": {"uv": [7, 13, 9, 15], "texture": "#coral"}
			}
		},
		{
			"from": [8, 8.9, 3.05],
			"to": [9, 9.9, 4.05],
			"faces": {
				"north": {"uv": [7, 12, 8, 13], "texture": "#coral"},
				"east": {"uv": [7, 12, 8, 13], "texture": "#coral"},
				"south": {"uv": [7, 12, 8, 13], "texture": "#coral"},
				"west": {"uv": [7, 12, 8, 13], "texture": "#coral"},
				"up": {"uv": [7, 12, 8, 13], "texture": "#coral"},
				"down": {"uv": [7, 12, 8, 13], "texture": "#coral"}
			}
		},
		{
			"from": [7, 5, 7],
			"to": [9, 6, 9],
			"faces": {
				"north": {"uv": [5, 6, 6, 7], "texture": "#coral"},
				"east": {"uv": [5, 6, 6, 7], "texture": "#coral"},
				"south": {"uv": [5, 6, 6, 7], "texture": "#coral"},
				"west": {"uv": [5, 6, 6, 7], "texture": "#coral"},
				"up": {"uv": [5, 6, 6, 7], "texture": "#coral"}
			}
		}
	]
}