{
	"__comment":"Designed by GeForceLegend",
	"ambientocclusion":false,
	"textures":{
		"particle":"#fan"
	},
	"elements":[
		{
			"from":[-8,0.01,-0.1],
			"to":[8,0.99,0.9],
			"rotation":{"angle":-22.5,"axis":"z","origin":[8,0,0]},
			"faces":{
				"north":{"uv":[15,-0.0314,16,16.0314],"rotation":90,"texture":"#fan"},
				"south":{"uv":[15,-0.0314,16,16.0314],"rotation":270,"texture":"#fan"}
			}
		},
		{
			"from":[-8,0.01,0.9],
			"to":[8,0.99,1.9],
			"rotation":{"angle":-22.5,"axis":"z","origin":[8,0,0]},
			"faces":{
				"north":{"uv":[14,-0.0314,15,16.0314],"rotation":90,"texture":"#fan"},
				"south":{"uv":[14,-0.0314,15,16.0314],"rotation":270,"texture":"#fan"}
			}
		},
		{
			"from":[-8,0.01,1.9],
			"to":[8,0.99,2.9],
			"rotation":{"angle":-22.5,"axis":"z","origin":[8,0,0]},
			"faces":{
				"north":{"uv":[13,-0.0314,14,16.0314],"rotation":90,"texture":"#fan"},
				"south":{"uv":[13,-0.0314,14,16.0314],"rotation":270,"texture":"#fan"}
			}
		},
		{
			"from":[-8,0.01,2.9],
			"to":[8,0.99,3.9],
			"rotation":{"angle":-22.5,"axis":"z","origin":[8,0,0]},
			"faces":{
				"north":{"uv":[12,-0.0314,13,16.0314],"rotation":90,"texture":"#fan"},
				"south":{"uv":[12,-0.0314,13,16.0314],"rotation":270,"texture":"#fan"}
			}
		},
		{
			"from":[-8,0.01,3.9],
			"to":[8,0.99,4.9],
			"rotation":{"angle":-22.5,"axis":"z","origin":[8,0,0]},
			"faces":{
				"north":{"uv":[11,-0.0314,12,16.0314],"rotation":90,"texture":"#fan"},
				"south":{"uv":[11,-0.0314,12,16.0314],"rotation":270,"texture":"#fan"}
			}
		},
		{
			"from":[-8,0.01,4.9],
			"to":[8,0.99,5.9],
			"rotation":{"angle":-22.5,"axis":"z","origin":[8,0,0]},
			"faces":{
				"north":{"uv":[10,-0.0314,11,16.0314],"rotation":90,"texture":"#fan"},
				"south":{"uv":[10,-0.0314,11,16.0314],"rotation":270,"texture":"#fan"}
			}
		},
		{
			"from":[-8,0.01,5.9],
			"to":[8,0.99,6.9],
			"rotation":{"angle":-22.5,"axis":"z","origin":[8,0,0]},
			"faces":{
				"north":{"uv":[9,-0.0314,10,16.0314],"rotation":90,"texture":"#fan"},
				"south":{"uv":[9,-0.0314,10,16.0314],"rotation":270,"texture":"#fan"}
			}
		},
		{
			"from":[-8,0.01,6.9],
			"to":[8,0.99,7.9],
			"rotation":{"angle":-22.5,"axis":"z","origin":[8,0,0]},
			"faces":{
				"north":{"uv":[8,-0.0314,9,16.0314],"rotation":90,"texture":"#fan"},
				"south":{"uv":[8,-0.0314,9,16.0314],"rotation":270,"texture":"#fan"}
			}
		},
		{
			"from":[-8,0.01,7.9],
			"to":[8,0.99,8.9],
			"rotation":{"angle":-22.5,"axis":"z","origin":[8,0,0]},
			"faces":{
				"north":{"uv":[7,-0.0314,8,16.0314],"rotation":90,"texture":"#fan"},
				"south":{"uv":[7,-0.0314,8,16.0314],"rotation":270,"texture":"#fan"}
			}
		},
		{
			"from":[-8,0.01,8.9],
			"to":[8,0.99,9.9],
			"rotation":{"angle":-22.5,"axis":"z","origin":[8,0,0]},
			"faces":{
				"north":{"uv":[6,-0.0314,7,16.0314],"rotation":90,"texture":"#fan"},
				"south":{"uv":[6,-0.0314,7,16.0314],"rotation":270,"texture":"#fan"}
			}
		},
		{
			"from":[-8,0.01,9.9],
			"to":[8,0.99,10.9],
			"rotation":{"angle":-22.5,"axis":"z","origin":[8,0,0]},
			"faces":{
				"north":{"uv":[5,-0.0314,6,16.0314],"rotation":90,"texture":"#fan"},
				"south":{"uv":[5,-0.0314,6,16.0314],"rotation":270,"texture":"#fan"}
			}
		},
		{
			"from":[-8,0.01,10.9],
			"to":[8,0.99,11.9],
			"rotation":{"angle":-22.5,"axis":"z","origin":[8,0,0]},
			"faces":{
				"north":{"uv":[4,-0.0314,5,16.0314],"rotation":90,"texture":"#fan"},
				"south":{"uv":[4,-0.0314,5,16.0314],"rotation":270,"texture":"#fan"}
			}
		},
		{
			"from":[-8,0.01,11.9],
			"to":[8,0.99,12.9],
			"rotation":{"angle":-22.5,"axis":"z","origin":[8,0,0]},
			"faces":{
				"north":{"uv":[3,-0.0314,4,16.0314],"rotation":90,"texture":"#fan"},
				"south":{"uv":[3,-0.0314,4,16.0314],"rotation":270,"texture":"#fan"}
			}
		},
		{
			"from":[-8,0.01,12.9],
			"to":[8,0.99,13.9],
			"rotation":{"angle":-22.5,"axis":"z","origin":[8,0,0]},
			"faces":{
				"north":{"uv":[2,-0.0314,3,16.0314],"rotation":90,"texture":"#fan"},
				"south":{"uv":[2,-0.0314,3,16.0314],"rotation":270,"texture":"#fan"}
			}
		},
		{
			"from":[-8,0.01,13.9],
			"to":[8,0.99,14.9],
			"rotation":{"angle":-22.5,"axis":"z","origin":[8,0,0]},
			"faces":{
				"north":{"uv":[1,-0.0314,2,16.0314],"rotation":90,"texture":"#fan"},
				"south":{"uv":[1,-0.0314,2,16.0314],"rotation":270,"texture":"#fan"}
			}
		},
		{
			"from":[-8,0.01,14.9],
			"to":[8,0.99,15.9],
			"rotation":{"angle":-22.5,"axis":"z","origin":[8,0,0]},
			"faces":{
				"north":{"uv":[0,-0.0314,1,16.0314],"rotation":90,"texture":"#fan"},
				"south":{"uv":[0,-0.0314,1,16.0314],"rotation":270,"texture":"#fan"}
			}
		},
		{
			"from":[-4,0.01,-0.1],
			"to":[-3,0.99,15.9],
			"rotation":{"angle":-22.5,"axis":"z","origin":[8,0,0]},
			"faces":{
				"east":{"uv":[-0.0314,4,16.0314,5],"texture":"#fan"},
				"west":{"uv":[-0.0314,4,16.0314,5],"rotation":180,"texture":"#fan"}
			}
		},
		{
			"from":[-3,0.01,-0.1],
			"to":[-2,0.99,15.9],
			"rotation":{"angle":-22.5,"axis":"z","origin":[8,0,0]},
			"faces":{
				"east":{"uv":[-0.0314,5,16.0314,6],"texture":"#fan"},
				"west":{"uv":[-0.0314,5,16.0314,6],"rotation":180,"texture":"#fan"}
			}
		},
		{
			"from":[-2,0.01,-0.1],
			"to":[-1,0.99,15.9],
			"rotation":{"angle":-22.5,"axis":"z","origin":[8,0,0]},
			"faces":{
				"east":{"uv":[-0.0314,6,16.0314,7],"texture":"#fan"},
				"west":{"uv":[-0.0314,6,16.0314,7],"rotation":180,"texture":"#fan"}
			}
		},
		{
			"from":[-1,0.01,-0.1],
			"to":[0,0.99,15.9],
			"rotation":{"angle":-22.5,"axis":"z","origin":[8,0,0]},
			"faces":{
				"east":{"uv":[-0.0314,7,16.0314,8],"texture":"#fan"},
				"west":{"uv":[-0.0314,7,16.0314,8],"rotation":180,"texture":"#fan"}
			}
		},
		{
			"from":[0,0.01,-0.1],
			"to":[1,0.99,15.9],
			"rotation":{"angle":-22.5,"axis":"z","origin":[8,0,0]},
			"faces":{
				"east":{"uv":[-0.0314,8,16.0314,9],"texture":"#fan"},
				"west":{"uv":[-0.0314,8,16.0314,9],"rotation":180,"texture":"#fan"}
			}
		},
		{
			"from":[1,0.01,-0.1],
			"to":[2,0.99,15.9],
			"rotation":{"angle":-22.5,"axis":"z","origin":[8,0,0]},
			"faces":{
				"east":{"uv":[-0.0314,9,16.0314,10],"texture":"#fan"},
				"west":{"uv":[-0.0314,9,16.0314,10],"rotation":180,"texture":"#fan"}
			}
		},
		{
			"from":[2,0.01,-0.1],
			"to":[3,0.99,15.9],
			"rotation":{"angle":-22.5,"axis":"z","origin":[8,0,0]},
			"faces":{
				"east":{"uv":[-0.0314,10,16.0314,11],"texture":"#fan"},
				"west":{"uv":[-0.0314,10,16.0314,11],"rotation":180,"texture":"#fan"}
			}
		},
		{
			"from":[3,0.01,-0.1],
			"to":[4,0.99,15.9],
			"rotation":{"angle":-22.5,"axis":"z","origin":[8,0,0]},
			"faces":{
				"east":{"uv":[-0.0314,11,16.0314,12],"texture":"#fan"},
				"west":{"uv":[-0.0314,11,16.0314,12],"rotation":180,"texture":"#fan"}
			}
		},
		{
			"from":[4,0.01,-0.1],
			"to":[5,0.99,15.9],
			"rotation":{"angle":-22.5,"axis":"z","origin":[8,0,0]},
			"faces":{
				"east":{"uv":[-0.0314,12,16.0314,13],"texture":"#fan"},
				"west":{"uv":[-0.0314,12,16.0314,13],"rotation":180,"texture":"#fan"}
			}
		},
		{
			"from":[5,0.01,-0.1],
			"to":[6,0.99,15.9],
			"rotation":{"angle":-22.5,"axis":"z","origin":[8,0,0]},
			"faces":{
				"east":{"uv":[-0.0314,13,16.0314,14],"texture":"#fan"},
				"west":{"uv":[-0.0314,13,16.0314,14],"rotation":180,"texture":"#fan"}
			}
		},
		{
			"from":[6,0.01,-0.1],
			"to":[7,0.99,15.9],
			"rotation":{"angle":-22.5,"axis":"z","origin":[8,0,0]},
			"faces":{
				"east":{"uv":[-0.0314,14,16.0314,15],"texture":"#fan"},
				"west":{"uv":[-0.0314,14,16.0314,15],"rotation":180,"texture":"#fan"}
			}
		},
		{
			"from":[7,0.01,-0.1],
			"to":[8,0.99,15.9],
			"rotation":{"angle":-22.5,"axis":"z","origin":[8,0,0]},
			"faces":{
				"east":{"uv":[-0.0314,15,16.0314,16],"texture":"#fan","cullface":"down"},
				"west":{"uv":[-0.0314,15,16.0314,16],"rotation":180,"texture":"#fan"}
			}
		},
		{
			"from":[-8,0.01,-0.1],
			"to":[8,0.99,15.9],
			"rotation":{"angle":-22.5,"axis":"z","origin":[8,0,0]},
			"faces":{
				"up":{"uv":[-0.0314,-0.0314,16.0314,16.0314],"rotation":270,"texture":"#fan"},
				"down":{"uv":[16.0314,-0.0314,-0.0314,16.0314],"rotation":270,"texture":"#fan"}
			}
		},
		{
			"from":[8,0.01,0.1],
			"to":[9,0.99,16.1],
			"rotation":{"angle":22.5,"axis":"z","origin":[8,0,0]},
			"faces":{
				"east":{"uv":[-0.0314,15,16.0314,16],"rotation":180,"texture":"#fan"},
				"west":{"uv":[-0.0314,15,16.0314,16],"texture":"#fan","cullface":"down"}
			}
		},
		{
			"from":[9,0.01,0.1],
			"to":[10,0.99,16.1],
			"rotation":{"angle":22.5,"axis":"z","origin":[8,0,0]},
			"faces":{
				"east":{"uv":[-0.0314,14,16.0314,15],"rotation":180,"texture":"#fan"},
				"west":{"uv":[-0.0314,14,16.0314,15],"texture":"#fan"}
			}
		},
		{
			"from":[10,0.01,0.1],
			"to":[11,0.99,16.1],
			"rotation":{"angle":22.5,"axis":"z","origin":[8,0,0]},
			"faces":{
				"east":{"uv":[-0.0314,13,16.0314,14],"rotation":180,"texture":"#fan"},
				"west":{"uv":[-0.0314,13,16.0314,14],"texture":"#fan"}
			}
		},
		{
			"from":[11,0.01,0.1],
			"to":[12,0.99,16.1],
			"rotation":{"angle":22.5,"axis":"z","origin":[8,0,0]},
			"faces":{
				"east":{"uv":[-0.0314,12,16.0314,13],"rotation":180,"texture":"#fan"},
				"west":{"uv":[-0.0314,12,16.0314,13],"texture":"#fan"}
			}
		},
		{
			"from":[12,0.01,0.1],
			"to":[13,0.99,16.1],
			"rotation":{"angle":22.5,"axis":"z","origin":[8,0,0]},
			"faces":{
				"east":{"uv":[-0.0314,11,16.0314,12],"rotation":180,"texture":"#fan"},
				"west":{"uv":[-0.0314,11,16.0314,12],"texture":"#fan"}
			}
		},
		{
			"from":[13,0.01,0.1],
			"to":[14,0.99,16.1],
			"rotation":{"angle":22.5,"axis":"z","origin":[8,0,0]},
			"faces":{
				"east":{"uv":[-0.0314,10,16.0314,11],"rotation":180,"texture":"#fan"},
				"west":{"uv":[-0.0314,10,16.0314,11],"texture":"#fan"}
			}
		},
		{
			"from":[14,0.01,0.1],
			"to":[15,0.99,16.1],
			"rotation":{"angle":22.5,"axis":"z","origin":[8,0,0]},
			"faces":{
				"east":{"uv":[-0.0314,9,16.0314,10],"rotation":180,"texture":"#fan"},
				"west":{"uv":[-0.0314,9,16.0314,10],"texture":"#fan"}
			}
		},
		{
			"from":[15,0.01,0.1],
			"to":[16,0.99,16.1],
			"rotation":{"angle":22.5,"axis":"z","origin":[8,0,0]},
			"faces":{
				"east":{"uv":[-0.0314,8,16.0314,9],"rotation":180,"texture":"#fan"},
				"west":{"uv":[-0.0314,8,16.0314,9],"texture":"#fan"}
			}
		},
		{
			"from":[16,0.01,0.1],
			"to":[17,0.99,16.1],
			"rotation":{"angle":22.5,"axis":"z","origin":[8,0,0]},
			"faces":{
				"east":{"uv":[-0.0314,7,16.0314,8],"rotation":180,"texture":"#fan"},
				"west":{"uv":[-0.0314,7,16.0314,8],"texture":"#fan"}
			}
		},
		{
			"from":[17,0.01,0.1],
			"to":[18,0.99,16.1],
			"rotation":{"angle":22.5,"axis":"z","origin":[8,0,0]},
			"faces":{
				"east":{"uv":[-0.0314,6,16.0314,7],"rotation":180,"texture":"#fan"},
				"west":{"uv":[-0.0314,6,16.0314,7],"texture":"#fan"}
			}
		},
		{
			"from":[18,0.01,0.1],
			"to":[19,0.99,16.1],
			"rotation":{"angle":22.5,"axis":"z","origin":[8,0,0]},
			"faces":{
				"east":{"uv":[-0.0314,5,16.0314,6],"rotation":180,"texture":"#fan"},
				"west":{"uv":[-0.0314,5,16.0314,6],"texture":"#fan"}
			}
		},
		{
			"from":[20,0.01,0.1],
			"to":[21,0.99,16.1],
			"rotation":{"angle":22.5,"axis":"z","origin":[8,0,0]},
			"faces":{
				"east":{"uv":[-0.0314,3,16.0314,4],"rotation":180,"texture":"#fan"},
				"west":{"uv":[-0.0314,3,16.0314,4],"texture":"#fan"}
			}
		},
		{
			"from":[8,0.01,0.1],
			"to":[24,0.99,1.1],
			"rotation":{"angle":22.5,"axis":"z","origin":[8,0,0]},
			"faces":{
				"north":{"uv":[0,-0.0314,1,16.0314],"rotation":270,"texture":"#fan"},
				"south":{"uv":[0,-0.0314,1,16.0314],"rotation":90,"texture":"#fan"}
			}
		},
		{
			"from":[8,0.01,1.1],
			"to":[24,0.99,2.1],
			"rotation":{"angle":22.5,"axis":"z","origin":[8,0,0]},
			"faces":{
				"north":{"uv":[1,-0.0314,2,16.0314],"rotation":270,"texture":"#fan"},
				"south":{"uv":[1,-0.0314,2,16.0314],"rotation":90,"texture":"#fan"}
			}
		},
		{
			"from":[8,0.01,2.1],
			"to":[24,0.99,3.1],
			"rotation":{"angle":22.5,"axis":"z","origin":[8,0,0]},
			"faces":{
				"north":{"uv":[2,-0.0314,3,16.0314],"rotation":270,"texture":"#fan"},
				"south":{"uv":[2,-0.0314,3,16.0314],"rotation":90,"texture":"#fan"}
			}
		},
		{
			"from":[8,0.01,3.1],
			"to":[24,0.99,4.1],
			"rotation":{"angle":22.5,"axis":"z","origin":[8,0,0]},
			"faces":{
				"north":{"uv":[3,-0.0314,4,16.0314],"rotation":270,"texture":"#fan"},
				"south":{"uv":[3,-0.0314,4,16.0314],"rotation":90,"texture":"#fan"}
			}
		},
		{
			"from":[8,0.01,4.1],
			"to":[24,0.99,5.1],
			"rotation":{"angle":22.5,"axis":"z","origin":[8,0,0]},
			"faces":{
				"north":{"uv":[4,-0.0314,5,16.0314],"rotation":270,"texture":"#fan"},
				"south":{"uv":[4,-0.0314,5,16.0314],"rotation":90,"texture":"#fan"}
			}
		},
		{
			"from":[8,0.01,5.1],
			"to":[24,0.99,6.1],
			"rotation":{"angle":22.5,"axis":"z","origin":[8,0,0]},
			"faces":{
				"north":{"uv":[5,-0.0314,6,16.0314],"rotation":270,"texture":"#fan"},
				"south":{"uv":[5,-0.0314,6,16.0314],"rotation":90,"texture":"#fan"}
			}
		},
		{
			"from":[8,0.01,6.1],
			"to":[24,0.99,7.1],
			"rotation":{"angle":22.5,"axis":"z","origin":[8,0,0]},
			"faces":{
				"north":{"uv":[6,-0.0314,7,16.0314],"rotation":270,"texture":"#fan"},
				"south":{"uv":[6,-0.0314,7,16.0314],"rotation":90,"texture":"#fan"}
			}
		},
		{
			"from":[8,0.01,7.1],
			"to":[24,0.99,8.1],
			"rotation":{"angle":22.5,"axis":"z","origin":[8,0,0]},
			"faces":{
				"north":{"uv":[7,-0.0314,8,16.0314],"rotation":270,"texture":"#fan"},
				"south":{"uv":[7,-0.0314,8,16.0314],"rotation":90,"texture":"#fan"}
			}
		},
		{
			"from":[8,0.01,8.1],
			"to":[24,0.99,9.1],
			"rotation":{"angle":22.5,"axis":"z","origin":[8,0,0]},
			"faces":{
				"north":{"uv":[8,-0.0314,9,16.0314],"rotation":270,"texture":"#fan"},
				"south":{"uv":[8,-0.0314,9,16.0314],"rotation":90,"texture":"#fan"}
			}
		},
		{
			"from":[8,0.01,9.1],
			"to":[24,0.99,10.1],
			"rotation":{"angle":22.5,"axis":"z","origin":[8,0,0]},
			"faces":{
				"north":{"uv":[9,-0.0314,10,16.0314],"rotation":270,"texture":"#fan"},
				"south":{"uv":[9,-0.0314,10,16.0314],"rotation":90,"texture":"#fan"}
			}
		},
		{
			"from":[8,0.01,10.1],
			"to":[24,0.99,11.1],
			"rotation":{"angle":22.5,"axis":"z","origin":[8,0,0]},
			"faces":{
				"north":{"uv":[10,-0.0314,11,16.0314],"rotation":270,"texture":"#fan"},
				"south":{"uv":[10,-0.0314,11,16.0314],"rotation":90,"texture":"#fan"}
			}
		},
		{
			"from":[8,0.01,11.1],
			"to":[24,0.99,12.1],
			"rotation":{"angle":22.5,"axis":"z","origin":[8,0,0]},
			"faces":{
				"north":{"uv":[11,-0.0314,12,16.0314],"rotation":270,"texture":"#fan"},
				"south":{"uv":[11,-0.0314,12,16.0314],"rotation":90,"texture":"#fan"}
			}
		},
		{
			"from":[8,0.01,12.1],
			"to":[24,0.99,13.1],
			"rotation":{"angle":22.5,"axis":"z","origin":[8,0,0]},
			"faces":{
				"north":{"uv":[12,-0.0314,13,16.0314],"rotation":270,"texture":"#fan"},
				"south":{"uv":[12,-0.0314,13,16.0314],"rotation":90,"texture":"#fan"}
			}
		},
		{
			"from":[8,0.01,13.1],
			"to":[24,0.99,14.1],
			"rotation":{"angle":22.5,"axis":"z","origin":[8,0,0]},
			"faces":{
				"north":{"uv":[13,-0.0314,14,16.0314],"rotation":270,"texture":"#fan"},
				"south":{"uv":[13,-0.0314,14,16.0314],"rotation":90,"texture":"#fan"}
			}
		},
		{
			"from":[8,0.01,14.1],
			"to":[24,0.99,15.1],
			"rotation":{"angle":22.5,"axis":"z","origin":[8,0,0]},
			"faces":{
				"north":{"uv":[14,-0.0314,15,16.0314],"rotation":270,"texture":"#fan"},
				"south":{"uv":[14,-0.0314,15,16.0314],"rotation":90,"texture":"#fan"}
			}
		},
		{
			"from":[8,0.01,15.1],
			"to":[24,0.99,16.1],
			"rotation":{"angle":22.5,"axis":"z","origin":[8,0,0]},
			"faces":{
				"north":{"uv":[15,-0.0314,16,16.0314],"rotation":270,"texture":"#fan"},
				"south":{"uv":[15,-0.0314,16,16.0314],"rotation":90,"texture":"#fan"}
			}
		},
		{
			"from":[8,0.01,0.1],
			"to":[24,0.99,16.1],
			"rotation":{"angle":22.5,"axis":"z","origin":[8,0,0]},
			"faces":{
				"up":{"uv":[-0.0314,-0.0314,16.0314,16.0314],"rotation":90,"texture":"#fan"},
				"down":{"uv":[16.0314,-0.0314,-0.0314,16.0314],"rotation":90,"texture":"#fan"}
			}
		},
		{
			"from":[0.1,0.01,-8],
			"to":[16.1,0.99,8],
			"rotation":{"angle":22.5,"axis":"x","origin":[0,0,8]},
			"faces":{
				"up":{"uv":[-0.0314,-0.0314,16.0314,16.0314],"texture":"#fan"},
				"down":{"uv":[16.0314,-0.0314,-0.0314,16.0314],"rotation":180,"texture":"#fan"}
			}
		},
		{
			"from":[15.1,0.01,-8],
			"to":[16.1,0.99,8],
			"rotation":{"angle":22.5,"axis":"x","origin":[0,0,8]},
			"faces":{
				"east":{"uv":[15,-0.0314,16,16.0314],"rotation":90,"texture":"#fan"},
				"west":{"uv":[15,-0.0314,16,16.0314],"rotation":270,"texture":"#fan"}
			}
		},
		{
			"from":[14.1,0.01,-8],
			"to":[15.1,0.99,8],
			"rotation":{"angle":22.5,"axis":"x","origin":[0,0,8]},
			"faces":{
				"east":{"uv":[14,-0.0314,15,16.0314],"rotation":90,"texture":"#fan"},
				"west":{"uv":[14,-0.0314,15,16.0314],"rotation":270,"texture":"#fan"}
			}
		},
		{
			"from":[13.1,0.01,-8],
			"to":[14.1,0.99,8],
			"rotation":{"angle":22.5,"axis":"x","origin":[0,0,8]},
			"faces":{
				"east":{"uv":[13,-0.0314,14,16.0314],"rotation":90,"texture":"#fan"},
				"west":{"uv":[13,-0.0314,14,16.0314],"rotation":270,"texture":"#fan"}
			}
		},
		{
			"from":[12.1,0.01,-8],
			"to":[13.1,0.99,8],
			"rotation":{"angle":22.5,"axis":"x","origin":[0,0,8]},
			"faces":{
				"east":{"uv":[12,-0.0314,13,16.0314],"rotation":90,"texture":"#fan"},
				"west":{"uv":[12,-0.0314,13,16.0314],"rotation":270,"texture":"#fan"}
			}
		},
		{
			"from":[11.1,0.01,-8],
			"to":[12.1,0.99,8],
			"rotation":{"angle":22.5,"axis":"x","origin":[0,0,8]},
			"faces":{
				"east":{"uv":[11,-0.0314,12,16.0314],"rotation":90,"texture":"#fan"},
				"west":{"uv":[11,-0.0314,12,16.0314],"rotation":270,"texture":"#fan"}
			}
		},
		{
			"from":[10.1,0.01,-8],
			"to":[11.1,0.99,8],
			"rotation":{"angle":22.5,"axis":"x","origin":[0,0,8]},
			"faces":{
				"east":{"uv":[10,-0.0314,11,16.0314],"rotation":90,"texture":"#fan"},
				"west":{"uv":[10,-0.0314,11,16.0314],"rotation":270,"texture":"#fan"}
			}
		},
		{
			"from":[9.1,0.01,-8],
			"to":[10.1,0.99,8],
			"rotation":{"angle":22.5,"axis":"x","origin":[0,0,8]},
			"faces":{
				"east":{"uv":[9,-0.0314,10,16.0314],"rotation":90,"texture":"#fan"},
				"west":{"uv":[9,-0.0314,10,16.0314],"rotation":270,"texture":"#fan"}
			}
		},
		{
			"from":[8.1,0.01,-8],
			"to":[9.1,0.99,8],
			"rotation":{"angle":22.5,"axis":"x","origin":[0,0,8]},
			"faces":{
				"east":{"uv":[8,-0.0314,9,16.0314],"rotation":90,"texture":"#fan"},
				"west":{"uv":[8,-0.0314,9,16.0314],"rotation":270,"texture":"#fan"}
			}
		},
		{
			"from":[7.1,0.01,-8],
			"to":[8.1,0.99,8],
			"rotation":{"angle":22.5,"axis":"x","origin":[0,0,8]},
			"faces":{
				"east":{"uv":[7,-0.0314,8,16.0314],"rotation":90,"texture":"#fan"},
				"west":{"uv":[7,-0.0314,8,16.0314],"rotation":270,"texture":"#fan"}
			}
		},
		{
			"from":[6.1,0.01,-8],
			"to":[7.1,0.99,8],
			"rotation":{"angle":22.5,"axis":"x","origin":[0,0,8]},
			"faces":{
				"east":{"uv":[6,-0.0314,7,16.0314],"rotation":90,"texture":"#fan"},
				"west":{"uv":[6,-0.0314,7,16.0314],"rotation":270,"texture":"#fan"}
			}
		},
		{
			"from":[5.1,0.01,-8],
			"to":[6.1,0.99,8],
			"rotation":{"angle":22.5,"axis":"x","origin":[0,0,8]},
			"faces":{
				"east":{"uv":[5,-0.0314,6,16.0314],"rotation":90,"texture":"#fan"},
				"west":{"uv":[5,-0.0314,6,16.0314],"rotation":270,"texture":"#fan"}
			}
		},
		{
			"from":[4.1,0.01,-8],
			"to":[5.1,0.99,8],
			"rotation":{"angle":22.5,"axis":"x","origin":[0,0,8]},
			"faces":{
				"east":{"uv":[4,-0.0314,5,16.0314],"rotation":90,"texture":"#fan"},
				"west":{"uv":[4,-0.0314,5,16.0314],"rotation":270,"texture":"#fan"}
			}
		},
		{
			"from":[3.1,0.01,-8],
			"to":[4.1,0.99,8],
			"rotation":{"angle":22.5,"axis":"x","origin":[0,0,8]},
			"faces":{
				"east":{"uv":[3,-0.0314,4,16.0314],"rotation":90,"texture":"#fan"},
				"west":{"uv":[3,-0.0314,4,16.0314],"rotation":270,"texture":"#fan"}
			}
		},
		{
			"from":[2.1,0.01,-8],
			"to":[3.1,0.99,8],
			"rotation":{"angle":22.5,"axis":"x","origin":[0,0,8]},
			"faces":{
				"east":{"uv":[2,-0.0314,3,16.0314],"rotation":90,"texture":"#fan"},
				"west":{"uv":[2,-0.0314,3,16.0314],"rotation":270,"texture":"#fan"}
			}
		},
		{
			"from":[1.1,0.01,-8],
			"to":[2.1,0.99,8],
			"rotation":{"angle":22.5,"axis":"x","origin":[0,0,8]},
			"faces":{
				"east":{"uv":[1,-0.0314,2,16.0314],"rotation":90,"texture":"#fan"},
				"west":{"uv":[1,-0.0314,2,16.0314],"rotation":270,"texture":"#fan"}
			}
		},
		{
			"from":[0.1,0.01,-8],
			"to":[1.1,0.99,8],
			"rotation":{"angle":22.5,"axis":"x","origin":[0,0,8]},
			"faces":{
				"east":{"uv":[0,-0.0314,1,16.0314],"rotation":90,"texture":"#fan"},
				"west":{"uv":[0,-0.0314,1,16.0314],"rotation":270,"texture":"#fan"}
			}
		},
		{
			"from":[0.1,0.01,-4],
			"to":[16.1,0.99,-3],
			"rotation":{"angle":22.5,"axis":"x","origin":[0,0,8]},
			"faces":{
				"north":{"uv":[-0.0314,4,16.0314,5],"rotation":180,"texture":"#fan"},
				"south":{"uv":[-0.0314,4,16.0314,5],"texture":"#fan"}
			}
		},
		{
			"from":[0.1,0.01,-3],
			"to":[16.1,0.99,-2],
			"rotation":{"angle":22.5,"axis":"x","origin":[0,0,8]},
			"faces":{
				"north":{"uv":[-0.0314,5,16.0314,6],"rotation":180,"texture":"#fan"},
				"south":{"uv":[-0.0314,5,16.0314,6],"texture":"#fan"}
			}
		},
		{
			"from":[0.1,0.01,-2],
			"to":[16.1,0.99,-1],
			"rotation":{"angle":22.5,"axis":"x","origin":[0,0,8]},
			"faces":{
				"north":{"uv":[-0.0314,6,16.0314,7],"rotation":180,"texture":"#fan"},
				"south":{"uv":[-0.0314,6,16.0314,7],"texture":"#fan"}
			}
		},
		{
			"from":[0.1,0.01,-1],
			"to":[16.1,0.99,0],
			"rotation":{"angle":22.5,"axis":"x","origin":[0,0,8]},
			"faces":{
				"north":{"uv":[-0.0314,7,16.0314,8],"rotation":180,"texture":"#fan"},
				"south":{"uv":[-0.0314,7,16.0314,8],"texture":"#fan"}
			}
		},
		{
			"from":[0.1,0.01,0],
			"to":[16.1,0.99,1],
			"rotation":{"angle":22.5,"axis":"x","origin":[0,0,8]},
			"faces":{
				"north":{"uv":[-0.0314,8,16.0314,9],"rotation":180,"texture":"#fan"},
				"south":{"uv":[-0.0314,8,16.0314,9],"texture":"#fan"}
			}
		},
		{
			"from":[0.1,0.01,1],
			"to":[16.1,0.99,2],
			"rotation":{"angle":22.5,"axis":"x","origin":[0,0,8]},
			"faces":{
				"north":{"uv":[-0.0314,9,16.0314,10],"rotation":180,"texture":"#fan"},
				"south":{"uv":[-0.0314,9,16.0314,10],"texture":"#fan"}
			}
		},
		{
			"from":[0.1,0.01,2],
			"to":[16.1,0.99,3],
			"rotation":{"angle":22.5,"axis":"x","origin":[0,0,8]},
			"faces":{
				"north":{"uv":[-0.0314,10,16.0314,11],"rotation":180,"texture":"#fan"},
				"south":{"uv":[-0.0314,10,16.0314,11],"texture":"#fan"}
			}
		},
		{
			"from":[0.1,0.01,3],
			"to":[16.1,0.99,4],
			"rotation":{"angle":22.5,"axis":"x","origin":[0,0,8]},
			"faces":{
				"north":{"uv":[-0.0314,11,16.0314,12],"rotation":180,"texture":"#fan"},
				"south":{"uv":[-0.0314,11,16.0314,12],"texture":"#fan"}
			}
		},
		{
			"from":[0.1,0.01,4],
			"to":[16.1,0.99,5],
			"rotation":{"angle":22.5,"axis":"x","origin":[0,0,8]},
			"faces":{
				"north":{"uv":[-0.0314,12,16.0314,13],"rotation":180,"texture":"#fan"},
				"south":{"uv":[-0.0314,12,16.0314,13],"texture":"#fan"}
			}
		},
		{
			"from":[0.1,0.01,5],
			"to":[16.1,0.99,6],
			"rotation":{"angle":22.5,"axis":"x","origin":[0,0,8]},
			"faces":{
				"north":{"uv":[-0.0314,13,16.0314,14],"rotation":180,"texture":"#fan"},
				"south":{"uv":[-0.0314,13,16.0314,14],"texture":"#fan"}
			}
		},
		{
			"from":[0.1,0.01,6],
			"to":[16.1,0.99,7],
			"rotation":{"angle":22.5,"axis":"x","origin":[0,0,8]},
			"faces":{
				"north":{"uv":[-0.0314,14,16.0314,15],"rotation":180,"texture":"#fan"},
				"south":{"uv":[-0.0314,14,16.0314,15],"texture":"#fan"}
			}
		},
		{
			"from":[0.1,0.01,7],
			"to":[16.1,0.99,8],
			"rotation":{"angle":22.5,"axis":"x","origin":[0,0,8]},
			"faces":{
				"north":{"uv":[-0.0314,15,16.0314,16],"rotation":180,"texture":"#fan"},
				"south":{"uv":[-0.0314,15,16.0314,16],"texture":"#fan","cullface":"down"}
			}
		},
		{
			"from":[-0.1,0.01,8],
			"to":[15.9,0.99,24],
			"rotation":{"angle":-22.5,"axis":"x","origin":[0,0,8]},
			"faces":{
				"up":{"uv":[-0.0314,-0.0314,16.0314,16.0314],"rotation":180,"texture":"#fan"},
				"down":{"uv":[16.0314,-0.0314,-0.0314,16.0314],"texture":"#fan"}
			}
		},
		{
			"from":[-0.1,0.01,8],
			"to":[0.9,0.99,24],
			"rotation":{"angle":-22.5,"axis":"x","origin":[0,0,8]},
			"faces":{
				"east":{"uv":[16,-0.0314,15,16.0314],"rotation":270,"texture":"#fan"},
				"west":{"uv":[16,-0.0314,15,16.0314],"rotation":90,"texture":"#fan"}
			}
		},
		{
			"from":[0.9,0.01,8],
			"to":[1.9,0.99,24],
			"rotation":{"angle":-22.5,"axis":"x","origin":[0,0,8]},
			"faces":{
				"east":{"uv":[15,-0.0314,14,16.0314],"rotation":270,"texture":"#fan"},
				"west":{"uv":[15,-0.0314,14,16.0314],"rotation":90,"texture":"#fan"}
			}
		},
		{
			"from":[1.9,0.01,8],
			"to":[2.9,0.99,24],
			"rotation":{"angle":-22.5,"axis":"x","origin":[0,0,8]},
			"faces":{
				"east":{"uv":[14,-0.0314,13,16.0314],"rotation":270,"texture":"#fan"},
				"west":{"uv":[14,-0.0314,13,16.0314],"rotation":90,"texture":"#fan"}
			}
		},
		{
			"from":[2.9,0.01,8],
			"to":[3.9,0.99,24],
			"rotation":{"angle":-22.5,"axis":"x","origin":[0,0,8]},
			"faces":{
				"east":{"uv":[13,-0.0314,12,16.0314],"rotation":270,"texture":"#fan"},
				"west":{"uv":[13,-0.0314,12,16.0314],"rotation":90,"texture":"#fan"}
			}
		},
		{
			"from":[3.9,0.01,8],
			"to":[4.9,0.99,24],
			"rotation":{"angle":-22.5,"axis":"x","origin":[0,0,8]},
			"faces":{
				"east":{"uv":[12,-0.0314,11,16.0314],"rotation":270,"texture":"#fan"},
				"west":{"uv":[12,-0.0314,11,16.0314],"rotation":90,"texture":"#fan"}
			}
		},
		{
			"from":[4.9,0.01,8],
			"to":[5.9,0.99,24],
			"rotation":{"angle":-22.5,"axis":"x","origin":[0,0,8]},
			"faces":{
				"east":{"uv":[11,-0.0314,10,16.0314],"rotation":270,"texture":"#fan"},
				"west":{"uv":[11,-0.0314,10,16.0314],"rotation":90,"texture":"#fan"}
			}
		},
		{
			"from":[5.9,0.01,8],
			"to":[6.9,0.99,24],
			"rotation":{"angle":-22.5,"axis":"x","origin":[0,0,8]},
			"faces":{
				"east":{"uv":[10,-0.0314,9,16.0314],"rotation":270,"texture":"#fan"},
				"west":{"uv":[10,-0.0314,9,16.0314],"rotation":90,"texture":"#fan"}
			}
		},
		{
			"from":[6.9,0.01,8],
			"to":[7.9,0.99,24],
			"rotation":{"angle":-22.5,"axis":"x","origin":[0,0,8]},
			"faces":{
				"east":{"uv":[9,-0.0314,8,16.0314],"rotation":270,"texture":"#fan"},
				"west":{"uv":[9,-0.0314,8,16.0314],"rotation":90,"texture":"#fan"}
			}
		},
		{
			"from":[7.9,0.01,8],
			"to":[8.9,0.99,24],
			"rotation":{"angle":-22.5,"axis":"x","origin":[0,0,8]},
			"faces":{
				"east":{"uv":[8,-0.0314,7,16.0314],"rotation":270,"texture":"#fan"},
				"west":{"uv":[8,-0.0314,7,16.0314],"rotation":90,"texture":"#fan"}
			}
		},
		{
			"from":[8.9,0.01,8],
			"to":[9.9,0.99,24],
			"rotation":{"angle":-22.5,"axis":"x","origin":[0,0,8]},
			"faces":{
				"east":{"uv":[7,-0.0314,6,16.0314],"rotation":270,"texture":"#fan"},
				"west":{"uv":[7,-0.0314,6,16.0314],"rotation":90,"texture":"#fan"}
			}
		},
		{
			"from":[9.9,0.01,8],
			"to":[10.9,0.99,24],
			"rotation":{"angle":-22.5,"axis":"x","origin":[0,0,8]},
			"faces":{
				"east":{"uv":[6,-0.0314,5,16.0314],"rotation":270,"texture":"#fan"},
				"west":{"uv":[6,-0.0314,5,16.0314],"rotation":90,"texture":"#fan"}
			}
		},
		{
			"from":[10.9,0.01,8],
			"to":[11.9,0.99,24],
			"rotation":{"angle":-22.5,"axis":"x","origin":[0,0,8]},
			"faces":{
				"east":{"uv":[5,-0.0314,4,16.0314],"rotation":270,"texture":"#fan"},
				"west":{"uv":[5,-0.0314,4,16.0314],"rotation":90,"texture":"#fan"}
			}
		},
		{
			"from":[11.9,0.01,8],
			"to":[12.9,0.99,24],
			"rotation":{"angle":-22.5,"axis":"x","origin":[0,0,8]},
			"faces":{
				"east":{"uv":[4,-0.0314,3,16.0314],"rotation":270,"texture":"#fan"},
				"west":{"uv":[4,-0.0314,3,16.0314],"rotation":90,"texture":"#fan"}
			}
		},
		{
			"from":[12.9,0.01,8],
			"to":[13.9,0.99,24],
			"rotation":{"angle":-22.5,"axis":"x","origin":[0,0,8]},
			"faces":{
				"east":{"uv":[3,-0.0314,2,16.0314],"rotation":270,"texture":"#fan"},
				"west":{"uv":[3,-0.0314,2,16.0314],"rotation":90,"texture":"#fan"}
			}
		},
		{
			"from":[13.9,0.01,8],
			"to":[14.9,0.99,24],
			"rotation":{"angle":-22.5,"axis":"x","origin":[0,0,8]},
			"faces":{
				"east":{"uv":[2,-0.0314,1,16.0314],"rotation":270,"texture":"#fan"},
				"west":{"uv":[2,-0.0314,1,16.0314],"rotation":90,"texture":"#fan"}
			}
		},
		{
			"from":[14.9,0.01,8],
			"to":[15.9,0.99,24],
			"rotation":{"angle":-22.5,"axis":"x","origin":[0,0,8]},
			"faces":{
				"east":{"uv":[1,-0.0314,0,16.0314],"rotation":270,"texture":"#fan"},
				"west":{"uv":[1,-0.0314,0,16.0314],"rotation":90,"texture":"#fan"}
			}
		},
		{
			"from":[-0.1,0.01,19],
			"to":[15.9,0.99,20],
			"rotation":{"angle":-22.5,"axis":"x","origin":[0,0,8]},
			"faces":{
				"north":{"uv":[16.0314,4,-0.0314,5],"rotation":180,"texture":"#fan"},
				"south":{"uv":[16.0314,4,-0.0314,5],"texture":"#fan"}
			}
		},
		{
			"from":[-0.1,0.01,18],
			"to":[15.9,0.99,19],
			"rotation":{"angle":-22.5,"axis":"x","origin":[0,0,8]},
			"faces":{
				"north":{"uv":[16.0314,5,-0.0314,6],"rotation":180,"texture":"#fan"},
				"south":{"uv":[16.0314,5,-0.0314,6],"texture":"#fan"}
			}
		},
		{
			"from":[-0.1,0.01,17],
			"to":[15.9,0.99,18],
			"rotation":{"angle":-22.5,"axis":"x","origin":[0,0,8]},
			"faces":{
				"north":{"uv":[16.0314,6,-0.0314,7],"rotation":180,"texture":"#fan"},
				"south":{"uv":[16.0314,6,-0.0314,7],"texture":"#fan"}
			}
		},
		{
			"from":[-0.1,0.01,16],
			"to":[15.9,0.99,17],
			"rotation":{"angle":-22.5,"axis":"x","origin":[0,0,8]},
			"faces":{
				"north":{"uv":[16.0314,7,-0.0314,8],"rotation":180,"texture":"#fan"},
				"south":{"uv":[16.0314,7,-0.0314,8],"texture":"#fan"}
			}
		},
		{
			"from":[-0.1,0.01,15],
			"to":[15.9,0.99,16],
			"rotation":{"angle":-22.5,"axis":"x","origin":[0,0,8]},
			"faces":{
				"north":{"uv":[16.0314,8,-0.0314,9],"rotation":180,"texture":"#fan"},
				"south":{"uv":[16.0314,8,-0.0314,9],"texture":"#fan"}
			}
		},
		{
			"from":[-0.1,0.01,14],
			"to":[15.9,0.99,15],
			"rotation":{"angle":-22.5,"axis":"x","origin":[0,0,8]},
			"faces":{
				"north":{"uv":[16.0314,9,-0.0314,10],"rotation":180,"texture":"#fan"},
				"south":{"uv":[16.0314,9,-0.0314,10],"texture":"#fan"}
			}
		},
		{
			"from":[-0.1,0.01,13],
			"to":[15.9,0.99,14],
			"rotation":{"angle":-22.5,"axis":"x","origin":[0,0,8]},
			"faces":{
				"north":{"uv":[16.0314,10,-0.0314,11],"rotation":180,"texture":"#fan"},
				"south":{"uv":[16.0314,10,-0.0314,11],"texture":"#fan"}
			}
		},
		{
			"from":[-0.1,0.01,12],
			"to":[15.9,0.99,13],
			"rotation":{"angle":-22.5,"axis":"x","origin":[0,0,8]},
			"faces":{
				"north":{"uv":[16.0314,11,-0.0314,12],"rotation":180,"texture":"#fan"},
				"south":{"uv":[16.0314,11,-0.0314,12],"texture":"#fan"}
			}
		},
		{
			"from":[-0.1,0.01,11],
			"to":[15.9,0.99,12],
			"rotation":{"angle":-22.5,"axis":"x","origin":[0,0,8]},
			"faces":{
				"north":{"uv":[16.0314,12,-0.0314,13],"rotation":180,"texture":"#fan"},
				"south":{"uv":[16.0314,12,-0.0314,13],"texture":"#fan"}
			}
		},
		{
			"from":[-0.1,0.01,10],
			"to":[15.9,0.99,11],
			"rotation":{"angle":-22.5,"axis":"x","origin":[0,0,8]},
			"faces":{
				"north":{"uv":[16.0314,13,-0.0314,14],"rotation":180,"texture":"#fan"},
				"south":{"uv":[16.0314,13,-0.0314,14],"texture":"#fan"}
			}
		},
		{
			"from":[-0.1,0.01,9],
			"to":[15.9,0.99,10],
			"rotation":{"angle":-22.5,"axis":"x","origin":[0,0,8]},
			"faces":{
				"north":{"uv":[16.0314,14,-0.0314,15],"rotation":180,"texture":"#fan"},
				"south":{"uv":[16.0314,14,-0.0314,15],"texture":"#fan"}
			}
		},
		{
			"from":[-0.1,0.01,8],
			"to":[15.9,0.99,9],
			"rotation":{"angle":-22.5,"axis":"x","origin":[0,0,8]},
			"faces":{
				"north":{"uv":[16.0314,15,-0.0314,16],"rotation":180,"texture":"#fan","cullface":"down"},
				"south":{"uv":[16.0314,15,-0.0314,16],"texture":"#fan"}
			}
		}
	]
}