{
	"__comment":"Designed by GeForceLegend",
	"ambientocclusion":false,
	"textures":{
		"particle":"#fan"
	},
	"elements":[
		{
			"from":[-0.1,8,15.01],
			"to":[15.9,9,15.99],
			"rotation":{"angle":-22.5,"axis":"x","origin":[0,8,16]},
			"faces":{
				"up":{"uv":[16.0314,15,-0.0314,16],"texture":"#fan"},
				"down":{"uv":[16.0314,15,-0.0314,16],"texture":"#fan","cullface":"down"}
			}
		},
		{
			"from":[-0.1,9,15.01],
			"to":[15.9,10,15.99],
			"rotation":{"angle":-22.5,"axis":"x","origin":[0,8,16]},
			"faces":{
				"up":{"uv":[16.0314,14,-0.0314,15],"texture":"#fan"},
				"down":{"uv":[16.0314,14,-0.0314,15],"texture":"#fan"}
			}
		},
		{
			"from":[-0.1,10,15.01],
			"to":[15.9,11,15.99],
			"rotation":{"angle":-22.5,"axis":"x","origin":[0,8,16]},
			"faces":{
				"up":{"uv":[16.0314,13,-0.0314,14],"texture":"#fan"},
				"down":{"uv":[16.0314,13,-0.0314,14],"texture":"#fan"}
			}
		},
		{
			"from":[-0.1,11,15.01],
			"to":[15.9,12,15.99],
			"rotation":{"angle":-22.5,"axis":"x","origin":[0,8,16]},
			"faces":{
				"up":{"uv":[16.0314,12,-0.0314,13],"texture":"#fan"},
				"down":{"uv":[16.0314,12,-0.0314,13],"texture":"#fan"}
			}
		},
		{
			"from":[-0.1,12,15.01],
			"to":[15.9,13,15.99],
			"rotation":{"angle":-22.5,"axis":"x","origin":[0,8,16]},
			"faces":{
				"up":{"uv":[16.0314,11,-0.0314,12],"texture":"#fan"},
				"down":{"uv":[16.0314,11,-0.0314,12],"texture":"#fan"}
			}
		},
		{
			"from":[-0.1,13,15.01],
			"to":[15.9,14,15.99],
			"rotation":{"angle":-22.5,"axis":"x","origin":[0,8,16]},
			"faces":{
				"up":{"uv":[16.0314,10,-0.0314,11],"texture":"#fan"},
				"down":{"uv":[16.0314,10,-0.0314,11],"texture":"#fan"}
			}
		},
		{
			"from":[-0.1,14,15.01],
			"to":[15.9,15,15.99],
			"rotation":{"angle":-22.5,"axis":"x","origin":[0,8,16]},
			"faces":{
				"up":{"uv":[16.0314,9,-0.0314,10],"texture":"#fan"},
				"down":{"uv":[16.0314,9,-0.0314,10],"texture":"#fan"}
			}
		},
		{
			"from":[-0.1,15,15.01],
			"to":[15.9,16,15.99],
			"rotation":{"angle":-22.5,"axis":"x","origin":[0,8,16]},
			"faces":{
				"up":{"uv":[16.0314,8,-0.0314,9],"texture":"#fan"},
				"down":{"uv":[16.0314,8,-0.0314,9],"texture":"#fan"}
			}
		},
		{
			"from":[-0.1,16,15.01],
			"to":[15.9,17,15.99],
			"rotation":{"angle":-22.5,"axis":"x","origin":[0,8,16]},
			"faces":{
				"up":{"uv":[16.0314,7,-0.0314,8],"texture":"#fan"},
				"down":{"uv":[16.0314,7,-0.0314,8],"texture":"#fan"}
			}
		},
		{
			"from":[-0.1,17,15.01],
			"to":[15.9,18,15.99],
			"rotation":{"angle":-22.5,"axis":"x","origin":[0,8,16]},
			"faces":{
				"up":{"uv":[16.0314,6,-0.0314,7],"texture":"#fan"},
				"down":{"uv":[16.0314,6,-0.0314,7],"texture":"#fan"}
			}
		},
		{
			"from":[-0.1,18,15.01],
			"to":[15.9,19,15.99],
			"rotation":{"angle":-22.5,"axis":"x","origin":[0,8,16]},
			"faces":{
				"up":{"uv":[16.0314,5,-0.0314,6],"texture":"#fan"},
				"down":{"uv":[16.0314,5,-0.0314,6],"texture":"#fan"}
			}
		},
		{
			"from":[-0.1,19,15.01],
			"to":[15.9,20,15.99],
			"rotation":{"angle":-22.5,"axis":"x","origin":[0,8,16]},
			"faces":{
				"up":{"uv":[16.0314,4,-0.0314,5],"texture":"#fan"},
				"down":{"uv":[16.0314,4,-0.0314,5],"texture":"#fan"}
			}
		},
		{
			"from":[14.9,8,15.01],
			"to":[15.9,24,15.99],
			"rotation":{"angle":-22.5,"axis":"x","origin":[0,8,16]},
			"faces":{
				"east":{"uv":[1,-0.0314,0,16.0314],"texture":"#fan"},
				"west":{"uv":[1,-0.0314,0,16.0314],"texture":"#fan"}
			}
		},
		{
			"from":[13.9,8,15.01],
			"to":[14.9,24,15.99],
			"rotation":{"angle":-22.5,"axis":"x","origin":[0,8,16]},
			"faces":{
				"east":{"uv":[2,-0.0314,1,16.0314],"texture":"#fan"},
				"west":{"uv":[2,-0.0314,1,16.0314],"texture":"#fan"}
			}
		},
		{
			"from":[12.9,8,15.01],
			"to":[13.9,24,15.99],
			"rotation":{"angle":-22.5,"axis":"x","origin":[0,8,16]},
			"faces":{
				"east":{"uv":[3,-0.0314,2,16.0314],"texture":"#fan"},
				"west":{"uv":[3,-0.0314,2,16.0314],"texture":"#fan"}
			}
		},
		{
			"from":[11.9,8,15.01],
			"to":[12.9,24,15.99],
			"rotation":{"angle":-22.5,"axis":"x","origin":[0,8,16]},
			"faces":{
				"east":{"uv":[4,-0.0314,3,16.0314],"texture":"#fan"},
				"west":{"uv":[4,-0.0314,3,16.0314],"texture":"#fan"}
			}
		},
		{
			"from":[10.9,8,15.01],
			"to":[11.9,24,15.99],
			"rotation":{"angle":-22.5,"axis":"x","origin":[0,8,16]},
			"faces":{
				"east":{"uv":[5,-0.0314,4,16.0314],"texture":"#fan"},
				"west":{"uv":[5,-0.0314,4,16.0314],"texture":"#fan"}
			}
		},
		{
			"from":[9.9,8,15.01],
			"to":[10.9,24,15.99],
			"rotation":{"angle":-22.5,"axis":"x","origin":[0,8,16]},
			"faces":{
				"east":{"uv":[6,-0.0314,5,16.0314],"texture":"#fan"},
				"west":{"uv":[6,-0.0314,5,16.0314],"texture":"#fan"}
			}
		},
		{
			"from":[8.9,8,15.01],
			"to":[9.9,24,15.99],
			"rotation":{"angle":-22.5,"axis":"x","origin":[0,8,16]},
			"faces":{
				"east":{"uv":[7,-0.0314,6,16.0314],"texture":"#fan"},
				"west":{"uv":[7,-0.0314,6,16.0314],"texture":"#fan"}
			}
		},
		{
			"from":[7.9,8,15.01],
			"to":[8.9,24,15.99],
			"rotation":{"angle":-22.5,"axis":"x","origin":[0,8,16]},
			"faces":{
				"east":{"uv":[8,-0.0314,7,16.0314],"texture":"#fan"},
				"west":{"uv":[8,-0.0314,7,16.0314],"texture":"#fan"}
			}
		},
		{
			"from":[6.9,8,15.01],
			"to":[7.9,24,15.99],
			"rotation":{"angle":-22.5,"axis":"x","origin":[0,8,16]},
			"faces":{
				"east":{"uv":[9,-0.0314,8,16.0314],"texture":"#fan"},
				"west":{"uv":[9,-0.0314,8,16.0314],"texture":"#fan"}
			}
		},
		{
			"from":[5.9,8,15.01],
			"to":[6.9,24,15.99],
			"rotation":{"angle":-22.5,"axis":"x","origin":[0,8,16]},
			"faces":{
				"east":{"uv":[10,-0.0314,9,16.0314],"texture":"#fan"},
				"west":{"uv":[10,-0.0314,9,16.0314],"texture":"#fan"}
			}
		},
		{
			"from":[4.9,8,15.01],
			"to":[5.9,24,15.99],
			"rotation":{"angle":-22.5,"axis":"x","origin":[0,8,16]},
			"faces":{
				"east":{"uv":[11,-0.0314,10,16.0314],"texture":"#fan"},
				"west":{"uv":[11,-0.0314,10,16.0314],"texture":"#fan"}
			}
		},
		{
			"from":[3.9,8,15.01],
			"to":[4.9,24,15.99],
			"rotation":{"angle":-22.5,"axis":"x","origin":[0,8,16]},
			"faces":{
				"east":{"uv":[12,-0.0314,11,16.0314],"texture":"#fan"},
				"west":{"uv":[12,-0.0314,11,16.0314],"texture":"#fan"}
			}
		},
		{
			"from":[2.9,8,15.01],
			"to":[3.9,24,15.99],
			"rotation":{"angle":-22.5,"axis":"x","origin":[0,8,16]},
			"faces":{
				"east":{"uv":[13,-0.0314,12,16.0314],"texture":"#fan"},
				"west":{"uv":[13,-0.0314,12,16.0314],"texture":"#fan"}
			}
		},
		{
			"from":[1.9,8,15.01],
			"to":[2.9,24,15.99],
			"rotation":{"angle":-22.5,"axis":"x","origin":[0,8,16]},
			"faces":{
				"east":{"uv":[14,-0.0314,13,16.0314],"texture":"#fan"},
				"west":{"uv":[14,-0.0314,13,16.0314],"texture":"#fan"}
			}
		},
		{
			"from":[0.9,8,15.01],
			"to":[1.9,24,15.99],
			"rotation":{"angle":-22.5,"axis":"x","origin":[0,8,16]},
			"faces":{
				"east":{"uv":[15,-0.0314,14,16.0314],"texture":"#fan"},
				"west":{"uv":[15,-0.0314,14,16.0314],"texture":"#fan"}
			}
		},
		{
			"from":[-0.1,8,15.01],
			"to":[0.9,24,15.99],
			"rotation":{"angle":-22.5,"axis":"x","origin":[0,8,16]},
			"faces":{
				"east":{"uv":[16,-0.0314,15,16.0314],"texture":"#fan"},
				"west":{"uv":[16,-0.0314,15,16.0314],"texture":"#fan"}
			}
		},
		{
			"from":[-0.1,8,15.01],
			"to":[15.9,24,15.99],
			"rotation":{"angle":-22.5,"axis":"x","origin":[0,8,16]},
			"faces":{
				"north":{"uv":[-0.0314,-0.0314,16.0314,16.0314],"texture":"#fan"},
				"south":{"uv":[16.0314,-0.0314,-0.0314,16.0314],"texture":"#fan"}
			}
		},
		{
			"from":[0.1,7,15.01],
			"to":[16.1,8,15.99],
			"rotation":{"angle":22.5,"axis":"x","origin":[0,8,16]},
			"faces":{
				"up":{"uv":[-0.0314,15,16.0314,16],"texture":"#fan","cullface":"down"},
				"down":{"uv":[-0.0314,15,16.0314,16],"texture":"#fan"}
			}
		},
		{
			"from":[0.1,6,15.01],
			"to":[16.1,7,15.99],
			"rotation":{"angle":22.5,"axis":"x","origin":[0,8,16]},
			"faces":{
				"up":{"uv":[-0.0314,14,16.0314,15],"texture":"#fan"},
				"down":{"uv":[-0.0314,14,16.0314,15],"texture":"#fan"}
			}
		},
		{
			"from":[0.1,5,15.01],
			"to":[16.1,6,15.99],
			"rotation":{"angle":22.5,"axis":"x","origin":[0,8,16]},
			"faces":{
				"up":{"uv":[-0.0314,13,16.0314,14],"texture":"#fan"},
				"down":{"uv":[-0.0314,13,16.0314,14],"texture":"#fan"}
			}
		},
		{
			"from":[0.1,4,15.01],
			"to":[16.1,5,15.99],
			"rotation":{"angle":22.5,"axis":"x","origin":[0,8,16]},
			"faces":{
				"up":{"uv":[-0.0314,12,16.0314,13],"texture":"#fan"},
				"down":{"uv":[-0.0314,12,16.0314,13],"texture":"#fan"}
			}
		},
		{
			"from":[0.1,3,15.01],
			"to":[16.1,4,15.99],
			"rotation":{"angle":22.5,"axis":"x","origin":[0,8,16]},
			"faces":{
				"up":{"uv":[-0.0314,11,16.0314,12],"texture":"#fan"},
				"down":{"uv":[-0.0314,11,16.0314,12],"texture":"#fan"}
			}
		},
		{
			"from":[0.1,2,15.01],
			"to":[16.1,3,15.99],
			"rotation":{"angle":22.5,"axis":"x","origin":[0,8,16]},
			"faces":{
				"up":{"uv":[-0.0314,10,16.0314,11],"texture":"#fan"},
				"down":{"uv":[-0.0314,10,16.0314,11],"texture":"#fan"}
			}
		},
		{
			"from":[0.1,1,15.01],
			"to":[16.1,2,15.99],
			"rotation":{"angle":22.5,"axis":"x","origin":[0,8,16]},
			"faces":{
				"up":{"uv":[-0.0314,9,16.0314,10],"texture":"#fan"},
				"down":{"uv":[-0.0314,9,16.0314,10],"texture":"#fan"}
			}
		},
		{
			"from":[0.1,0,15.01],
			"to":[16.1,1,15.99],
			"rotation":{"angle":22.5,"axis":"x","origin":[0,8,16]},
			"faces":{
				"up":{"uv":[-0.0314,8,16.0314,9],"texture":"#fan"},
				"down":{"uv":[-0.0314,8,16.0314,9],"texture":"#fan"}
			}
		},
		{
			"from":[0.1,-1,15.01],
			"to":[16.1,0,15.99],
			"rotation":{"angle":22.5,"axis":"x","origin":[0,8,16]},
			"faces":{
				"up":{"uv":[-0.0314,7,16.0314,8],"texture":"#fan"},
				"down":{"uv":[-0.0314,7,16.0314,8],"texture":"#fan"}
			}
		},
		{
			"from":[0.1,-2,15.01],
			"to":[16.1,-1,15.99],
			"rotation":{"angle":22.5,"axis":"x","origin":[0,8,16]},
			"faces":{
				"up":{"uv":[-0.0314,6,16.0314,7],"texture":"#fan"},
				"down":{"uv":[-0.0314,6,16.0314,7],"texture":"#fan"}
			}
		},
		{
			"from":[0.1,-3,15.01],
			"to":[16.1,-2,15.99],
			"rotation":{"angle":22.5,"axis":"x","origin":[0,8,16]},
			"faces":{
				"up":{"uv":[-0.0314,5,16.0314,6],"texture":"#fan"},
				"down":{"uv":[-0.0314,5,16.0314,6],"texture":"#fan"}
			}
		},
		{
			"from":[0.1,-4,15.01],
			"to":[16.1,-3,15.99],
			"rotation":{"angle":22.5,"axis":"x","origin":[0,8,16]},
			"faces":{
				"up":{"uv":[-0.0314,4,16.0314,5],"texture":"#fan"},
				"down":{"uv":[-0.0314,4,16.0314,5],"texture":"#fan"}
			}
		},
		{
			"from":[0.1,-8,15.01],
			"to":[1.1,8,15.99],
			"rotation":{"angle":22.5,"axis":"x","origin":[0,8,16]},
			"faces":{
				"east":{"uv":[0,-0.0314,1,16.0314],"rotation":180,"texture":"#fan"},
				"west":{"uv":[0,-0.0314,1,16.0314],"rotation":180,"texture":"#fan"}
			}
		},
		{
			"from":[1.1,-8,15.01],
			"to":[2.1,8,15.99],
			"rotation":{"angle":22.5,"axis":"x","origin":[0,8,16]},
			"faces":{
				"east":{"uv":[1,-0.0314,2,16.0314],"rotation":180,"texture":"#fan"},
				"west":{"uv":[1,-0.0314,2,16.0314],"rotation":180,"texture":"#fan"}
			}
		},
		{
			"from":[2.1,-8,15.01],
			"to":[3.1,8,15.99],
			"rotation":{"angle":22.5,"axis":"x","origin":[0,8,16]},
			"faces":{
				"east":{"uv":[2,-0.0314,3,16.0314],"rotation":180,"texture":"#fan"},
				"west":{"uv":[2,-0.0314,3,16.0314],"rotation":180,"texture":"#fan"}
			}
		},
		{
			"from":[3.1,-8,15.01],
			"to":[4.1,8,15.99],
			"rotation":{"angle":22.5,"axis":"x","origin":[0,8,16]},
			"faces":{
				"east":{"uv":[3,-0.0314,4,16.0314],"rotation":180,"texture":"#fan"},
				"west":{"uv":[3,-0.0314,4,16.0314],"rotation":180,"texture":"#fan"}
			}
		},
		{
			"from":[4.1,-8,15.01],
			"to":[5.1,8,15.99],
			"rotation":{"angle":22.5,"axis":"x","origin":[0,8,16]},
			"faces":{
				"east":{"uv":[4,-0.0314,5,16.0314],"rotation":180,"texture":"#fan"},
				"west":{"uv":[4,-0.0314,5,16.0314],"rotation":180,"texture":"#fan"}
			}
		},
		{
			"from":[5.1,-8,15.01],
			"to":[6.1,8,15.99],
			"rotation":{"angle":22.5,"axis":"x","origin":[0,8,16]},
			"faces":{
				"east":{"uv":[5,-0.0314,6,16.0314],"rotation":180,"texture":"#fan"},
				"west":{"uv":[5,-0.0314,6,16.0314],"rotation":180,"texture":"#fan"}
			}
		},
		{
			"from":[6.1,-8,15.01],
			"to":[7.1,8,15.99],
			"rotation":{"angle":22.5,"axis":"x","origin":[0,8,16]},
			"faces":{
				"east":{"uv":[6,-0.0314,7,16.0314],"rotation":180,"texture":"#fan"},
				"west":{"uv":[6,-0.0314,7,16.0314],"rotation":180,"texture":"#fan"}
			}
		},
		{
			"from":[7.1,-8,15.01],
			"to":[8.1,8,15.99],
			"rotation":{"angle":22.5,"axis":"x","origin":[0,8,16]},
			"faces":{
				"east":{"uv":[7,-0.0314,8,16.0314],"rotation":180,"texture":"#fan"},
				"west":{"uv":[7,-0.0314,8,16.0314],"rotation":180,"texture":"#fan"}
			}
		},
		{
			"from":[8.1,-8,15.01],
			"to":[9.1,8,15.99],
			"rotation":{"angle":22.5,"axis":"x","origin":[0,8,16]},
			"faces":{
				"east":{"uv":[8,-0.0314,9,16.0314],"rotation":180,"texture":"#fan"},
				"west":{"uv":[8,-0.0314,9,16.0314],"rotation":180,"texture":"#fan"}
			}
		},
		{
			"from":[9.1,-8,15.01],
			"to":[10.1,8,15.99],
			"rotation":{"angle":22.5,"axis":"x","origin":[0,8,16]},
			"faces":{
				"east":{"uv":[9,-0.0314,10,16.0314],"rotation":180,"texture":"#fan"},
				"west":{"uv":[9,-0.0314,10,16.0314],"rotation":180,"texture":"#fan"}
			}
		},
		{
			"from":[10.1,-8,15.01],
			"to":[11.1,8,15.99],
			"rotation":{"angle":22.5,"axis":"x","origin":[0,8,16]},
			"faces":{
				"east":{"uv":[10,-0.0314,11,16.0314],"rotation":180,"texture":"#fan"},
				"west":{"uv":[10,-0.0314,11,16.0314],"rotation":180,"texture":"#fan"}
			}
		},
		{
			"from":[11.1,-8,15.01],
			"to":[12.1,8,15.99],
			"rotation":{"angle":22.5,"axis":"x","origin":[0,8,16]},
			"faces":{
				"east":{"uv":[11,-0.0314,12,16.0314],"rotation":180,"texture":"#fan"},
				"west":{"uv":[11,-0.0314,12,16.0314],"rotation":180,"texture":"#fan"}
			}
		},
		{
			"from":[12.1,-8,15.01],
			"to":[13.1,8,15.99],
			"rotation":{"angle":22.5,"axis":"x","origin":[0,8,16]},
			"faces":{
				"east":{"uv":[12,-0.0314,13,16.0314],"rotation":180,"texture":"#fan"},
				"west":{"uv":[12,-0.0314,13,16.0314],"rotation":180,"texture":"#fan"}
			}
		},
		{
			"from":[13.1,-8,15.01],
			"to":[14.1,8,15.99],
			"rotation":{"angle":22.5,"axis":"x","origin":[0,8,16]},
			"faces":{
				"east":{"uv":[13,-0.0314,14,16.0314],"rotation":180,"texture":"#fan"},
				"west":{"uv":[13,-0.0314,14,16.0314],"rotation":180,"texture":"#fan"}
			}
		},
		{
			"from":[14.1,-8,15.01],
			"to":[15.1,8,15.99],
			"rotation":{"angle":22.5,"axis":"x","origin":[0,8,16]},
			"faces":{
				"east":{"uv":[14,-0.0314,15,16.0314],"rotation":180,"texture":"#fan"},
				"west":{"uv":[14,-0.0314,15,16.0314],"rotation":180,"texture":"#fan"}
			}
		},
		{
			"from":[15.1,-8,15.01],
			"to":[16.1,8,15.99],
			"rotation":{"angle":22.5,"axis":"x","origin":[0,8,16]},
			"faces":{
				"east":{"uv":[15,-0.0314,16,16.0314],"rotation":180,"texture":"#fan"},
				"west":{"uv":[15,-0.0314,16,16.0314],"rotation":180,"texture":"#fan"}
			}
		},
		{
			"from":[0.1,-8,15.01],
			"to":[16.1,8,15.99],
			"rotation":{"angle":22.5,"axis":"x","origin":[0,8,16]},
			"faces":{
				"north":{"uv":[-0.0314,-0.0314,16.0314,16.0314],"rotation":180,"texture":"#fan"},
				"south":{"uv":[16.0314,-0.0314,-0.0314,16.0314],"rotation":180,"texture":"#fan"}
			}
		},
		{
			"from":[8,0.1,15.01],
			"to":[24,16.1,15.99],
			"rotation":{"angle":22.5,"axis":"y","origin":[8,0,16]},
			"faces":{
				"north":{"uv":[-0.0314,-0.0314,16.0314,16.0314],"rotation":270,"texture":"#fan"},
				"south":{"uv":[16.0314,-0.0314,-0.0314,16.0314],"rotation":90,"texture":"#fan"}
			}
		},
		{
			"from":[8,15.1,15.01],
			"to":[24,16.1,15.99],
			"rotation":{"angle":22.5,"axis":"y","origin":[8,0,16]},
			"faces":{
				"up":{"uv":[15,-0.0314,16,16.0314],"rotation":90,"texture":"#fan"},
				"down":{"uv":[15,-0.0314,16,16.0314],"rotation":90,"texture":"#fan"}
			}
		},
		{
			"from":[8,14.1,15.01],
			"to":[24,15.1,15.99],
			"rotation":{"angle":22.5,"axis":"y","origin":[8,0,16]},
			"faces":{
				"up":{"uv":[14,-0.0314,15,16.0314],"rotation":90,"texture":"#fan"},
				"down":{"uv":[14,-0.0314,15,16.0314],"rotation":90,"texture":"#fan"}
			}
		},
		{
			"from":[8,13.1,15.01],
			"to":[24,14.1,15.99],
			"rotation":{"angle":22.5,"axis":"y","origin":[8,0,16]},
			"faces":{
				"up":{"uv":[13,-0.0314,14,16.0314],"rotation":90,"texture":"#fan"},
				"down":{"uv":[13,-0.0314,14,16.0314],"rotation":90,"texture":"#fan"}
			}
		},
		{
			"from":[8,12.1,15.01],
			"to":[24,13.1,15.99],
			"rotation":{"angle":22.5,"axis":"y","origin":[8,0,16]},
			"faces":{
				"up":{"uv":[12,-0.0314,13,16.0314],"rotation":90,"texture":"#fan"},
				"down":{"uv":[12,-0.0314,13,16.0314],"rotation":90,"texture":"#fan"}
			}
		},
		{
			"from":[8,11.1,15.01],
			"to":[24,12.1,15.99],
			"rotation":{"angle":22.5,"axis":"y","origin":[8,0,16]},
			"faces":{
				"up":{"uv":[11,-0.0314,12,16.0314],"rotation":90,"texture":"#fan"},
				"down":{"uv":[11,-0.0314,12,16.0314],"rotation":90,"texture":"#fan"}
			}
		},
		{
			"from":[8,10.1,15.01],
			"to":[24,11.1,15.99],
			"rotation":{"angle":22.5,"axis":"y","origin":[8,0,16]},
			"faces":{
				"up":{"uv":[10,-0.0314,11,16.0314],"rotation":90,"texture":"#fan"},
				"down":{"uv":[10,-0.0314,11,16.0314],"rotation":90,"texture":"#fan"}
			}
		},
		{
			"from":[8,9.1,15.01],
			"to":[24,10.1,15.99],
			"rotation":{"angle":22.5,"axis":"y","origin":[8,0,16]},
			"faces":{
				"up":{"uv":[9,-0.0314,10,16.0314],"rotation":90,"texture":"#fan"},
				"down":{"uv":[9,-0.0314,10,16.0314],"rotation":90,"texture":"#fan"}
			}
		},
		{
			"from":[8,8.1,15.01],
			"to":[24,9.1,15.99],
			"rotation":{"angle":22.5,"axis":"y","origin":[8,0,16]},
			"faces":{
				"up":{"uv":[8,-0.0314,9,16.0314],"rotation":90,"texture":"#fan"},
				"down":{"uv":[8,-0.0314,9,16.0314],"rotation":90,"texture":"#fan"}
			}
		},
		{
			"from":[8,7.1,15.01],
			"to":[24,8.1,15.99],
			"rotation":{"angle":22.5,"axis":"y","origin":[8,0,16]},
			"faces":{
				"up":{"uv":[7,-0.0314,8,16.0314],"rotation":90,"texture":"#fan"},
				"down":{"uv":[7,-0.0314,8,16.0314],"rotation":90,"texture":"#fan"}
			}
		},
		{
			"from":[8,6.1,15.01],
			"to":[24,7.1,15.99],
			"rotation":{"angle":22.5,"axis":"y","origin":[8,0,16]},
			"faces":{
				"up":{"uv":[6,-0.0314,7,16.0314],"rotation":90,"texture":"#fan"},
				"down":{"uv":[6,-0.0314,7,16.0314],"rotation":90,"texture":"#fan"}
			}
		},
		{
			"from":[8,5.1,15.01],
			"to":[24,6.1,15.99],
			"rotation":{"angle":22.5,"axis":"y","origin":[8,0,16]},
			"faces":{
				"up":{"uv":[5,-0.0314,6,16.0314],"rotation":90,"texture":"#fan"},
				"down":{"uv":[5,-0.0314,6,16.0314],"rotation":90,"texture":"#fan"}
			}
		},
		{
			"from":[8,4.1,15.01],
			"to":[24,5.1,15.99],
			"rotation":{"angle":22.5,"axis":"y","origin":[8,0,16]},
			"faces":{
				"up":{"uv":[4,-0.0314,5,16.0314],"rotation":90,"texture":"#fan"},
				"down":{"uv":[4,-0.0314,5,16.0314],"rotation":90,"texture":"#fan"}
			}
		},
		{
			"from":[8,3.1,15.01],
			"to":[24,4.1,15.99],
			"rotation":{"angle":22.5,"axis":"y","origin":[8,0,16]},
			"faces":{
				"up":{"uv":[3,-0.0314,4,16.0314],"rotation":90,"texture":"#fan"},
				"down":{"uv":[3,-0.0314,4,16.0314],"rotation":90,"texture":"#fan"}
			}
		},
		{
			"from":[8,2.1,15.01],
			"to":[24,3.1,15.99],
			"rotation":{"angle":22.5,"axis":"y","origin":[8,0,16]},
			"faces":{
				"up":{"uv":[2,-0.0314,3,16.0314],"rotation":90,"texture":"#fan"},
				"down":{"uv":[2,-0.0314,3,16.0314],"rotation":90,"texture":"#fan"}
			}
		},
		{
			"from":[8,1.1,15.01],
			"to":[24,2.1,15.99],
			"rotation":{"angle":22.5,"axis":"y","origin":[8,0,16]},
			"faces":{
				"up":{"uv":[1,-0.0314,2,16.0314],"rotation":90,"texture":"#fan"},
				"down":{"uv":[1,-0.0314,2,16.0314],"rotation":90,"texture":"#fan"}
			}
		},
		{
			"from":[8,0.1,15.01],
			"to":[24,1.1,15.99],
			"rotation":{"angle":22.5,"axis":"y","origin":[8,0,16]},
			"faces":{
				"up":{"uv":[0,-0.0314,1,16.0314],"rotation":90,"texture":"#fan"},
				"down":{"uv":[0,-0.0314,1,16.0314],"rotation":90,"texture":"#fan"}
			}
		},
		{
			"from":[19,0.1,15.01],
			"to":[20,16.1,15.99],
			"rotation":{"angle":22.5,"axis":"y","origin":[8,0,16]},
			"faces":{
				"east":{"uv":[-0.0314,4,16.0314,5],"rotation":270,"texture":"#fan"},
				"west":{"uv":[-0.0314,4,16.0314,5],"rotation":270,"texture":"#fan"}
			}
		},
		{
			"from":[18,0.1,15.01],
			"to":[19,16.1,15.99],
			"rotation":{"angle":22.5,"axis":"y","origin":[8,0,16]},
			"faces":{
				"east":{"uv":[-0.0314,5,16.0314,6],"rotation":270,"texture":"#fan"},
				"west":{"uv":[-0.0314,5,16.0314,6],"rotation":270,"texture":"#fan"}
			}
		},
		{
			"from":[17,0.1,15.01],
			"to":[18,16.1,15.99],
			"rotation":{"angle":22.5,"axis":"y","origin":[8,0,16]},
			"faces":{
				"east":{"uv":[-0.0314,6,16.0314,7],"rotation":270,"texture":"#fan"},
				"west":{"uv":[-0.0314,6,16.0314,7],"rotation":270,"texture":"#fan"}
			}
		},
		{
			"from":[16,0.1,15.01],
			"to":[17,16.1,15.99],
			"rotation":{"angle":22.5,"axis":"y","origin":[8,0,16]},
			"faces":{
				"east":{"uv":[-0.0314,7,16.0314,8],"rotation":270,"texture":"#fan"},
				"west":{"uv":[-0.0314,7,16.0314,8],"rotation":270,"texture":"#fan"}
			}
		},
		{
			"from":[15,0.1,15.01],
			"to":[16,16.1,15.99],
			"rotation":{"angle":22.5,"axis":"y","origin":[8,0,16]},
			"faces":{
				"east":{"uv":[-0.0314,8,16.0314,9],"rotation":270,"texture":"#fan"},
				"west":{"uv":[-0.0314,8,16.0314,9],"rotation":270,"texture":"#fan"}
			}
		},
		{
			"from":[14,0.1,15.01],
			"to":[15,16.1,15.99],
			"rotation":{"angle":22.5,"axis":"y","origin":[8,0,16]},
			"faces":{
				"east":{"uv":[-0.0314,9,16.0314,10],"rotation":270,"texture":"#fan"},
				"west":{"uv":[-0.0314,9,16.0314,10],"rotation":270,"texture":"#fan"}
			}
		},
		{
			"from":[13,0.1,15.01],
			"to":[14,16.1,15.99],
			"rotation":{"angle":22.5,"axis":"y","origin":[8,0,16]},
			"faces":{
				"east":{"uv":[-0.0314,10,16.0314,11],"rotation":270,"texture":"#fan"},
				"west":{"uv":[-0.0314,10,16.0314,11],"rotation":270,"texture":"#fan"}
			}
		},
		{
			"from":[12,0.1,15.01],
			"to":[13,16.1,15.99],
			"rotation":{"angle":22.5,"axis":"y","origin":[8,0,16]},
			"faces":{
				"east":{"uv":[-0.0314,11,16.0314,12],"rotation":270,"texture":"#fan"},
				"west":{"uv":[-0.0314,11,16.0314,12],"rotation":270,"texture":"#fan"}
			}
		},
		{
			"from":[11,0.1,15.01],
			"to":[12,16.1,15.99],
			"rotation":{"angle":22.5,"axis":"y","origin":[8,0,16]},
			"faces":{
				"east":{"uv":[-0.0314,12,16.0314,13],"rotation":270,"texture":"#fan"},
				"west":{"uv":[-0.0314,12,16.0314,13],"rotation":270,"texture":"#fan"}
			}
		},
		{
			"from":[10,0.1,15.01],
			"to":[11,16.1,15.99],
			"rotation":{"angle":22.5,"axis":"y","origin":[8,0,16]},
			"faces":{
				"east":{"uv":[-0.0314,13,16.0314,14],"rotation":270,"texture":"#fan"},
				"west":{"uv":[-0.0314,13,16.0314,14],"rotation":270,"texture":"#fan"}
			}
		},
		{
			"from":[9,0.1,15.01],
			"to":[10,16.1,15.99],
			"rotation":{"angle":22.5,"axis":"y","origin":[8,0,16]},
			"faces":{
				"east":{"uv":[-0.0314,14,16.0314,15],"rotation":270,"texture":"#fan"},
				"west":{"uv":[-0.0314,14,16.0314,15],"rotation":270,"texture":"#fan"}
			}
		},
		{
			"from":[8,0.1,15.01],
			"to":[9,16.1,15.99],
			"rotation":{"angle":22.5,"axis":"y","origin":[8,0,16]},
			"faces":{
				"east":{"uv":[-0.0314,15,16.0314,16],"rotation":270,"texture":"#fan"},
				"west":{"uv":[-0.0314,15,16.0314,16],"rotation":270,"texture":"#fan","cullface":"down"}
			}
		},
		{
			"from":[-8,-0.1,15.01],
			"to":[8,15.9,15.99],
			"rotation":{"angle":-22.5,"axis":"y","origin":[8,0,16]},
			"faces":{
				"north":{"uv":[-0.0314,-0.0314,16.0314,16.0314],"rotation":90,"texture":"#fan"},
				"south":{"uv":[16.0314,-0.0314,-0.0314,16.0314],"rotation":270,"texture":"#fan"}
			}
		},
		{
			"from":[7,-0.1,15.01],
			"to":[8,15.9,15.99],
			"rotation":{"angle":-22.5,"axis":"y","origin":[8,0,16]},
			"faces":{
				"east":{"uv":[-0.0314,15,16.0314,16],"rotation":90,"texture":"#fan","cullface":"down"},
				"west":{"uv":[-0.0314,15,16.0314,16],"rotation":90,"texture":"#fan"}
			}
		},
		{
			"from":[6,-0.1,15.01],
			"to":[7,15.9,15.99],
			"rotation":{"angle":-22.5,"axis":"y","origin":[8,0,16]},
			"faces":{
				"east":{"uv":[-0.0314,14,16.0314,15],"rotation":90,"texture":"#fan"},
				"west":{"uv":[-0.0314,14,16.0314,15],"rotation":90,"texture":"#fan"}
			}
		},
		{
			"from":[5,-0.1,15.01],
			"to":[6,15.9,15.99],
			"rotation":{"angle":-22.5,"axis":"y","origin":[8,0,16]},
			"faces":{
				"east":{"uv":[-0.0314,13,16.0314,14],"rotation":90,"texture":"#fan"},
				"west":{"uv":[-0.0314,13,16.0314,14],"rotation":90,"texture":"#fan"}
			}
		},
		{
			"from":[4,-0.1,15.01],
			"to":[5,15.9,15.99],
			"rotation":{"angle":-22.5,"axis":"y","origin":[8,0,16]},
			"faces":{
				"east":{"uv":[-0.0314,12,16.0314,13],"rotation":90,"texture":"#fan"},
				"west":{"uv":[-0.0314,12,16.0314,13],"rotation":90,"texture":"#fan"}
			}
		},
		{
			"from":[3,-0.1,15.01],
			"to":[4,15.9,15.99],
			"rotation":{"angle":-22.5,"axis":"y","origin":[8,0,16]},
			"faces":{
				"east":{"uv":[-0.0314,11,16.0314,12],"rotation":90,"texture":"#fan"},
				"west":{"uv":[-0.0314,11,16.0314,12],"rotation":90,"texture":"#fan"}
			}
		},
		{
			"from":[2,-0.1,15.01],
			"to":[3,15.9,15.99],
			"rotation":{"angle":-22.5,"axis":"y","origin":[8,0,16]},
			"faces":{
				"east":{"uv":[-0.0314,10,16.0314,11],"rotation":90,"texture":"#fan"},
				"west":{"uv":[-0.0314,10,16.0314,11],"rotation":90,"texture":"#fan"}
			}
		},
		{
			"from":[1,-0.1,15.01],
			"to":[2,15.9,15.99],
			"rotation":{"angle":-22.5,"axis":"y","origin":[8,0,16]},
			"faces":{
				"east":{"uv":[-0.0314,9,16.0314,10],"rotation":90,"texture":"#fan"},
				"west":{"uv":[-0.0314,9,16.0314,10],"rotation":90,"texture":"#fan"}
			}
		},
		{
			"from":[0,-0.1,15.01],
			"to":[1,15.9,15.99],
			"rotation":{"angle":-22.5,"axis":"y","origin":[8,0,16]},
			"faces":{
				"east":{"uv":[-0.0314,8,16.0314,9],"rotation":90,"texture":"#fan"},
				"west":{"uv":[-0.0314,8,16.0314,9],"rotation":90,"texture":"#fan"}
			}
		},
		{
			"from":[-1,-0.1,15.01],
			"to":[0,15.9,15.99],
			"rotation":{"angle":-22.5,"axis":"y","origin":[8,0,16]},
			"faces":{
				"east":{"uv":[-0.0314,7,16.0314,8],"rotation":90,"texture":"#fan"},
				"west":{"uv":[-0.0314,7,16.0314,8],"rotation":90,"texture":"#fan"}
			}
		},
		{
			"from":[-2,-0.1,15.01],
			"to":[-1,15.9,15.99],
			"rotation":{"angle":-22.5,"axis":"y","origin":[8,0,16]},
			"faces":{
				"east":{"uv":[-0.0314,6,16.0314,7],"rotation":90,"texture":"#fan"},
				"west":{"uv":[-0.0314,6,16.0314,7],"rotation":90,"texture":"#fan"}
			}
		},
		{
			"from":[-3,-0.1,15.01],
			"to":[-2,15.9,15.99],
			"rotation":{"angle":-22.5,"axis":"y","origin":[8,0,16]},
			"faces":{
				"east":{"uv":[-0.0314,5,16.0314,6],"rotation":90,"texture":"#fan"},
				"west":{"uv":[-0.0314,5,16.0314,6],"rotation":90,"texture":"#fan"}
			}
		},
		{
			"from":[-4,-0.1,15.01],
			"to":[-3,15.9,15.99],
			"rotation":{"angle":-22.5,"axis":"y","origin":[8,0,16]},
			"faces":{
				"east":{"uv":[-0.0314,4,16.0314,5],"rotation":90,"texture":"#fan"},
				"west":{"uv":[-0.0314,4,16.0314,5],"rotation":90,"texture":"#fan"}
			}
		},
		{
			"from":[-8,14.9,15.01],
			"to":[8,15.9,15.99],
			"rotation":{"angle":-22.5,"axis":"y","origin":[8,0,16]},
			"faces":{
				"up":{"uv":[0,-0.0314,1,16.0314],"rotation":270,"texture":"#fan"},
				"down":{"uv":[0,-0.0314,1,16.0314],"rotation":270,"texture":"#fan"}
			}
		},
		{
			"from":[-8,13.9,15.01],
			"to":[8,14.9,15.99],
			"rotation":{"angle":-22.5,"axis":"y","origin":[8,0,16]},
			"faces":{
				"up":{"uv":[1,-0.0314,2,16.0314],"rotation":270,"texture":"#fan"},
				"down":{"uv":[1,-0.0314,2,16.0314],"rotation":270,"texture":"#fan"}
			}
		},
		{
			"from":[-8,12.9,15.01],
			"to":[8,13.9,15.99],
			"rotation":{"angle":-22.5,"axis":"y","origin":[8,0,16]},
			"faces":{
				"up":{"uv":[2,-0.0314,3,16.0314],"rotation":270,"texture":"#fan"},
				"down":{"uv":[2,-0.0314,3,16.0314],"rotation":270,"texture":"#fan"}
			}
		},
		{
			"from":[-8,11.9,15.01],
			"to":[8,12.9,15.99],
			"rotation":{"angle":-22.5,"axis":"y","origin":[8,0,16]},
			"faces":{
				"up":{"uv":[3,-0.0314,4,16.0314],"rotation":270,"texture":"#fan"},
				"down":{"uv":[3,-0.0314,4,16.0314],"rotation":270,"texture":"#fan"}
			}
		},
		{
			"from":[-8,10.9,15.01],
			"to":[8,11.9,15.99],
			"rotation":{"angle":-22.5,"axis":"y","origin":[8,0,16]},
			"faces":{
				"up":{"uv":[4,-0.0314,5,16.0314],"rotation":270,"texture":"#fan"},
				"down":{"uv":[4,-0.0314,5,16.0314],"rotation":270,"texture":"#fan"}
			}
		},
		{
			"from":[-8,9.9,15.01],
			"to":[8,10.9,15.99],
			"rotation":{"angle":-22.5,"axis":"y","origin":[8,0,16]},
			"faces":{
				"up":{"uv":[5,-0.0314,6,16.0314],"rotation":270,"texture":"#fan"},
				"down":{"uv":[5,-0.0314,6,16.0314],"rotation":270,"texture":"#fan"}
			}
		},
		{
			"from":[-8,8.9,15.01],
			"to":[8,9.9,15.99],
			"rotation":{"angle":-22.5,"axis":"y","origin":[8,0,16]},
			"faces":{
				"up":{"uv":[6,-0.0314,7,16.0314],"rotation":270,"texture":"#fan"},
				"down":{"uv":[6,-0.0314,7,16.0314],"rotation":270,"texture":"#fan"}
			}
		},
		{
			"from":[-8,7.9,15.01],
			"to":[8,8.9,15.99],
			"rotation":{"angle":-22.5,"axis":"y","origin":[8,0,16]},
			"faces":{
				"up":{"uv":[7,-0.0314,8,16.0314],"rotation":270,"texture":"#fan"},
				"down":{"uv":[7,-0.0314,8,16.0314],"rotation":270,"texture":"#fan"}
			}
		},
		{
			"from":[-8,6.9,15.01],
			"to":[8,7.9,15.99],
			"rotation":{"angle":-22.5,"axis":"y","origin":[8,0,16]},
			"faces":{
				"up":{"uv":[8,-0.0314,9,16.0314],"rotation":270,"texture":"#fan"},
				"down":{"uv":[8,-0.0314,9,16.0314],"rotation":270,"texture":"#fan"}
			}
		},
		{
			"from":[-8,5.9,15.01],
			"to":[8,6.9,15.99],
			"rotation":{"angle":-22.5,"axis":"y","origin":[8,0,16]},
			"faces":{
				"up":{"uv":[9,-0.0314,10,16.0314],"rotation":270,"texture":"#fan"},
				"down":{"uv":[9,-0.0314,10,16.0314],"rotation":270,"texture":"#fan"}
			}
		},
		{
			"from":[-8,4.9,15.01],
			"to":[8,5.9,15.99],
			"rotation":{"angle":-22.5,"axis":"y","origin":[8,0,16]},
			"faces":{
				"up":{"uv":[10,-0.0314,11,16.0314],"rotation":270,"texture":"#fan"},
				"down":{"uv":[10,-0.0314,11,16.0314],"rotation":270,"texture":"#fan"}
			}
		},
		{
			"from":[-8,3.9,15.01],
			"to":[8,4.9,15.99],
			"rotation":{"angle":-22.5,"axis":"y","origin":[8,0,16]},
			"faces":{
				"up":{"uv":[11,-0.0314,12,16.0314],"rotation":270,"texture":"#fan"},
				"down":{"uv":[11,-0.0314,12,16.0314],"rotation":270,"texture":"#fan"}
			}
		},
		{
			"from":[-8,2.9,15.01],
			"to":[8,3.9,15.99],
			"rotation":{"angle":-22.5,"axis":"y","origin":[8,0,16]},
			"faces":{
				"up":{"uv":[12,-0.0314,13,16.0314],"rotation":270,"texture":"#fan"},
				"down":{"uv":[12,-0.0314,13,16.0314],"rotation":270,"texture":"#fan"}
			}
		},
		{
			"from":[-8,1.9,15.01],
			"to":[8,2.9,15.99],
			"rotation":{"angle":-22.5,"axis":"y","origin":[8,0,16]},
			"faces":{
				"up":{"uv":[13,-0.0314,14,16.0314],"rotation":270,"texture":"#fan"},
				"down":{"uv":[13,-0.0314,14,16.0314],"rotation":270,"texture":"#fan"}
			}
		},
		{
			"from":[-8,0.9,15.01],
			"to":[8,1.9,15.99],
			"rotation":{"angle":-22.5,"axis":"y","origin":[8,0,16]},
			"faces":{
				"up":{"uv":[14,-0.0314,15,16.0314],"rotation":270,"texture":"#fan"},
				"down":{"uv":[14,-0.0314,15,16.0314],"rotation":270,"texture":"#fan"}
			}
		},
		{
			"from":[-8,-0.1,15.01],
			"to":[8,0.9,15.99],
			"rotation":{"angle":-22.5,"axis":"y","origin":[8,0,16]},
			"faces":{
				"up":{"uv":[15,-0.0314,16,16.0314],"rotation":270,"texture":"#fan"},
				"down":{"uv":[15,-0.0314,16,16.0314],"rotation":270,"texture":"#fan"}
			}
		}
	]
}