{
	"__comment":"Designed by GeForceLegend",
	"parent":"block/cross",
	"ambientocclusion":false,
	"textures":{
		"cross":"block/cornflower"
	},
	"elements":[
		{
			"from":[7.5,0,7.5],
			"to":[8.5,10,8.5],
			"rotation":{"angle":-45,"axis":"y","origin":[8,8,8]},
			"faces":{
				"north":{"uv":[8,6,9,16],"texture":"#cross"},
				"east":{"uv":[8,6,9,16],"texture":"#cross"},
				"south":{"uv":[8,6,9,16],"texture":"#cross"},
				"west":{"uv":[8,6,9,16],"texture":"#cross"},
				"down":{"uv":[8,15,9,16],"rotation":90,"texture":"#cross","cullface":"down"}
			}
		},
		{
			"from":[7.5,2,8.5],
			"to":[8.5,4,9.5],
			"rotation":{"angle":-45,"axis":"y","origin":[8,8,8]},
			"faces":{
				"east":{"uv":[7,13,8,15],"texture":"#cross"},
				"south":{"uv":[7,13,8,15],"texture":"#cross"},
				"west":{"uv":[7,13,8,15],"texture":"#cross"},
				"up":{"uv":[7,13,8,14],"rotation":270,"texture":"#cross"},
				"down":{"uv":[7,14,8,15],"rotation":90,"texture":"#cross"}
			}
		},
		{
			"from":[7.5,3,9.5],
			"to":[8.5,5,10.5],
			"rotation":{"angle":-45,"axis":"y","origin":[8,8,8]},
			"faces":{
				"north":{"uv":[6,12,7,14],"texture":"#cross"},
				"east":{"uv":[6,12,7,14],"texture":"#cross"},
				"south":{"uv":[6,12,7,14],"texture":"#cross"},
				"west":{"uv":[6,12,7,14],"texture":"#cross"},
				"up":{"uv":[6,12,7,13],"rotation":270,"texture":"#cross"},
				"down":{"uv":[6,13,7,14],"rotation":90,"texture":"#cross"}
			}
		},
		{
			"from":[7.5,4,10.5],
			"to":[8.5,6,11.5],
			"rotation":{"angle":-45,"axis":"y","origin":[8,8,8]},
			"faces":{
				"north":{"uv":[5,11,6,13],"texture":"#cross"},
				"east":{"uv":[5,11,6,13],"texture":"#cross"},
				"south":{"uv":[5,11,6,13],"texture":"#cross"},
				"west":{"uv":[5,11,6,13],"texture":"#cross"},
				"up":{"uv":[5,11,6,12],"rotation":270,"texture":"#cross"},
				"down":{"uv":[5,12,6,13],"rotation":90,"texture":"#cross"}
			}
		},
		{
			"from":[7.5,6,11.5],
			"to":[8.5,7,12.5],
			"rotation":{"angle":-45,"axis":"y","origin":[8,8,8]},
			"faces":{
				"north":{"uv":[4,10,5,11],"texture":"#cross"},
				"east":{"uv":[4,10,5,11],"texture":"#cross"},
				"south":{"uv":[4,10,5,11],"texture":"#cross"},
				"west":{"uv":[4,10,5,11],"texture":"#cross"},
				"up":{"uv":[4,10,5,11],"rotation":270,"texture":"#cross"},
				"down":{"uv":[4,10,5,11],"rotation":90,"texture":"#cross"}
			}
		},
		{
			"from":[7.5,5,3.5],
			"to":[8.5,6,4.5],
			"rotation":{"angle":-45,"axis":"y","origin":[8,8,8]},
			"faces":{
				"north":{"uv":[4,10,5,11],"texture":"#cross"},
				"east":{"uv":[4,10,5,11],"texture":"#cross"},
				"south":{"uv":[4,10,5,11],"texture":"#cross"},
				"west":{"uv":[4,10,5,11],"texture":"#cross"},
				"up":{"uv":[4,10,5,11],"rotation":270,"texture":"#cross"},
				"down":{"uv":[4,10,5,11],"rotation":90,"texture":"#cross"}
			}
		},
		{
			"from":[7.5,1,6.5],
			"to":[8.5,3,7.5],
			"rotation":{"angle":-45,"axis":"y","origin":[8,8,8]},
			"faces":{
				"north":{"uv":[7,13,8,15],"texture":"#cross"},
				"east":{"uv":[7,13,8,15],"texture":"#cross"},
				"west":{"uv":[7,13,8,15],"texture":"#cross"},
				"up":{"uv":[7,13,8,14],"rotation":270,"texture":"#cross"},
				"down":{"uv":[7,14,8,15],"rotation":90,"texture":"#cross"}
			}
		},
		{
			"from":[7.5,2,5.5],
			"to":[8.5,4,6.5],
			"rotation":{"angle":-45,"axis":"y","origin":[8,8,8]},
			"faces":{
				"north":{"uv":[6,12,7,14],"texture":"#cross"},
				"east":{"uv":[6,12,7,14],"texture":"#cross"},
				"south":{"uv":[6,12,7,14],"texture":"#cross"},
				"west":{"uv":[6,12,7,14],"texture":"#cross"},
				"up":{"uv":[6,12,7,13],"rotation":270,"texture":"#cross"},
				"down":{"uv":[6,13,7,14],"rotation":90,"texture":"#cross"}
			}
		},
		{
			"from":[7.5,3,4.5],
			"to":[8.5,5,5.5],
			"rotation":{"angle":-45,"axis":"y","origin":[8,8,8]},
			"faces":{
				"north":{"uv":[5,11,6,13],"texture":"#cross"},
				"east":{"uv":[5,11,6,13],"texture":"#cross"},
				"south":{"uv":[5,11,6,13],"texture":"#cross"},
				"west":{"uv":[5,11,6,13],"texture":"#cross"},
				"up":{"uv":[5,11,6,12],"rotation":270,"texture":"#cross"},
				"down":{"uv":[5,12,6,13],"rotation":90,"texture":"#cross"}
			}
		},
		{
			"from":[8.5,8,7.5],
			"to":[9.5,9,8.5],
			"rotation":{"angle":-45,"axis":"y","origin":[8,8,8]},
			"faces":{
				"north":{"uv":[7,7,8,8],"texture":"#cross"},
				"east":{"uv":[7,7,8,8],"texture":"#cross"},
				"south":{"uv":[7,7,8,8],"texture":"#cross"},
				"down":{"uv":[7,7,8,8],"rotation":90,"texture":"#cross"}
			}
		},
		{
			"from":[6.5,7,7.5],
			"to":[7.5,9,8.5],
			"rotation":{"angle":-45,"axis":"y","origin":[8,8,8]},
			"faces":{
				"north":{"uv":[7,7,8,9],"texture":"#cross"},
				"south":{"uv":[7,7,8,9],"texture":"#cross"},
				"west":{"uv":[7,7,8,9],"texture":"#cross"},
				"down":{"uv":[7,8,8,9],"rotation":90,"texture":"#cross"}
			}
		},
		{
			"from":[7.5,9.01,5.5],
			"to":[8.5,10.01,10.5],
			"rotation":{"angle":-45,"axis":"y","origin":[8,8,8]},
			"faces":{
				"north":{"uv":[10,6,11,7],"texture":"#cross"},
				"east":{"uv":[6,6,11,7],"texture":"#cross"},
				"south":{"uv":[6,6,7,7],"texture":"#cross"},
				"west":{"uv":[11,6,6,7],"texture":"#cross"},
				"up":{"uv":[6,6,11,7],"rotation":270,"texture":"#cross"},
				"down":{"uv":[6,6,11,7],"rotation":90,"texture":"#cross"}
			}
		},
		{
			"from":[5.5,9.01,7.5],
			"to":[10.5,10.01,8.5],
			"rotation":{"angle":-45,"axis":"y","origin":[8,8,8]},
			"faces":{
				"north":{"uv":[11,6,6,7],"texture":"#cross"},
				"east":{"uv":[10,6,11,7],"texture":"#cross"},
				"south":{"uv":[6,6,11,7],"texture":"#cross"},
				"west":{"uv":[6,6,7,7],"texture":"#cross"},
				"up":{"uv":[6,6,11,7],"texture":"#cross"},
				"down":{"uv":[6,6,11,7],"texture":"#cross"}
			}
		},
		{
			"from":[7.5,10,10.5],
			"to":[8.5,11,11.5],
			"rotation":{"angle":-45,"axis":"y","origin":[8,8,8]},
			"faces":{
				"north":{"uv":[6,5,7,6],"texture":"#cross"},
				"east":{"uv":[6,5,7,6],"texture":"#cross"},
				"south":{"uv":[6,5,7,6],"texture":"#cross"},
				"west":{"uv":[6,5,7,6],"texture":"#cross"},
				"up":{"uv":[6,5,7,6],"rotation":270,"texture":"#cross"},
				"down":{"uv":[6,5,7,6],"rotation":90,"texture":"#cross"}
			}
		},
		{
			"from":[8.5,10,9.5],
			"to":[9.5,11,10.5],
			"rotation":{"angle":-45,"axis":"y","origin":[8,8,8]},
			"faces":{
				"north":{"uv":[5,6,6,7],"texture":"#cross"},
				"east":{"uv":[5,6,6,7],"texture":"#cross"},
				"south":{"uv":[5,6,6,7],"texture":"#cross"},
				"west":{"uv":[5,6,6,7],"texture":"#cross"},
				"up":{"uv":[5,6,6,7],"rotation":270,"texture":"#cross"},
				"down":{"uv":[5,6,6,7],"rotation":90,"texture":"#cross"}
			}
		},
		{
			"from":[6.5,10,9.5],
			"to":[7.5,11,10.5],
			"rotation":{"angle":-45,"axis":"y","origin":[8,8,8]},
			"faces":{
				"north":{"uv":[8,5,9,6],"texture":"#cross"},
				"east":{"uv":[8,5,9,6],"texture":"#cross"},
				"south":{"uv":[8,5,9,6],"texture":"#cross"},
				"west":{"uv":[8,5,9,6],"texture":"#cross"},
				"up":{"uv":[8,5,9,6],"rotation":270,"texture":"#cross"},
				"down":{"uv":[8,5,9,6],"rotation":90,"texture":"#cross"}
			}
		},
		{
			"from":[9.5,10,8.5],
			"to":[10.5,11,9.5],
			"rotation":{"angle":-45,"axis":"y","origin":[8,8,8]},
			"faces":{
				"north":{"uv":[7,4,8,5],"texture":"#cross"},
				"east":{"uv":[7,4,8,5],"texture":"#cross"},
				"south":{"uv":[7,4,8,5],"texture":"#cross"},
				"west":{"uv":[7,4,8,5],"texture":"#cross"},
				"up":{"uv":[7,4,8,5],"rotation":270,"texture":"#cross"},
				"down":{"uv":[7,4,8,5],"rotation":90,"texture":"#cross"}
			}
		},
		{
			"from":[9.5,10,6.5],
			"to":[10.5,11,7.5],
			"rotation":{"angle":-45,"axis":"y","origin":[8,8,8]},
			"faces":{
				"north":{"uv":[9,4,10,5],"texture":"#cross"},
				"east":{"uv":[9,4,10,5],"texture":"#cross"},
				"south":{"uv":[9,4,10,5],"texture":"#cross"},
				"west":{"uv":[9,4,10,5],"texture":"#cross"},
				"up":{"uv":[9,4,10,5],"rotation":270,"texture":"#cross"},
				"down":{"uv":[9,4,10,5],"rotation":90,"texture":"#cross"}
			}
		},
		{
			"from":[10.5,10,7.5],
			"to":[11.5,11,8.5],
			"rotation":{"angle":-45,"axis":"y","origin":[8,8,8]},
			"faces":{
				"north":{"uv":[7,4,8,5],"texture":"#cross"},
				"east":{"uv":[7,4,8,5],"texture":"#cross"},
				"south":{"uv":[7,4,8,5],"texture":"#cross"},
				"west":{"uv":[7,4,8,5],"texture":"#cross"},
				"up":{"uv":[7,4,8,5],"rotation":270,"texture":"#cross"},
				"down":{"uv":[7,4,8,5],"rotation":90,"texture":"#cross"}
			}
		},
		{
			"from":[4.5,10,7.5],
			"to":[5.5,11,8.5],
			"rotation":{"angle":-45,"axis":"y","origin":[8,8,8]},
			"faces":{
				"north":{"uv":[7,4,8,5],"rotation":180,"texture":"#cross"},
				"east":{"uv":[7,4,8,5],"rotation":180,"texture":"#cross"},
				"south":{"uv":[7,4,8,5],"rotation":180,"texture":"#cross"},
				"west":{"uv":[7,4,8,5],"rotation":180,"texture":"#cross"},
				"up":{"uv":[7,4,8,5],"rotation":90,"texture":"#cross"},
				"down":{"uv":[7,4,8,5],"rotation":270,"texture":"#cross"}
			}
		},
		{
			"from":[6.5,10,5.5],
			"to":[7.5,11,6.5],
			"rotation":{"angle":-45,"axis":"y","origin":[8,8,8]},
			"faces":{
				"north":{"uv":[5,6,6,7],"texture":"#cross"},
				"east":{"uv":[5,6,6,7],"texture":"#cross"},
				"south":{"uv":[5,6,6,7],"texture":"#cross"},
				"west":{"uv":[5,6,6,7],"texture":"#cross"},
				"up":{"uv":[5,6,6,7],"rotation":270,"texture":"#cross"},
				"down":{"uv":[5,6,6,7],"rotation":90,"texture":"#cross"}
			}
		},
		{
			"from":[8.5,10,5.5],
			"to":[9.5,11,6.5],
			"rotation":{"angle":-45,"axis":"y","origin":[8,8,8]},
			"faces":{
				"north":{"uv":[8,5,9,6],"texture":"#cross"},
				"east":{"uv":[8,5,9,6],"texture":"#cross"},
				"south":{"uv":[8,5,9,6],"texture":"#cross"},
				"west":{"uv":[8,5,9,6],"texture":"#cross"},
				"up":{"uv":[8,5,9,6],"rotation":270,"texture":"#cross"},
				"down":{"uv":[8,5,9,6],"rotation":90,"texture":"#cross"}
			}
		},
		{
			"from":[5.5,10,8.5],
			"to":[6.5,11,9.5],
			"rotation":{"angle":-45,"axis":"y","origin":[8,8,8]},
			"faces":{
				"north":{"uv":[9,4,10,5],"texture":"#cross"},
				"east":{"uv":[9,4,10,5],"texture":"#cross"},
				"south":{"uv":[9,4,10,5],"texture":"#cross"},
				"west":{"uv":[9,4,10,5],"texture":"#cross"},
				"up":{"uv":[9,4,10,5],"rotation":270,"texture":"#cross"},
				"down":{"uv":[9,4,10,5],"rotation":90,"texture":"#cross"}
			}
		},
		{
			"from":[5.5,10,6.5],
			"to":[6.5,11,7.5],
			"rotation":{"angle":-45,"axis":"y","origin":[8,8,8]},
			"faces":{
				"north":{"uv":[7,4,8,5],"texture":"#cross"},
				"east":{"uv":[7,4,8,5],"texture":"#cross"},
				"south":{"uv":[7,4,8,5],"texture":"#cross"},
				"west":{"uv":[7,4,8,5],"texture":"#cross"},
				"up":{"uv":[7,4,8,5],"rotation":270,"texture":"#cross"},
				"down":{"uv":[7,4,8,5],"rotation":90,"texture":"#cross"}
			}
		},
		{
			"from":[7.5,10,4.5],
			"to":[8.5,11,5.5],
			"rotation":{"angle":-45,"axis":"y","origin":[8,8,8]},
			"faces":{
				"north":{"uv":[6,5,7,6],"texture":"#cross"},
				"east":{"uv":[6,5,7,6],"texture":"#cross"},
				"south":{"uv":[6,5,7,6],"texture":"#cross"},
				"west":{"uv":[6,5,7,6],"texture":"#cross"},
				"up":{"uv":[6,5,7,6],"rotation":270,"texture":"#cross"},
				"down":{"uv":[6,5,7,6],"rotation":90,"texture":"#cross"}
			}
		},
		{
			"from":[6.5,10,7.5],
			"to":[9.5,11,8.5],
			"rotation":{"angle":-45,"axis":"y","origin":[8,8,8]},
			"faces":{
				"north":{"uv":[10,6,7,7],"texture":"#cross"},
				"east":{"uv":[9,6,10,7],"texture":"#cross"},
				"south":{"uv":[7,6,10,7],"texture":"#cross"},
				"west":{"uv":[7,6,8,7],"texture":"#cross"},
				"up":{"uv":[7,6,10,7],"texture":"#cross"}
			}
		},
		{
			"from":[7.5,10,6.5],
			"to":[8.5,11,9.5],
			"rotation":{"angle":-45,"axis":"y","origin":[8,8,8]},
			"faces":{
				"north":{"uv":[7,6,8,7],"texture":"#cross"},
				"east":{"uv":[10,6,7,7],"texture":"#cross"},
				"south":{"uv":[9,6,10,7],"texture":"#cross"},
				"west":{"uv":[7,6,10,7],"texture":"#cross"},
				"up":{"uv":[7,6,10,7],"rotation":90,"texture":"#cross"}
			}
		},
		{
			"from":[6.5,9,6.5],
			"to":[9.5,10,9.5],
			"rotation":{"angle":-45,"axis":"y","origin":[8,8,8]},
			"faces":{
				"north":{"uv":[9,4,10,7],"rotation":90,"texture":"#cross"},
				"east":{"uv":[7,6,10,7],"texture":"#cross"},
				"south":{"uv":[7,7,8,4],"rotation":90,"texture":"#cross"},
				"west":{"uv":[10,4,7,5],"texture":"#cross"},
				"up":{"uv":[7,4,10,7],"rotation":270,"texture":"#cross"},
				"down":{"uv":[7,7,10,4],"rotation":90,"texture":"#cross"}
			}
		},
		{
			"from":[7.5,11,7.5],
			"to":[8.5,11.5,8.5],
			"rotation":{"angle":-45,"axis":"y","origin":[8,8,8]},
			"faces":{
				"north":{"uv":[8,6,9,7],"texture":"#cross"},
				"east":{"uv":[8,6,9,7],"texture":"#cross"},
				"south":{"uv":[8,6,9,7],"texture":"#cross"},
				"west":{"uv":[8,6,9,7],"texture":"#cross"},
				"up":{"uv":[8,6,9,7],"rotation":270,"texture":"#cross"}
			}
		}
	]
}