{
	"__comment":"Designed by GeForceLegend",
	"ambientocclusion":false,
	"textures":{
		"cross":"block/dandelion",
		"particle":"block/dandelion"
	},
	"elements":[
		{
			"from":[7.5,0,7.5],
			"to":[8.5,8,8.5],
			"rotation":{"angle":-45,"axis":"y","origin":[8,5,8]},
			"faces":{
				"north":{"uv":[7,8,8,16],"texture":"#cross"},
				"east":{"uv":[7,8,8,16],"texture":"#cross"},
				"south":{"uv":[7,8,8,16],"texture":"#cross"},
				"west":{"uv":[7,8,8,16],"texture":"#cross"},
				"down":{"uv":[7,15,8,16],"texture":"#cross","cullface":"down"}
			}
		},
		{
			"from":[7.5,1,6.5],
			"to":[8.5,2,7.5],
			"rotation":{"angle":-45,"axis":"y","origin":[8,5,8]},
			"faces":{
				"north":{"uv":[9,14,10,15],"texture":"#cross"},
				"east":{"uv":[9,14,10,15],"texture":"#cross"},
				"west":{"uv":[9,14,10,15],"texture":"#cross"},
				"down":{"uv":[9,14,10,15],"texture":"#cross"}
			}
		},
		{
			"from":[7.5,2,8.5],
			"to":[8.5,3,10.5],
			"rotation":{"angle":-45,"axis":"y","origin":[8,5,8]},
			"faces":{
				"east":{"uv":[11,13,9,14],"texture":"#cross"},
				"south":{"uv":[10,13,11,14],"texture":"#cross"},
				"west":{"uv":[9,13,11,14],"texture":"#cross"},
				"up":{"uv":[9,13,11,14],"rotation":90,"texture":"#cross"},
				"down":{"uv":[10,13,11,14],"texture":"#cross"}
			}
		},
		{
			"from":[7.5,1,8.5],
			"to":[8.5,2,9.5],
			"rotation":{"angle":-45,"axis":"y","origin":[8,5,8]},
			"faces":{
				"east":{"uv":[9,14,10,15],"texture":"#cross"},
				"south":{"uv":[9,14,10,15],"texture":"#cross"},
				"west":{"uv":[9,14,10,15],"texture":"#cross"},
				"down":{"uv":[9,14,10,15],"texture":"#cross"}
			}
		},
		{
			"from":[8.5,3,7.5],
			"to":[10.5,4,8.5],
			"rotation":{"angle":-45,"axis":"y","origin":[8,5,8]},
			"faces":{
				"north":{"uv":[5,12,7,13],"texture":"#cross"},
				"east":{"uv":[5,12,6,13],"texture":"#cross"},
				"south":{"uv":[7,12,5,13],"texture":"#cross"},
				"up":{"uv":[7,12,5,13],"texture":"#cross"},
				"down":{"uv":[5,12,6,13],"texture":"#cross"}
			}
		},
		{
			"from":[6.5,2,7.5],
			"to":[9.5,3,8.5],
			"rotation":{"angle":-45,"axis":"y","origin":[8,5,8]},
			"faces":{
				"north":{"uv":[6,13,7,14],"texture":"#cross"},
				"east":{"uv":[6,13,7,14],"texture":"#cross"},
				"south":{"uv":[6,13,7,14],"texture":"#cross"},
				"west":{"uv":[6,13,7,14],"texture":"#cross"},
				"down":{"uv":[6,13,7,14],"texture":"#cross"}
			}
		},
		{
			"from":[5.5,3,7.5],
			"to":[7.5,4,8.5],
			"rotation":{"angle":-45,"axis":"y","origin":[8,5,8]},
			"faces":{
				"north":{"uv":[7,12,5,13],"texture":"#cross"},
				"south":{"uv":[5,12,7,13],"texture":"#cross"},
				"west":{"uv":[5,12,6,13],"texture":"#cross"},
				"up":{"uv":[5,12,7,13],"texture":"#cross"},
				"down":{"uv":[5,12,6,13],"texture":"#cross"}
			}
		},
		{
			"from":[7.5,2,5.5],
			"to":[8.5,3,7.5],
			"rotation":{"angle":-45,"axis":"y","origin":[8,5,8]},
			"faces":{
				"north":{"uv":[10,13,11,14],"texture":"#cross"},
				"east":{"uv":[9,13,11,14],"texture":"#cross"},
				"west":{"uv":[11,13,9,14],"texture":"#cross"},
				"up":{"uv":[11,13,9,14],"rotation":90,"texture":"#cross"},
				"down":{"uv":[10,13,11,14],"texture":"#cross"}
			}
		},
		{
			"from":[7.5,6,5.5],
			"to":[8.5,7,10.5],
			"rotation":{"angle":-45,"axis":"y","origin":[8,5,8]},
			"faces":{
				"north":{"uv":[6,9,7,10],"texture":"#cross"},
				"east":{"uv":[11,9,6,10],"texture":"#cross"},
				"south":{"uv":[10,9,11,10],"texture":"#cross"},
				"west":{"uv":[6,9,11,10],"texture":"#cross"},
				"up":{"uv":[6,9,11,10],"rotation":90,"texture":"#cross"},
				"down":{"uv":[11,9,6,10],"rotation":90,"texture":"#cross"}
			}
		},
		{
			"from":[5.5,6,7.5],
			"to":[10.5,7,8.5],
			"rotation":{"angle":-45,"axis":"y","origin":[8,5,8]},
			"faces":{
				"north":{"uv":[11,9,6,10],"texture":"#cross"},
				"east":{"uv":[10,9,11,10],"texture":"#cross"},
				"south":{"uv":[6,9,11,10],"texture":"#cross"},
				"west":{"uv":[6,9,7,10],"texture":"#cross"},
				"up":{"uv":[6,9,11,10],"texture":"#cross"},
				"down":{"uv":[11,9,6,10],"rotation":180,"texture":"#cross"}
			}
		},
		{
			"from":[6.5,6,6.5],
			"to":[9.5,7,9.5],
			"rotation":{"angle":-45,"axis":"y","origin":[8,5,8]},
			"faces":{
				"north":{"uv":[9,8,6,9],"texture":"#cross"},
				"east":{"uv":[8,8,9,11],"rotation":90,"texture":"#cross"},
				"south":{"uv":[6,10,9,11],"texture":"#cross"},
				"west":{"uv":[6,8,7,11],"rotation":90,"texture":"#cross"},
				"up":{"uv":[6,8,9,11],"texture":"#cross"},
				"down":{"uv":[6,8,9,11],"rotation":90,"texture":"#cross"}
			}
		},
		{
			"from":[6.5,5,7.5],
			"to":[9.5,8,8.5],
			"rotation":{"angle":-45,"axis":"y","origin":[8,5,8]},
			"faces":{
				"north":{"uv":[10,8,7,10],"texture":"#cross"},
				"east":{"uv":[9,8,10,10],"texture":"#cross"},
				"south":{"uv":[7,8,10,10],"texture":"#cross"},
				"west":{"uv":[7,8,8,10],"texture":"#cross"},
				"up":{"uv":[7,8,10,9],"texture":"#cross"},
				"down":{"uv":[10,9,7,10],"rotation":180,"texture":"#cross"}
			}
		},
		{
			"from":[7.5,5,6.5],
			"to":[8.5,8,9.5],
			"rotation":{"angle":-45,"axis":"y","origin":[8,5,8]},
			"faces":{
				"north":{"uv":[9,8,10,10],"texture":"#cross"},
				"east":{"uv":[7,8,10,10],"texture":"#cross"},
				"south":{"uv":[7,8,8,10],"texture":"#cross"},
				"west":{"uv":[10,8,7,10],"texture":"#cross"},
				"up":{"uv":[7,8,10,9],"rotation":270,"texture":"#cross"},
				"down":{"uv":[7,9,10,10],"rotation":90,"texture":"#cross"}
			}
		}
	]
}