{
	"__comment":"Designed by GeForceLegend",
	"ambientocclusion":false,
	"textures":{
		"0":"block/dead_bush",
		"particle":"block/dead_bush"
	},
	"elements":[
		{
			"from":[7.5,10,7.5],
			"to":[8.5,14,8.5],
			"rotation":{"angle":-45,"axis":"y","origin":[8,8,8]},
			"faces":{
				"north":{"uv":[8,2,9,6],"texture":"#0"},
				"east":{"uv":[8,2,9,6],"texture":"#0"},
				"south":{"uv":[8,2,9,6],"texture":"#0"},
				"west":{"uv":[8,2,9,6],"texture":"#0"},
				"up":{"uv":[8,2,9,3],"texture":"#0"}
			}
		},
		{
			"from":[6.5,0,7.5],
			"to":[9.5,4,8.5],
			"rotation":{"angle":-45,"axis":"y","origin":[8,8,8]},
			"faces":{
				"north":{"uv":[10,12,7,16],"texture":"#0"},
				"east":{"uv":[9,12,10,16],"texture":"#0"},
				"south":{"uv":[7,12,10,16],"texture":"#0"},
				"west":{"uv":[7,12,8,16],"texture":"#0"},
				"up":{"uv":[7,12,10,13],"texture":"#0"},
				"down":{"uv":[7,15,10,16],"texture":"#0","cullface":"down"}
			}
		},
		{
			"from":[7.5,0,6.5],
			"to":[8.5,10,9.5],
			"rotation":{"angle":-45,"axis":"y","origin":[8,8,8]},
			"faces":{
				"north":{"uv":[9,6,10,16],"texture":"#0"},
				"east":{"uv":[7,6,10,16],"texture":"#0"},
				"south":{"uv":[7,6,8,16],"texture":"#0"},
				"west":{"uv":[10,6,7,16],"texture":"#0"},
				"up":{"uv":[7,6,10,7],"rotation":90,"texture":"#0"},
				"down":{"uv":[7,15,10,16],"texture":"#0","cullface":"down"}
			}
		},
		{
			"from":[7.5,4,7.5],
			"to":[9.5,10,8.5],
			"rotation":{"angle":-45,"axis":"y","origin":[8,8,8]},
			"faces":{
				"north":{"uv":[10,6,8,12],"texture":"#0"},
				"east":{"uv":[9,6,10,12],"texture":"#0"},
				"south":{"uv":[8,6,10,12],"texture":"#0"},
				"up":{"uv":[8,6,10,7],"texture":"#0"}
			}
		},
		{
			"from":[6.5,5,7.5],
			"to":[7.5,11,8.5],
			"rotation":{"angle":-45,"axis":"y","origin":[8,8,8]},
			"faces":{
				"north":{"uv":[7,5,8,11],"texture":"#0"},
				"south":{"uv":[7,5,8,11],"texture":"#0"},
				"west":{"uv":[7,5,8,11],"texture":"#0"},
				"down":{"uv":[7,10,8,11],"texture":"#0"}
			}
		},
		{
			"from":[7.5,10,8.5],
			"to":[8.5,11,9.5],
			"rotation":{"angle":-45,"axis":"y","origin":[8,8,8]},
			"faces":{
				"east":{"uv":[7,5,8,6],"texture":"#0"},
				"west":{"uv":[7,5,8,6],"texture":"#0"},
				"up":{"uv":[7,5,8,6],"texture":"#0"}
			}
		},
		{
			"from":[6.5,11,7.5],
			"to":[7.5,12,8.5],
			"rotation":{"angle":-45,"axis":"y","origin":[8,8,8]},
			"faces":{
				"north":{"uv":[7,5,8,6],"texture":"#0"},
				"south":{"uv":[7,5,8,6],"texture":"#0"},
				"up":{"uv":[7,5,8,6],"rotation":90,"texture":"#0"}
			}
		},
		{
			"from":[8.5,1,7],
			"to":[9.5,2,9],
			"rotation":{"angle":-45,"axis":"y","origin":[8,8,8]},
			"faces":{
				"north":{"uv":[9,14,10,15],"texture":"#0"},
				"east":{"uv":[9,14,10,15],"texture":"#0"},
				"south":{"uv":[9,14,10,15],"texture":"#0"},
				"up":{"uv":[9,14,10,15],"texture":"#0"},
				"down":{"uv":[9,14,10,15],"texture":"#0"}
			}
		},
		{
			"from":[7,1,6.5],
			"to":[9,2,7.5],
			"rotation":{"angle":-45,"axis":"y","origin":[8,8,8]},
			"faces":{
				"north":{"uv":[9,14,10,15],"texture":"#0"},
				"east":{"uv":[9,14,10,15],"texture":"#0"},
				"west":{"uv":[9,14,10,15],"texture":"#0"},
				"up":{"uv":[9,14,10,15],"rotation":270,"texture":"#0"},
				"down":{"uv":[9,14,10,15],"rotation":90,"texture":"#0"}
			}
		},
		{
			"from":[9.5,1,7.5],
			"to":[11.5,2,8.5],
			"rotation":{"angle":-45,"axis":"y","origin":[8,8,8]},
			"faces":{
				"north":{"uv":[12,14,10,15],"texture":"#0"},
				"east":{"uv":[11,14,12,15],"texture":"#0"},
				"south":{"uv":[10,14,12,15],"texture":"#0"},
				"up":{"uv":[10,14,12,15],"texture":"#0"},
				"down":{"uv":[10,14,12,15],"texture":"#0"}
			}
		},
		{
			"from":[7.5,1,4.5],
			"to":[8.5,2,6.5],
			"rotation":{"angle":-45,"axis":"y","origin":[8,8,8]},
			"faces":{
				"north":{"uv":[11,14,12,15],"texture":"#0"},
				"east":{"uv":[10,14,12,15],"texture":"#0"},
				"west":{"uv":[12,14,10,15],"texture":"#0"},
				"up":{"uv":[10,14,12,15],"rotation":270,"texture":"#0"},
				"down":{"uv":[10,14,12,15],"rotation":90,"texture":"#0"}
			}
		},
		{
			"from":[10.5,2,7.5],
			"to":[12.5,3,8.5],
			"rotation":{"angle":-45,"axis":"y","origin":[8,8,8]},
			"faces":{
				"north":{"uv":[13,13,11,14],"texture":"#0"},
				"east":{"uv":[12,13,13,14],"texture":"#0"},
				"south":{"uv":[11,13,13,14],"texture":"#0"},
				"west":{"uv":[11,13,12,14],"texture":"#0"},
				"up":{"uv":[11,13,13,14],"texture":"#0"},
				"down":{"uv":[11,13,13,14],"texture":"#0"}
			}
		},
		{
			"from":[7.5,2,3.5],
			"to":[8.5,3,5.5],
			"rotation":{"angle":-45,"axis":"y","origin":[8,8,8]},
			"faces":{
				"north":{"uv":[12,13,13,14],"texture":"#0"},
				"east":{"uv":[11,13,13,14],"texture":"#0"},
				"south":{"uv":[11,13,12,14],"texture":"#0"},
				"west":{"uv":[13,13,11,14],"texture":"#0"},
				"up":{"uv":[11,13,13,14],"rotation":270,"texture":"#0"},
				"down":{"uv":[11,13,13,14],"rotation":90,"texture":"#0"}
			}
		},
		{
			"from":[5.5,3,7],
			"to":[6.5,4,9],
			"rotation":{"angle":-45,"axis":"y","origin":[8,8,8]},
			"faces":{
				"north":{"uv":[6,12,7,13],"texture":"#0"},
				"east":{"uv":[6,12,7,13],"texture":"#0"},
				"south":{"uv":[6,12,7,13],"texture":"#0"},
				"west":{"uv":[6,12,7,13],"texture":"#0"},
				"up":{"uv":[6,12,7,13],"texture":"#0"},
				"down":{"uv":[6,12,7,13],"texture":"#0"}
			}
		},
		{
			"from":[7,2,9.5],
			"to":[9,3,10.5],
			"rotation":{"angle":-45,"axis":"y","origin":[8,8,8]},
			"faces":{
				"north":{"uv":[6,12,7,13],"texture":"#0"},
				"east":{"uv":[6,12,7,13],"texture":"#0"},
				"south":{"uv":[6,12,7,13],"texture":"#0"},
				"west":{"uv":[6,12,7,13],"texture":"#0"},
				"up":{"uv":[6,12,7,13],"rotation":270,"texture":"#0"},
				"down":{"uv":[6,12,7,13],"rotation":90,"texture":"#0"}
			}
		},
		{
			"from":[6.5,2,7],
			"to":[7.5,3,9],
			"rotation":{"angle":-45,"axis":"y","origin":[8,8,8]},
			"faces":{
				"north":{"uv":[7,13,8,14],"texture":"#0"},
				"south":{"uv":[7,13,8,14],"texture":"#0"},
				"west":{"uv":[7,13,8,14],"texture":"#0"},
				"up":{"uv":[7,13,8,14],"texture":"#0"},
				"down":{"uv":[7,13,8,14],"texture":"#0"}
			}
		},
		{
			"from":[7,1,8.5],
			"to":[9,2,9.5],
			"rotation":{"angle":-45,"axis":"y","origin":[8,8,8]},
			"faces":{
				"east":{"uv":[7,13,8,14],"texture":"#0"},
				"south":{"uv":[7,13,8,14],"texture":"#0"},
				"west":{"uv":[7,13,8,14],"texture":"#0"},
				"up":{"uv":[7,13,8,14],"rotation":270,"texture":"#0"},
				"down":{"uv":[7,13,8,14],"rotation":90,"texture":"#0"}
			}
		},
		{
			"from":[5.5,2,7.5],
			"to":[6.5,3,8.5],
			"rotation":{"angle":-45,"axis":"y","origin":[8,8,8]},
			"faces":{
				"north":{"uv":[6,13,7,14],"texture":"#0"},
				"south":{"uv":[6,13,7,14],"texture":"#0"},
				"west":{"uv":[6,13,7,14],"texture":"#0"},
				"down":{"uv":[6,13,7,14],"texture":"#0"}
			}
		},
		{
			"from":[7.5,1,9.5],
			"to":[8.5,2,10.5],
			"rotation":{"angle":-45,"axis":"y","origin":[8,8,8]},
			"faces":{
				"east":{"uv":[6,13,7,14],"texture":"#0"},
				"south":{"uv":[6,13,7,14],"texture":"#0"},
				"west":{"uv":[6,13,7,14],"texture":"#0"},
				"down":{"uv":[6,13,7,14],"rotation":90,"texture":"#0"}
			}
		},
		{
			"from":[4.5,3,7.5],
			"to":[5.5,4,8.5],
			"rotation":{"angle":-45,"axis":"y","origin":[8,8,8]},
			"faces":{
				"north":{"uv":[5,12,6,13],"texture":"#0"},
				"south":{"uv":[5,12,6,13],"texture":"#0"},
				"west":{"uv":[5,12,6,13],"texture":"#0"},
				"down":{"uv":[5,12,6,13],"texture":"#0"}
			}
		},
		{
			"from":[7.5,2,10.5],
			"to":[8.5,3,11.5],
			"rotation":{"angle":-45,"axis":"y","origin":[8,8,8]},
			"faces":{
				"east":{"uv":[5,12,6,13],"texture":"#0"},
				"south":{"uv":[5,12,6,13],"texture":"#0"},
				"west":{"uv":[5,12,6,13],"texture":"#0"},
				"down":{"uv":[5,12,6,13],"rotation":90,"texture":"#0"}
			}
		},
		{
			"from":[3.5,4,7.5],
			"to":[5.5,5,8.5],
			"rotation":{"angle":-45,"axis":"y","origin":[8,8,8]},
			"faces":{
				"north":{"uv":[6,11,4,12],"texture":"#0"},
				"east":{"uv":[5,11,6,12],"texture":"#0"},
				"south":{"uv":[4,11,6,12],"texture":"#0"},
				"west":{"uv":[4,11,5,12],"texture":"#0"},
				"up":{"uv":[4,11,6,12],"texture":"#0"},
				"down":{"uv":[4,11,6,12],"texture":"#0"}
			}
		},
		{
			"from":[7.5,3,10.5],
			"to":[8.5,4,12.5],
			"rotation":{"angle":-45,"axis":"y","origin":[8,8,8]},
			"faces":{
				"north":{"uv":[5,11,6,12],"texture":"#0"},
				"east":{"uv":[4,11,6,12],"texture":"#0"},
				"south":{"uv":[4,11,5,12],"texture":"#0"},
				"west":{"uv":[6,11,4,12],"texture":"#0"},
				"up":{"uv":[4,11,6,12],"rotation":270,"texture":"#0"},
				"down":{"uv":[4,11,6,12],"rotation":90,"texture":"#0"}
			}
		},
		{
			"from":[9.5,4,7.5],
			"to":[10.5,5,8.5],
			"rotation":{"angle":-45,"axis":"y","origin":[8,8,8]},
			"faces":{
				"north":{"uv":[10,11,11,12],"texture":"#0"},
				"east":{"uv":[10,11,11,12],"texture":"#0"},
				"south":{"uv":[10,11,11,12],"texture":"#0"},
				"up":{"uv":[10,11,11,12],"texture":"#0"},
				"down":{"uv":[10,11,11,12],"texture":"#0"}
			}
		},
		{
			"from":[8.5,5,7],
			"to":[9.5,6,9],
			"rotation":{"angle":-45,"axis":"y","origin":[8,8,8]},
			"faces":{
				"north":{"uv":[9,10,10,11],"texture":"#0"},
				"east":{"uv":[9,10,10,11],"texture":"#0"},
				"south":{"uv":[9,10,10,11],"texture":"#0"},
				"down":{"uv":[9,10,10,11],"texture":"#0"}
			}
		},
		{
			"from":[9.5,6,7.5],
			"to":[10.5,8,8.5],
			"rotation":{"angle":-45,"axis":"y","origin":[8,8,8]},
			"faces":{
				"north":{"uv":[10,8,11,10],"texture":"#0"},
				"south":{"uv":[10,8,11,10],"texture":"#0"},
				"up":{"uv":[10,8,11,9],"texture":"#0"}
			}
		},
		{
			"from":[7.5,5,5.5],
			"to":[8.5,7,6.5],
			"rotation":{"angle":-45,"axis":"y","origin":[8,8,8]},
			"faces":{
				"east":{"uv":[10,8,11,10],"texture":"#0"},
				"west":{"uv":[10,8,11,10],"texture":"#0"},
				"up":{"uv":[10,8,11,9],"rotation":270,"texture":"#0"}
			}
		},
		{
			"from":[10.5,8,7.5],
			"to":[13.5,9,8.5],
			"rotation":{"angle":-45,"axis":"y","origin":[8,8,8]},
			"faces":{
				"north":{"uv":[14,7,11,8],"texture":"#0"},
				"east":{"uv":[13,7,14,8],"texture":"#0"},
				"south":{"uv":[11,7,14,8],"texture":"#0"},
				"west":{"uv":[11,7,12,8],"texture":"#0"},
				"up":{"uv":[11,7,14,8],"texture":"#0"},
				"down":{"uv":[11,7,14,8],"texture":"#0"}
			}
		},
		{
			"from":[7.5,7,2.5],
			"to":[8.5,8,5.5],
			"rotation":{"angle":-45,"axis":"y","origin":[8,8,8]},
			"faces":{
				"north":{"uv":[13,7,14,8],"texture":"#0"},
				"east":{"uv":[11,7,14,8],"texture":"#0"},
				"south":{"uv":[11,7,12,8],"texture":"#0"},
				"west":{"uv":[14,7,11,8],"texture":"#0"},
				"up":{"uv":[11,7,14,8],"rotation":270,"texture":"#0"},
				"down":{"uv":[11,7,14,8],"rotation":90,"texture":"#0"}
			}
		},
		{
			"from":[12.5,9,7.5],
			"to":[14.5,10,8.5],
			"rotation":{"angle":-45,"axis":"y","origin":[8,8,8]},
			"faces":{
				"north":{"uv":[13,6,15,7],"texture":"#0"},
				"east":{"uv":[13,6,15,7],"texture":"#0"},
				"south":{"uv":[13,6,15,7],"texture":"#0"},
				"west":{"uv":[13,6,15,7],"texture":"#0"},
				"up":{"uv":[13,6,15,7],"texture":"#0"},
				"down":{"uv":[13,6,15,7],"texture":"#0"}
			}
		},
		{
			"from":[7.5,8,1.5],
			"to":[8.5,9,3.5],
			"rotation":{"angle":-45,"axis":"y","origin":[8,8,8]},
			"faces":{
				"north":{"uv":[13,6,15,7],"texture":"#0"},
				"east":{"uv":[13,6,15,7],"texture":"#0"},
				"south":{"uv":[13,6,15,7],"texture":"#0"},
				"west":{"uv":[13,6,15,7],"texture":"#0"},
				"up":{"uv":[13,6,15,7],"rotation":270,"texture":"#0"},
				"down":{"uv":[13,6,15,7],"rotation":90,"texture":"#0"}
			}
		},
		{
			"from":[8.5,6,7],
			"to":[10.5,7,9],
			"rotation":{"angle":-45,"axis":"y","origin":[8,8,8]},
			"faces":{
				"north":{"uv":[11,9,9,10],"texture":"#0"},
				"east":{"uv":[10,9,11,10],"texture":"#0"},
				"south":{"uv":[9,9,11,10],"texture":"#0"},
				"up":{"uv":[9,9,11,10],"texture":"#0"},
				"down":{"uv":[9,9,11,10],"texture":"#0"}
			}
		},
		{
			"from":[7,5,5.5],
			"to":[9,6,7.5],
			"rotation":{"angle":-45,"axis":"y","origin":[8,8,8]},
			"faces":{
				"north":{"uv":[10,9,11,10],"texture":"#0"},
				"east":{"uv":[9,9,11,10],"texture":"#0"},
				"west":{"uv":[11,9,9,10],"texture":"#0"},
				"up":{"uv":[9,9,11,10],"rotation":270,"texture":"#0"},
				"down":{"uv":[9,9,11,10],"rotation":90,"texture":"#0"}
			}
		},
		{
			"from":[10.5,7,7],
			"to":[11.5,8,9],
			"rotation":{"angle":-45,"axis":"y","origin":[8,8,8]},
			"faces":{
				"north":{"uv":[11,8,12,9],"texture":"#0"},
				"east":{"uv":[11,8,12,9],"texture":"#0"},
				"south":{"uv":[11,8,12,9],"texture":"#0"},
				"west":{"uv":[11,8,12,9],"texture":"#0"},
				"up":{"uv":[11,8,12,9],"texture":"#0"},
				"down":{"uv":[11,8,12,9],"texture":"#0"}
			}
		},
		{
			"from":[7,6,4.5],
			"to":[9,7,5.5],
			"rotation":{"angle":-45,"axis":"y","origin":[8,8,8]},
			"faces":{
				"north":{"uv":[11,8,12,9],"texture":"#0"},
				"east":{"uv":[11,8,12,9],"texture":"#0"},
				"south":{"uv":[11,8,12,9],"texture":"#0"},
				"west":{"uv":[11,8,12,9],"texture":"#0"},
				"up":{"uv":[11,8,12,9],"rotation":270,"texture":"#0"},
				"down":{"uv":[11,8,12,9],"rotation":90,"texture":"#0"}
			}
		},
		{
			"from":[6.5,6,7],
			"to":[7.5,7,9],
			"rotation":{"angle":-45,"axis":"y","origin":[8,8,8]},
			"faces":{
				"north":{"uv":[7,9,8,10],"texture":"#0"},
				"south":{"uv":[7,9,8,10],"texture":"#0"},
				"west":{"uv":[7,9,8,10],"texture":"#0"},
				"up":{"uv":[7,9,8,10],"texture":"#0"},
				"down":{"uv":[7,9,8,10],"texture":"#0"}
			}
		},
		{
			"from":[7,4,8.5],
			"to":[9,5,9.5],
			"rotation":{"angle":-45,"axis":"y","origin":[8,8,8]},
			"faces":{
				"north":{"uv":[7,9,8,10],"texture":"#0"},
				"east":{"uv":[7,9,8,10],"texture":"#0"},
				"south":{"uv":[7,9,8,10],"texture":"#0"},
				"west":{"uv":[7,9,8,10],"texture":"#0"},
				"up":{"uv":[7,9,8,10],"rotation":270,"texture":"#0"},
				"down":{"uv":[7,9,8,10],"rotation":90,"texture":"#0"}
			}
		},
		{
			"from":[5.5,6,7.5],
			"to":[6.5,8,8.5],
			"rotation":{"angle":-45,"axis":"y","origin":[8,8,8]},
			"faces":{
				"north":{"uv":[6,8,7,10],"texture":"#0"},
				"south":{"uv":[6,8,7,10],"texture":"#0"},
				"west":{"uv":[6,8,7,10],"texture":"#0"},
				"down":{"uv":[6,9,7,10],"texture":"#0"}
			}
		},
		{
			"from":[7.5,4,9.5],
			"to":[8.5,6,10.5],
			"rotation":{"angle":-45,"axis":"y","origin":[8,8,8]},
			"faces":{
				"east":{"uv":[6,8,7,10],"texture":"#0"},
				"south":{"uv":[6,8,7,10],"texture":"#0"},
				"west":{"uv":[6,8,7,10],"texture":"#0"},
				"down":{"uv":[6,9,7,10],"rotation":90,"texture":"#0"}
			}
		},
		{
			"from":[4.5,7,7.5],
			"to":[5.5,8,8.5],
			"rotation":{"angle":-45,"axis":"y","origin":[8,8,8]},
			"faces":{
				"north":{"uv":[5,8,6,9],"texture":"#0"},
				"south":{"uv":[5,8,6,9],"texture":"#0"},
				"west":{"uv":[5,8,6,9],"texture":"#0"},
				"down":{"uv":[5,8,6,9],"texture":"#0"}
			}
		},
		{
			"from":[7.5,5,10.5],
			"to":[8.5,6,11.5],
			"rotation":{"angle":-45,"axis":"y","origin":[8,8,8]},
			"faces":{
				"east":{"uv":[5,8,6,9],"texture":"#0"},
				"south":{"uv":[5,8,6,9],"texture":"#0"},
				"west":{"uv":[5,8,6,9],"texture":"#0"},
				"down":{"uv":[5,8,6,9],"rotation":90,"texture":"#0"}
			}
		},
		{
			"from":[2.5,8,7.5],
			"to":[5.5,9,8.5],
			"rotation":{"angle":-45,"axis":"y","origin":[8,8,8]},
			"faces":{
				"north":{"uv":[6,7,3,8],"texture":"#0"},
				"east":{"uv":[5,7,6,8],"texture":"#0"},
				"south":{"uv":[3,7,6,8],"texture":"#0"},
				"west":{"uv":[3,7,4,8],"texture":"#0"},
				"up":{"uv":[3,7,6,8],"texture":"#0"},
				"down":{"uv":[3,7,6,8],"texture":"#0"}
			}
		},
		{
			"from":[7.5,6,9.5],
			"to":[8.5,7,13.5],
			"rotation":{"angle":-45,"axis":"y","origin":[8,8,8]},
			"faces":{
				"east":{"uv":[5,12,9,13],"texture":"#0"},
				"south":{"uv":[5,12,6,13],"texture":"#0"},
				"west":{"uv":[9,12,5,13],"texture":"#0"},
				"up":{"uv":[5,12,9,13],"rotation":270,"texture":"#0"},
				"down":{"uv":[5,12,9,13],"rotation":90,"texture":"#0"}
			}
		},
		{
			"from":[1.5,9,7.5],
			"to":[4.5,10,8.5],
			"rotation":{"angle":-45,"axis":"y","origin":[8,8,8]},
			"faces":{
				"north":{"uv":[5,6,2,7],"texture":"#0"},
				"east":{"uv":[4,6,5,7],"texture":"#0"},
				"south":{"uv":[2,6,5,7],"texture":"#0"},
				"west":{"uv":[2,6,3,7],"texture":"#0"},
				"up":{"uv":[2,6,5,7],"texture":"#0"},
				"down":{"uv":[2,6,5,7],"texture":"#0"}
			}
		},
		{
			"from":[7.5,7,11.5],
			"to":[8.5,8,14.5],
			"rotation":{"angle":-45,"axis":"y","origin":[8,8,8]},
			"faces":{
				"north":{"uv":[4,6,5,7],"texture":"#0"},
				"east":{"uv":[2,6,5,7],"texture":"#0"},
				"south":{"uv":[2,6,3,7],"texture":"#0"},
				"west":{"uv":[5,6,2,7],"texture":"#0"},
				"up":{"uv":[2,6,5,7],"rotation":270,"texture":"#0"},
				"down":{"uv":[2,6,5,7],"rotation":90,"texture":"#0"}
			}
		},
		{
			"from":[5.5,7,7],
			"to":[6.5,8,9],
			"rotation":{"angle":-45,"axis":"y","origin":[8,8,8]},
			"faces":{
				"north":{"uv":[6,8,7,9],"texture":"#0"},
				"east":{"uv":[6,8,7,9],"texture":"#0"},
				"south":{"uv":[6,8,7,9],"texture":"#0"},
				"west":{"uv":[6,8,7,9],"texture":"#0"},
				"up":{"uv":[6,8,7,9],"texture":"#0"},
				"down":{"uv":[6,8,7,9],"texture":"#0"}
			}
		},
		{
			"from":[7,5,9.5],
			"to":[9,6,10.5],
			"rotation":{"angle":-45,"axis":"y","origin":[8,8,8]},
			"faces":{
				"north":{"uv":[6,8,7,9],"texture":"#0"},
				"east":{"uv":[6,8,7,9],"texture":"#0"},
				"south":{"uv":[6,8,7,9],"texture":"#0"},
				"west":{"uv":[6,8,7,9],"texture":"#0"},
				"up":{"uv":[6,8,7,9],"rotation":270,"texture":"#0"},
				"down":{"uv":[6,8,7,9],"rotation":90,"texture":"#0"}
			}
		},
		{
			"from":[7.5,11,6.5],
			"to":[8.5,13,7.5],
			"rotation":{"angle":-45,"axis":"y","origin":[8,8,8]},
			"faces":{
				"north":{"uv":[9,3,10,5],"texture":"#0"},
				"east":{"uv":[9,3,10,5],"texture":"#0"},
				"west":{"uv":[9,3,10,5],"texture":"#0"},
				"up":{"uv":[9,3,10,4],"rotation":270,"texture":"#0"},
				"down":{"uv":[9,4,10,5],"rotation":90,"texture":"#0"}
			}
		},
		{
			"from":[8.5,11,7.5],
			"to":[9.5,13,8.5],
			"rotation":{"angle":-45,"axis":"y","origin":[8,8,8]},
			"faces":{
				"north":{"uv":[9,3,10,5],"texture":"#0"},
				"east":{"uv":[9,3,10,5],"texture":"#0"},
				"south":{"uv":[9,3,10,5],"texture":"#0"},
				"up":{"uv":[9,3,10,4],"texture":"#0"},
				"down":{"uv":[9,4,10,5],"texture":"#0"}
			}
		},
		{
			"from":[7.5,12,5.5],
			"to":[8.5,15,6.5],
			"rotation":{"angle":-45,"axis":"y","origin":[8,8,8]},
			"faces":{
				"north":{"uv":[10,1,11,4],"texture":"#0"},
				"east":{"uv":[10,1,11,4],"texture":"#0"},
				"south":{"uv":[10,1,11,4],"texture":"#0"},
				"west":{"uv":[10,1,11,4],"texture":"#0"},
				"up":{"uv":[10,1,11,2],"rotation":270,"texture":"#0"},
				"down":{"uv":[10,3,11,4],"rotation":90,"texture":"#0"}
			}
		},
		{
			"from":[9.5,12,7.5],
			"to":[10.5,15,8.5],
			"rotation":{"angle":-45,"axis":"y","origin":[8,8,8]},
			"faces":{
				"north":{"uv":[10,1,11,4],"texture":"#0"},
				"east":{"uv":[10,1,11,4],"texture":"#0"},
				"south":{"uv":[10,1,11,4],"texture":"#0"},
				"west":{"uv":[10,1,11,4],"texture":"#0"},
				"up":{"uv":[10,1,11,2],"texture":"#0"},
				"down":{"uv":[10,3,11,4],"texture":"#0"}
			}
		},
		{
			"from":[7.5,14,4.5],
			"to":[8.5,16,5.5],
			"rotation":{"angle":-45,"axis":"y","origin":[8,8,8]},
			"faces":{
				"north":{"uv":[11,0,12,2],"texture":"#0"},
				"east":{"uv":[11,0,12,2],"texture":"#0"},
				"south":{"uv":[11,0,12,2],"texture":"#0"},
				"west":{"uv":[11,0,12,2],"texture":"#0"},
				"up":{"uv":[11,0,12,1],"rotation":270,"texture":"#0","cullface":"up"},
				"down":{"uv":[11,1,12,2],"rotation":90,"texture":"#0"}
			}
		},
		{
			"from":[7.5,11,4.5],
			"to":[8.5,12,5.5],
			"rotation":{"angle":-45,"axis":"y","origin":[8,8,8]},
			"faces":{
				"north":{"uv":[11,4,12,5],"texture":"#0"},
				"east":{"uv":[11,4,12,5],"texture":"#0"},
				"south":{"uv":[11,4,12,5],"texture":"#0"},
				"west":{"uv":[11,4,12,5],"texture":"#0"},
				"up":{"uv":[11,4,12,5],"rotation":270,"texture":"#0"},
				"down":{"uv":[11,4,12,5],"rotation":90,"texture":"#0"}
			}
		},
		{
			"from":[7.5,9,9.5],
			"to":[8.5,12,10.5],
			"rotation":{"angle":-45,"axis":"y","origin":[8,8,8]},
			"faces":{
				"north":{"uv":[6,4,7,7],"texture":"#0"},
				"east":{"uv":[6,4,7,7],"texture":"#0"},
				"south":{"uv":[6,4,7,7],"texture":"#0"},
				"west":{"uv":[6,4,7,7],"texture":"#0"},
				"up":{"uv":[6,4,7,5],"texture":"#0"},
				"down":{"uv":[6,6,7,7],"texture":"#0"}
			}
		},
		{
			"from":[5.5,10,7.5],
			"to":[6.5,13,8.5],
			"rotation":{"angle":-45,"axis":"y","origin":[8,8,8]},
			"faces":{
				"north":{"uv":[6,4,7,7],"texture":"#0"},
				"east":{"uv":[6,4,7,7],"texture":"#0"},
				"south":{"uv":[6,4,7,7],"texture":"#0"},
				"west":{"uv":[6,4,7,7],"texture":"#0"},
				"up":{"uv":[6,4,7,5],"rotation":90,"texture":"#0"},
				"down":{"uv":[6,6,7,7],"rotation":270,"texture":"#0"}
			}
		},
		{
			"from":[7.5,10,10.5],
			"to":[8.5,13,11.5],
			"rotation":{"angle":-45,"axis":"y","origin":[8,8,8]},
			"faces":{
				"north":{"uv":[5,3,6,6],"texture":"#0"},
				"east":{"uv":[5,3,6,6],"texture":"#0"},
				"south":{"uv":[5,3,6,6],"texture":"#0"},
				"west":{"uv":[5,3,6,6],"texture":"#0"},
				"up":{"uv":[5,3,6,4],"texture":"#0"},
				"down":{"uv":[5,5,6,6],"texture":"#0"}
			}
		},
		{
			"from":[4.5,11,7.5],
			"to":[5.5,14,8.5],
			"rotation":{"angle":-45,"axis":"y","origin":[8,8,8]},
			"faces":{
				"north":{"uv":[5,3,6,6],"texture":"#0"},
				"east":{"uv":[5,3,6,6],"texture":"#0"},
				"south":{"uv":[5,3,6,6],"texture":"#0"},
				"west":{"uv":[5,3,6,6],"texture":"#0"},
				"up":{"uv":[5,3,6,4],"rotation":90,"texture":"#0"},
				"down":{"uv":[5,5,6,6],"rotation":270,"texture":"#0"}
			}
		},
		{
			"from":[7.5,12,11.5],
			"to":[8.5,15,12.5],
			"rotation":{"angle":-45,"axis":"y","origin":[8,8,8]},
			"faces":{
				"north":{"uv":[4,1,5,4],"texture":"#0"},
				"east":{"uv":[4,1,5,4],"texture":"#0"},
				"south":{"uv":[4,1,5,4],"texture":"#0"},
				"west":{"uv":[4,1,5,4],"texture":"#0"},
				"up":{"uv":[4,1,5,2],"texture":"#0"},
				"down":{"uv":[4,3,5,4],"texture":"#0"}
			}
		},
		{
			"from":[3.5,13,7.5],
			"to":[4.5,16,8.5],
			"rotation":{"angle":-45,"axis":"y","origin":[8,8,8]},
			"faces":{
				"north":{"uv":[4,1,5,4],"texture":"#0"},
				"east":{"uv":[4,1,5,4],"texture":"#0"},
				"south":{"uv":[4,1,5,4],"texture":"#0"},
				"west":{"uv":[4,1,5,4],"texture":"#0"},
				"up":{"uv":[4,1,5,2],"rotation":90,"texture":"#0"},
				"down":{"uv":[4,3,5,4],"rotation":270,"texture":"#0"}
			}
		},
		{
			"from":[7,8,8.5],
			"to":[9,10,9.5],
			"rotation":{"angle":-45,"axis":"y","origin":[8,8,8]},
			"faces":{
				"east":{"uv":[7,6,8,8],"texture":"#0"},
				"south":{"uv":[7,6,8,8],"texture":"#0"},
				"west":{"uv":[7,6,8,8],"texture":"#0"},
				"up":{"uv":[7,6,8,7],"texture":"#0"},
				"down":{"uv":[7,7,8,8],"texture":"#0"}
			}
		},
		{
			"from":[6.5,9,7],
			"to":[7.5,11,9],
			"rotation":{"angle":-45,"axis":"y","origin":[8,8,8]},
			"faces":{
				"north":{"uv":[7,6,8,8],"texture":"#0"},
				"south":{"uv":[7,6,8,8],"texture":"#0"},
				"west":{"uv":[7,6,8,8],"texture":"#0"},
				"up":{"uv":[7,6,8,7],"rotation":90,"texture":"#0"},
				"down":{"uv":[7,7,8,8],"rotation":270,"texture":"#0"}
			}
		},
		{
			"from":[7,10,9.5],
			"to":[9,11,10.5],
			"rotation":{"angle":-45,"axis":"y","origin":[8,8,8]},
			"faces":{
				"north":{"uv":[6,5,7,6],"texture":"#0"},
				"east":{"uv":[6,5,7,6],"texture":"#0"},
				"south":{"uv":[6,5,7,6],"texture":"#0"},
				"west":{"uv":[6,5,7,6],"texture":"#0"},
				"up":{"uv":[6,5,7,6],"texture":"#0"},
				"down":{"uv":[6,5,7,6],"texture":"#0"}
			}
		},
		{
			"from":[5.5,11,7],
			"to":[6.5,12,9],
			"rotation":{"angle":-45,"axis":"y","origin":[8,8,8]},
			"faces":{
				"north":{"uv":[6,5,7,6],"texture":"#0"},
				"east":{"uv":[6,5,7,6],"texture":"#0"},
				"south":{"uv":[6,5,7,6],"texture":"#0"},
				"west":{"uv":[6,5,7,6],"texture":"#0"},
				"up":{"uv":[6,5,7,6],"rotation":90,"texture":"#0"},
				"down":{"uv":[6,5,7,6],"rotation":270,"texture":"#0"}
			}
		},
		{
			"from":[7,11,10.5],
			"to":[9,12,11.5],
			"rotation":{"angle":-45,"axis":"y","origin":[8,8,8]},
			"faces":{
				"north":{"uv":[5,4,6,5],"texture":"#0"},
				"east":{"uv":[5,4,6,5],"texture":"#0"},
				"south":{"uv":[5,4,6,5],"texture":"#0"},
				"west":{"uv":[5,4,6,5],"texture":"#0"},
				"up":{"uv":[5,4,6,5],"texture":"#0"},
				"down":{"uv":[5,4,6,5],"texture":"#0"}
			}
		},
		{
			"from":[4.5,12,7],
			"to":[5.5,13,9],
			"rotation":{"angle":-45,"axis":"y","origin":[8,8,8]},
			"faces":{
				"north":{"uv":[5,4,6,5],"texture":"#0"},
				"east":{"uv":[5,4,6,5],"texture":"#0"},
				"south":{"uv":[5,4,6,5],"texture":"#0"},
				"west":{"uv":[5,4,6,5],"texture":"#0"},
				"up":{"uv":[5,4,6,5],"rotation":90,"texture":"#0"},
				"down":{"uv":[5,4,6,5],"rotation":270,"texture":"#0"}
			}
		}
	]
}