{
	"__comment":"Designed by GeForceLegend",
	"ambientocclusion":false,
	"textures":{
		"0":"block/fern",
		"particle":"block/fern"
	},
	"elements":[
		{
			"from":[7.5,0,7.5],
			"to":[8.5,16,8.5],
			"rotation":{"angle":22.5,"axis":"y","origin":[8,8,8]},
			"faces":{
				"north":{"uv":[7,0,8,16],"texture":"#0","tintindex":0},
				"east":{"uv":[7,0,8,16],"texture":"#0","tintindex":0},
				"south":{"uv":[7,0,8,16],"texture":"#0","tintindex":0},
				"west":{"uv":[7,0,8,16],"texture":"#0","tintindex":0},
				"up":{"uv":[7,0,8,1],"rotation":90,"texture":"#0","cullface":"up","tintindex":0}
			}
		},
		{
			"from":[7.5,0,6.5],
			"to":[8.5,1,9.5],
			"rotation":{"angle":22.5,"axis":"y","origin":[8,8,8]},
			"faces":{
				"north":{"uv":[6,15,7,16],"texture":"#0","tintindex":0},
				"east":{"uv":[9,15,6,16],"texture":"#0","tintindex":0},
				"south":{"uv":[8,15,9,16],"texture":"#0","tintindex":0},
				"west":{"uv":[6,15,9,16],"texture":"#0","tintindex":0},
				"up":{"uv":[6,15,9,16],"rotation":90,"texture":"#0","tintindex":0},
				"down":{"uv":[6,15,9,16],"rotation":270,"texture":"#0","cullface":"down","tintindex":0}
			}
		},
		{
			"from":[6.5,0,7.5],
			"to":[9.5,1,8.5],
			"rotation":{"angle":22.5,"axis":"y","origin":[8,8,8]},
			"faces":{
				"north":{"uv":[6,15,9,16],"texture":"#0","tintindex":0},
				"east":{"uv":[6,15,7,16],"texture":"#0","tintindex":0},
				"south":{"uv":[9,15,6,16],"texture":"#0","tintindex":0},
				"west":{"uv":[8,15,9,16],"texture":"#0","tintindex":0},
				"up":{"uv":[6,15,9,16],"rotation":180,"texture":"#0","tintindex":0},
				"down":{"uv":[6,15,9,16],"rotation":180,"texture":"#0","cullface":"down","tintindex":0}
			}
		},
		{
			"from":[7.5,13,6.5],
			"to":[8.5,15,9.5],
			"rotation":{"angle":22.5,"axis":"y","origin":[8,8,8]},
			"faces":{
				"north":{"uv":[6,1,7,3],"texture":"#0","tintindex":0},
				"east":{"uv":[9,1,6,3],"texture":"#0","tintindex":0},
				"south":{"uv":[8,1,9,3],"texture":"#0","tintindex":0},
				"west":{"uv":[6,1,9,3],"texture":"#0","tintindex":0},
				"up":{"uv":[6,1,9,2],"rotation":90,"texture":"#0","tintindex":0},
				"down":{"uv":[6,2,9,3],"rotation":270,"texture":"#0","tintindex":0}
			}
		},
		{
			"from":[6.5,13,7.5],
			"to":[9.5,15,8.5],
			"rotation":{"angle":22.5,"axis":"y","origin":[8,8,8]},
			"faces":{
				"north":{"uv":[6,1,9,3],"texture":"#0","tintindex":0},
				"east":{"uv":[6,1,7,3],"texture":"#0","tintindex":0},
				"south":{"uv":[9,1,6,3],"texture":"#0","tintindex":0},
				"west":{"uv":[8,1,9,3],"texture":"#0","tintindex":0},
				"up":{"uv":[6,1,9,2],"rotation":180,"texture":"#0","tintindex":0},
				"down":{"uv":[6,2,9,3],"rotation":180,"texture":"#0","tintindex":0}
			}
		},
		{
			"from":[6.5,9,7.5],
			"to":[9.5,10,8.5],
			"rotation":{"angle":22.5,"axis":"y","origin":[8,8,8]},
			"faces":{
				"north":{"uv":[6,6,9,7],"texture":"#0","tintindex":0},
				"east":{"uv":[6,6,7,7],"texture":"#0","tintindex":0},
				"south":{"uv":[9,6,6,7],"texture":"#0","tintindex":0},
				"west":{"uv":[8,6,9,7],"texture":"#0","tintindex":0},
				"down":{"uv":[6,6,9,7],"rotation":180,"texture":"#0","tintindex":0}
			}
		},
		{
			"from":[8.5,10,6.5],
			"to":[9.5,11,9.5],
			"rotation":{"angle":22.5,"axis":"y","origin":[8,8,8]},
			"faces":{
				"north":{"uv":[5,5,7,6],"texture":"#0","tintindex":0},
				"east":{"uv":[5,5,7,6],"texture":"#0","tintindex":0},
				"south":{"uv":[5,5,7,6],"texture":"#0","tintindex":0},
				"west":{"uv":[5,5,7,6],"texture":"#0","tintindex":0},
				"up":{"uv":[5,5,6,6],"rotation":90,"texture":"#0","tintindex":0},
				"down":{"uv":[5,5,6,6],"rotation":270,"texture":"#0","tintindex":0}
			}
		},
		{
			"from":[4.5,10.01,7.5],
			"to":[10.5,11,8.5],
			"rotation":{"angle":22.5,"axis":"y","origin":[8,8,8]},
			"faces":{
				"north":{"uv":[5,5,11,6],"texture":"#0","tintindex":0},
				"east":{"uv":[5,5,6,6],"texture":"#0","tintindex":0},
				"south":{"uv":[11,5,5,6],"texture":"#0","tintindex":0},
				"west":{"uv":[10,5,11,6],"texture":"#0","tintindex":0},
				"up":{"uv":[5,5,11,6],"rotation":180,"texture":"#0","tintindex":0},
				"down":{"uv":[5,5,11,6],"rotation":180,"texture":"#0","tintindex":0}
			}
		},
		{
			"from":[5.5,11,7.5],
			"to":[11.5,11.99,8.5],
			"rotation":{"angle":22.5,"axis":"y","origin":[8,8,8]},
			"faces":{
				"north":{"uv":[4,4,10,5],"texture":"#0","tintindex":0},
				"east":{"uv":[4,4,5,5],"texture":"#0","tintindex":0},
				"south":{"uv":[10,4,4,5],"texture":"#0","tintindex":0},
				"west":{"uv":[9,4,10,5],"texture":"#0","tintindex":0},
				"up":{"uv":[4,4,10,5],"rotation":180,"texture":"#0","tintindex":0},
				"down":{"uv":[4,4,5,5],"rotation":180,"texture":"#0","tintindex":0}
			}
		},
		{
			"from":[9.5,11,6.5],
			"to":[10.5,12,9.5],
			"rotation":{"angle":22.5,"axis":"y","origin":[8,8,8]},
			"faces":{
				"north":{"uv":[5,4,6,5],"texture":"#0","tintindex":0},
				"east":{"uv":[6,5,9,6],"texture":"#0","tintindex":0},
				"south":{"uv":[5,4,6,5],"texture":"#0","tintindex":0},
				"west":{"uv":[6,5,9,6],"texture":"#0","tintindex":0},
				"up":{"uv":[6,5,9,6],"rotation":90,"texture":"#0","tintindex":0},
				"down":{"uv":[6,5,9,6],"rotation":270,"texture":"#0","tintindex":0}
			}
		},
		{
			"from":[5.5,10,6.5],
			"to":[7.5,11,9.5],
			"rotation":{"angle":22.5,"axis":"y","origin":[8,8,8]},
			"faces":{
				"north":{"uv":[8,5,10,6],"texture":"#0","tintindex":0},
				"east":{"uv":[8,5,9,6],"texture":"#0","tintindex":0},
				"south":{"uv":[10,5,8,6],"texture":"#0","tintindex":0},
				"west":{"uv":[9,5,10,6],"texture":"#0","tintindex":0},
				"up":{"uv":[6,6,9,4],"rotation":90,"texture":"#0","tintindex":0},
				"down":{"uv":[6,4,9,6],"rotation":270,"texture":"#0","tintindex":0}
			}
		},
		{
			"from":[7.5,2,6.5],
			"to":[8.5,3,9.5],
			"rotation":{"angle":22.5,"axis":"y","origin":[8,8,8]},
			"faces":{
				"north":{"uv":[6,13,7,14],"texture":"#0","tintindex":0},
				"east":{"uv":[9,13,6,14],"texture":"#0","tintindex":0},
				"south":{"uv":[8,13,9,14],"texture":"#0","tintindex":0},
				"west":{"uv":[6,13,9,14],"texture":"#0","tintindex":0},
				"down":{"uv":[6,13,9,14],"rotation":270,"texture":"#0","tintindex":0}
			}
		},
		{
			"from":[7.5,3,5.49],
			"to":[8.5,5,10.5],
			"rotation":{"angle":22.5,"axis":"y","origin":[8,8,8]},
			"faces":{
				"north":{"uv":[3,7,4,9],"texture":"#0","tintindex":0},
				"east":{"uv":[10,11,5,13],"texture":"#0","tintindex":0},
				"south":{"uv":[9,11,10,13],"texture":"#0","tintindex":0},
				"west":{"uv":[5,11,10,13],"texture":"#0","tintindex":0},
				"down":{"uv":[5,12,10,13],"rotation":270,"texture":"#0","tintindex":0}
			}
		},
		{
			"from":[7.5,5,4.5],
			"to":[8.5,6,12.5],
			"rotation":{"angle":22.5,"axis":"y","origin":[8,8,8]},
			"faces":{
				"north":{"uv":[4,10,5,11],"texture":"#0","tintindex":0},
				"east":{"uv":[12,10,4,11],"texture":"#0","tintindex":0},
				"south":{"uv":[11,10,12,11],"texture":"#0","tintindex":0},
				"west":{"uv":[4,10,12,11],"texture":"#0","tintindex":0},
				"down":{"uv":[4,10,12,11],"rotation":270,"texture":"#0","tintindex":0}
			}
		},
		{
			"from":[7.5,6,5.5],
			"to":[8.5,8,15.5],
			"rotation":{"angle":22.5,"axis":"y","origin":[8,8,8]},
			"faces":{
				"east":{"uv":[15,8,5,10],"texture":"#0","tintindex":0},
				"south":{"uv":[14,8,15,10],"texture":"#0","tintindex":0},
				"west":{"uv":[5,8,15,10],"texture":"#0","tintindex":0},
				"up":{"uv":[5,8,15,9],"rotation":90,"texture":"#0","tintindex":0},
				"down":{"uv":[5,9,15,10],"rotation":270,"texture":"#0","tintindex":0}
			}
		},
		{
			"from":[7.5,5,13.5],
			"to":[8.5,6,15.5],
			"rotation":{"angle":22.5,"axis":"y","origin":[8,8,8]},
			"faces":{
				"north":{"uv":[13,10,14,11],"texture":"#0","tintindex":0},
				"east":{"uv":[15,10,13,11],"texture":"#0","tintindex":0},
				"south":{"uv":[14,10,15,11],"texture":"#0","tintindex":0},
				"west":{"uv":[13,10,15,11],"texture":"#0","tintindex":0},
				"down":{"uv":[13,10,15,11],"rotation":270,"texture":"#0","tintindex":0}
			}
		},
		{
			"from":[6.5,3,6.5],
			"to":[9.5,7,7.5],
			"rotation":{"angle":22.5,"axis":"y","origin":[8,8,8]},
			"faces":{
				"north":{"uv":[6,9,7,13],"texture":"#0","tintindex":0},
				"east":{"uv":[6,9,7,13],"texture":"#0","tintindex":0},
				"south":{"uv":[6,9,7,13],"texture":"#0","tintindex":0},
				"west":{"uv":[6,9,7,13],"texture":"#0","tintindex":0},
				"up":{"uv":[6,9,7,10],"rotation":90,"texture":"#0","tintindex":0},
				"down":{"uv":[6,12,7,13],"rotation":270,"texture":"#0","tintindex":0}
			}
		},
		{
			"from":[6.5,4,5.5],
			"to":[9.5,8,6.5],
			"rotation":{"angle":22.5,"axis":"y","origin":[8,8,8]},
			"faces":{
				"north":{"uv":[5,8,6,12],"texture":"#0","tintindex":0},
				"east":{"uv":[5,8,6,12],"texture":"#0","tintindex":0},
				"south":{"uv":[5,8,6,12],"texture":"#0","tintindex":0},
				"west":{"uv":[5,8,6,12],"texture":"#0","tintindex":0},
				"up":{"uv":[5,8,6,9],"rotation":90,"texture":"#0","tintindex":0},
				"down":{"uv":[5,11,6,12],"rotation":270,"texture":"#0","tintindex":0}
			}
		},
		{
			"from":[5.5,5,5.49],
			"to":[10.5,7,6.5],
			"rotation":{"angle":22.5,"axis":"y","origin":[8,8,8]},
			"faces":{
				"north":{"uv":[5,9,10,11],"texture":"#0","tintindex":0},
				"east":{"uv":[5,9,6,11],"texture":"#0","tintindex":0},
				"south":{"uv":[5,9,6,11],"texture":"#0","tintindex":0},
				"west":{"uv":[5,9,6,11],"texture":"#0","tintindex":0},
				"up":{"uv":[5,9,6,10],"rotation":90,"texture":"#0","tintindex":0},
				"down":{"uv":[5,10,6,11],"rotation":270,"texture":"#0","tintindex":0}
			}
		},
		{
			"from":[6.5,6,4.5],
			"to":[9.5,8,5.5],
			"rotation":{"angle":22.5,"axis":"y","origin":[8,8,8]},
			"faces":{
				"north":{"uv":[6,4,9,5],"texture":"#0","tintindex":0},
				"east":{"uv":[4,8,5,10],"texture":"#0","tintindex":0},
				"west":{"uv":[4,8,5,10],"texture":"#0","tintindex":0},
				"down":{"uv":[4,9,5,10],"rotation":270,"texture":"#0","tintindex":0}
			}
		},
		{
			"from":[7.5,8,5.5],
			"to":[8.5,9,6.5],
			"rotation":{"angle":22.5,"axis":"y","origin":[8,8,8]},
			"faces":{
				"north":{"uv":[5,7,6,8],"texture":"#0","tintindex":0},
				"east":{"uv":[5,7,6,8],"texture":"#0","tintindex":0},
				"south":{"uv":[5,7,6,8],"texture":"#0","tintindex":0},
				"west":{"uv":[5,7,6,8],"texture":"#0","tintindex":0},
				"up":{"uv":[5,7,6,8],"rotation":90,"texture":"#0","tintindex":0}
			}
		},
		{
			"from":[7.5,7,0.5],
			"to":[8.5,9,4.5],
			"rotation":{"angle":22.5,"axis":"y","origin":[8,8,8]},
			"faces":{
				"north":{"uv":[0,7,1,9],"texture":"#0","tintindex":0},
				"east":{"uv":[4,7,0,9],"texture":"#0","tintindex":0},
				"west":{"uv":[0,7,4,9],"texture":"#0","tintindex":0},
				"up":{"uv":[0,7,4,8],"rotation":90,"texture":"#0","tintindex":0},
				"down":{"uv":[0,8,4,9],"rotation":270,"texture":"#0","tintindex":0}
			}
		},
		{
			"from":[7.5,9,3.5],
			"to":[8.5,10,4.5],
			"rotation":{"angle":22.5,"axis":"y","origin":[8,8,8]},
			"faces":{
				"north":{"uv":[3,6,4,7],"texture":"#0","tintindex":0},
				"east":{"uv":[3,6,4,7],"texture":"#0","tintindex":0},
				"south":{"uv":[3,6,4,7],"texture":"#0","tintindex":0},
				"west":{"uv":[3,6,4,7],"texture":"#0","tintindex":0},
				"up":{"uv":[3,6,4,7],"rotation":90,"texture":"#0","tintindex":0}
			}
		},
		{
			"from":[7.5,9,1.5],
			"to":[8.5,10,2.5],
			"rotation":{"angle":22.5,"axis":"y","origin":[8,8,8]},
			"faces":{
				"north":{"uv":[1,6,2,7],"texture":"#0","tintindex":0},
				"east":{"uv":[1,6,2,7],"texture":"#0","tintindex":0},
				"south":{"uv":[1,6,2,7],"texture":"#0","tintindex":0},
				"west":{"uv":[1,6,2,7],"texture":"#0","tintindex":0},
				"up":{"uv":[1,6,2,7],"rotation":90,"texture":"#0","tintindex":0}
			}
		},
		{
			"from":[7.5,6,0.5],
			"to":[8.5,7,1.5],
			"rotation":{"angle":22.5,"axis":"y","origin":[8,8,8]},
			"faces":{
				"north":{"uv":[0,9,1,10],"texture":"#0","tintindex":0},
				"east":{"uv":[0,9,1,10],"texture":"#0","tintindex":0},
				"south":{"uv":[0,9,1,10],"texture":"#0","tintindex":0},
				"west":{"uv":[0,9,1,10],"texture":"#0","tintindex":0},
				"down":{"uv":[0,9,1,10],"rotation":270,"texture":"#0","tintindex":0}
			}
		},
		{
			"from":[7.5,6,2.5],
			"to":[8.5,7,3.5],
			"rotation":{"angle":22.5,"axis":"y","origin":[8,8,8]},
			"faces":{
				"north":{"uv":[2,9,3,10],"texture":"#0","tintindex":0},
				"east":{"uv":[2,9,3,10],"texture":"#0","tintindex":0},
				"south":{"uv":[2,9,3,10],"texture":"#0","tintindex":0},
				"west":{"uv":[2,9,3,10],"texture":"#0","tintindex":0},
				"down":{"uv":[2,9,3,10],"rotation":270,"texture":"#0","tintindex":0}
			}
		},
		{
			"from":[6.5,8,1.5],
			"to":[9.5,9,4.5],
			"rotation":{"angle":22.5,"axis":"y","origin":[8,8,8]},
			"faces":{
				"north":{"uv":[1,7,2,8],"texture":"#0","tintindex":0},
				"east":{"uv":[4,7,1,8],"texture":"#0","tintindex":0},
				"south":{"uv":[3,7,4,8],"texture":"#0","tintindex":0},
				"west":{"uv":[1,7,4,8],"texture":"#0","tintindex":0},
				"up":{"uv":[1,7,4,8],"rotation":90,"texture":"#0","tintindex":0},
				"down":{"uv":[1,7,4,8],"rotation":270,"texture":"#0","tintindex":0}
			}
		},
		{
			"from":[5.5,7,4.49],
			"to":[10.5,8.01,5.5],
			"rotation":{"angle":22.5,"axis":"y","origin":[8,8,8]},
			"faces":{
				"north":{"uv":[5,10,10,11.01],"texture":"#0","tintindex":0},
				"east":{"uv":[4,8,5,9],"texture":"#0","tintindex":0},
				"south":{"uv":[4,8,5,9],"texture":"#0","tintindex":0},
				"west":{"uv":[4,8,5,9],"texture":"#0","tintindex":0},
				"up":{"uv":[7,6,8,11],"rotation":90,"texture":"#0","tintindex":0},
				"down":{"uv":[4,8,5,9],"rotation":270,"texture":"#0","tintindex":0}
			}
		},
		{
			"from":[6.5,3,8.5],
			"to":[9.5,7,9.5],
			"rotation":{"angle":22.5,"axis":"y","origin":[8,8,8]},
			"faces":{
				"north":{"uv":[8,9,9,13],"texture":"#0","tintindex":0},
				"east":{"uv":[8,9,9,13],"texture":"#0","tintindex":0},
				"south":{"uv":[8,9,9,13],"texture":"#0","tintindex":0},
				"west":{"uv":[8,9,9,13],"texture":"#0","tintindex":0},
				"up":{"uv":[8,9,9,10],"rotation":90,"texture":"#0","tintindex":0},
				"down":{"uv":[8,12,9,13],"rotation":270,"texture":"#0","tintindex":0}
			}
		},
		{
			"from":[6.5,4,9.5],
			"to":[9.5,6,10.51],
			"rotation":{"angle":22.5,"axis":"y","origin":[8,8,8]},
			"faces":{
				"east":{"uv":[9,10,10,12],"texture":"#0","tintindex":0},
				"south":{"uv":[9,9,7,12],"rotation":90,"texture":"#0","tintindex":0},
				"west":{"uv":[9,10,10,12],"texture":"#0","tintindex":0},
				"down":{"uv":[9,11,10,12],"rotation":270,"texture":"#0","tintindex":0}
			}
		},
		{
			"from":[6.5,6,9.5],
			"to":[9.5,8.01,11.5],
			"rotation":{"angle":22.5,"axis":"y","origin":[8,8,8]},
			"faces":{
				"north":{"uv":[9,8,10,10],"texture":"#0","tintindex":0},
				"east":{"uv":[11,8,9,10],"texture":"#0","tintindex":0},
				"south":{"uv":[10,8,11,10],"texture":"#0","tintindex":0},
				"west":{"uv":[9,8,11,10],"texture":"#0","tintindex":0},
				"up":{"uv":[6,5,9,7],"rotation":180,"texture":"#0","tintindex":0},
				"down":{"uv":[9,9,11,10],"rotation":270,"texture":"#0","tintindex":0}
			}
		},
		{
			"from":[6.5,7,11.5],
			"to":[9.5,8.01,14.5],
			"rotation":{"angle":22.5,"axis":"y","origin":[8,8,8]},
			"faces":{
				"east":{"uv":[14,8,11,9],"texture":"#0","tintindex":0},
				"south":{"uv":[13,8,14,9],"texture":"#0","tintindex":0},
				"west":{"uv":[11,8,14,9],"texture":"#0","tintindex":0},
				"up":{"uv":[6,4,9,7],"rotation":180,"texture":"#0","tintindex":0},
				"down":{"uv":[11,8,14,9],"rotation":270,"texture":"#0","tintindex":0}
			}
		},
		{
			"from":[7.5,8,9.5],
			"to":[8.5,9,10.5],
			"rotation":{"angle":22.5,"axis":"y","origin":[8,8,8]},
			"faces":{
				"north":{"uv":[9,7,10,8],"texture":"#0","tintindex":0},
				"east":{"uv":[9,7,10,8],"texture":"#0","tintindex":0},
				"south":{"uv":[9,7,10,8],"texture":"#0","tintindex":0},
				"west":{"uv":[9,7,10,8],"texture":"#0","tintindex":0},
				"up":{"uv":[9,7,10,8],"rotation":90,"texture":"#0","tintindex":0}
			}
		},
		{
			"from":[7.5,8,11.5],
			"to":[8.5,9,12.5],
			"rotation":{"angle":22.5,"axis":"y","origin":[8,8,8]},
			"faces":{
				"north":{"uv":[11,7,12,8],"texture":"#0","tintindex":0},
				"east":{"uv":[11,7,12,8],"texture":"#0","tintindex":0},
				"south":{"uv":[11,7,12,8],"texture":"#0","tintindex":0},
				"west":{"uv":[11,7,12,8],"texture":"#0","tintindex":0},
				"up":{"uv":[11,7,12,8],"rotation":90,"texture":"#0","tintindex":0}
			}
		},
		{
			"from":[7.5,8,13.5],
			"to":[8.5,9,14.5],
			"rotation":{"angle":22.5,"axis":"y","origin":[8,8,8]},
			"faces":{
				"north":{"uv":[13,7,14,8],"texture":"#0","tintindex":0},
				"east":{"uv":[13,7,14,8],"texture":"#0","tintindex":0},
				"south":{"uv":[13,7,14,8],"texture":"#0","tintindex":0},
				"west":{"uv":[13,7,14,8],"texture":"#0","tintindex":0},
				"up":{"uv":[13,7,14,8],"rotation":90,"texture":"#0","tintindex":0}
			}
		},
		{
			"from":[5.5,5,9.5],
			"to":[10.5,7,10.5],
			"rotation":{"angle":22.5,"axis":"y","origin":[8,8,8]},
			"faces":{
				"north":{"uv":[9,9,10,11],"texture":"#0","tintindex":0},
				"east":{"uv":[9,9,10,11],"texture":"#0","tintindex":0},
				"south":{"uv":[9,9,10,11],"texture":"#0","tintindex":0},
				"west":{"uv":[9,9,10,11],"texture":"#0","tintindex":0},
				"up":{"uv":[9,9,10,10],"rotation":90,"texture":"#0","tintindex":0},
				"down":{"uv":[9,10,10,11],"rotation":270,"texture":"#0","tintindex":0}
			}
		}
	]
}