{
	"__comment":"Designed by GeForceLegend",
	"ambientocclusion":false,
	"textures":{
		"0":"block/kelp_stem",
		"1":"block/kelp_leaves",
		"2":"block/kelp_leaves_left",
		"3":"block/kelp_leaves_mid",
		"4":"block/kelp_leaves_right",
		"particle":"block/kelp"
	},
	"elements":[
		{
			"from":[7,0,7],
			"to":[9,1,9],
			"rotation":{"angle":-45,"axis":"y","origin":[8,8,8]},
			"faces":{
				"up":{"uv":[7,15,9,16],"texture":"#0"},
				"down":{"uv":[7,15,9,16],"texture":"#0"}
			}
		},
		{
			"from":[7,1,7],
			"to":[9,2,9],
			"rotation":{"angle":-45,"axis":"y","origin":[8,8,8]},
			"faces":{
				"up":{"uv":[7,14,9,15],"texture":"#0"},
				"down":{"uv":[7,14,9,15],"texture":"#0"}
			}
		},
		{
			"from":[7,2,7],
			"to":[9,4,9],
			"rotation":{"angle":-45,"axis":"y","origin":[8,8,8]},
			"faces":{
				"up":{"uv":[7,12,9,13],"texture":"#0"},
				"down":{"uv":[7,13,9,14],"texture":"#0"}
			}
		},
		{
			"from":[7,4,7],
			"to":[9,5,9],
			"rotation":{"angle":-45,"axis":"y","origin":[8,8,8]},
			"faces":{
				"up":{"uv":[7,11,9,12],"texture":"#0"},
				"down":{"uv":[7,11,9,12],"texture":"#0"}
			}
		},
		{
			"from":[7,0,7],
			"to":[9,5,9],
			"rotation":{"angle":-45,"axis":"y","origin":[8,8,8]},
			"faces":{
				"north":{"uv":[7,10.9902,9,16.0098],"texture":"#0"},
				"east":{"uv":[7,10.9902,9,16.0098],"texture":"#0"},
				"south":{"uv":[7,10.9902,9,16.0098],"texture":"#0"},
				"west":{"uv":[7,10.9902,9,16.0098],"texture":"#0"}
			}
		},
		{
			"from":[7,4,6],
			"to":[9,5,8],
			"rotation":{"angle":-45,"axis":"y","origin":[8,8,8]},
			"faces":{
				"up":{"uv":[9,11,11,12],"texture":"#0"},
				"down":{"uv":[9,11,11,12],"texture":"#0"}
			}
		},
		{
			"from":[7,2,6],
			"to":[9,4,8],
			"rotation":{"angle":-45,"axis":"y","origin":[8,8,8]},
			"faces":{
				"up":{"uv":[9,12,11,13],"texture":"#0"},
				"down":{"uv":[9,13,11,14],"texture":"#0"}
			}
		},
		{
			"from":[7,1,6],
			"to":[9,2,8],
			"rotation":{"angle":-45,"axis":"y","origin":[8,8,8]},
			"faces":{
				"up":{"uv":[9,14,11,15],"texture":"#0"},
				"down":{"uv":[9,14,11,15],"texture":"#0"}
			}
		},
		{
			"from":[7,0,6],
			"to":[9,1,8],
			"rotation":{"angle":-45,"axis":"y","origin":[8,8,8]},
			"faces":{
				"up":{"uv":[9,15,11,16],"texture":"#0"},
				"down":{"uv":[9,15,11,16],"texture":"#0"}
			}
		},
		{
			"from":[7,0,6],
			"to":[9,5,8],
			"rotation":{"angle":-45,"axis":"y","origin":[8,8,8]},
			"faces":{
				"north":{"uv":[9,10.9902,11,16.0098],"texture":"#0"},
				"east":{"uv":[9,10.9902,11,16.0098],"texture":"#0"},
				"south":{"uv":[9,10.9902,11,16.0098],"texture":"#0"},
				"west":{"uv":[9,10.9902,11,16.0098],"texture":"#0"}
			}
		},
		{
			"from":[7,0,8],
			"to":[9,1,10],
			"rotation":{"angle":-45,"axis":"y","origin":[8,8,8]},
			"faces":{
				"up":{"uv":[5,15,7,16],"texture":"#0"},
				"down":{"uv":[5,15,7,16],"texture":"#0"}
			}
		},
		{
			"from":[7,1,8],
			"to":[9,2,10],
			"rotation":{"angle":-45,"axis":"y","origin":[8,8,8]},
			"faces":{
				"up":{"uv":[5,14,7,15],"texture":"#0"},
				"down":{"uv":[5,14,7,15],"texture":"#0"}
			}
		},
		{
			"from":[7,2,8],
			"to":[9,4,10],
			"rotation":{"angle":-45,"axis":"y","origin":[8,8,8]},
			"faces":{
				"up":{"uv":[5,12,7,13],"texture":"#0"},
				"down":{"uv":[5,13,7,14],"texture":"#0"}
			}
		},
		{
			"from":[7,4,8],
			"to":[9,5,10],
			"rotation":{"angle":-45,"axis":"y","origin":[8,8,8]},
			"faces":{
				"up":{"uv":[5,11,7,12],"texture":"#0"},
				"down":{"uv":[5,11,7,12],"texture":"#0"}
			}
		},
		{
			"from":[7,0,8],
			"to":[9,5,10],
			"rotation":{"angle":-45,"axis":"y","origin":[8,8,8]},
			"faces":{
				"north":{"uv":[5,10.9902,7,16.0098],"texture":"#0"},
				"east":{"uv":[5,10.9902,7,16.0098],"texture":"#0"},
				"south":{"uv":[5,10.9902,7,16.0098],"texture":"#0"},
				"west":{"uv":[5,10.9902,7,16.0098],"texture":"#0"}
			}
		},
		{
			"from":[8,0,0],
			"to":[8,16,16],
			"rotation":{"angle":-45,"axis":"y","origin":[8,8,8]},
			"faces":{
				"east":{"uv":[0,0,16,16],"texture":"#1"},
				"west":{"uv":[16,0,0,16],"texture":"#1"}
			}
		},
		{
			"from":[0,0,8],
			"to":[16,4,8],
			"rotation":{"angle":-45,"axis":"y","origin":[8,8,8]},
			"faces":{
				"north":{"uv":[0,12,16,16],"texture":"#3"},
				"south":{"uv":[16,12,0,16],"texture":"#3"}
			}
		},
		{
			"from":[0,0,9],
			"to":[16,4,9],
			"rotation":{"angle":-45,"axis":"y","origin":[8,8,8]},
			"faces":{
				"north":{"uv":[0,12,16,16],"texture":"#2"},
				"south":{"uv":[16,12,0,16],"texture":"#2"}
			}
		},
		{
			"from":[0,0,7],
			"to":[16,4,7],
			"rotation":{"angle":-45,"axis":"y","origin":[8,8,8]},
			"faces":{
				"north":{"uv":[0,12,16,16],"texture":"#4"},
				"south":{"uv":[16,12,0,16],"texture":"#4"}
			}
		}
	]
}