{
	"__comment":"Designed by GeForceLegend",
	"ambientocclusion":false,
	"textures":{
		"layer0":"block/large_fern_top",
		"particle":"block/large_fern_top"
	},
	"elements":[
		{
			"from":[3.5,5,7.5],
			"to":[15.5,6,8.5],
			"rotation":{"angle":-45,"axis":"y","origin":[8,8,8]},
			"faces":{
				"east":{"uv":[1,10,2,11],"texture":"#layer0","tintindex":0},
				"west":{"uv":[13,11,12,10],"texture":"#layer0","tintindex":0},
				"up":{"uv":[1,11,13,10],"rotation":180,"texture":"#layer0","tintindex":0},
				"down":{"uv":[1,10,13,11],"rotation":180,"texture":"#layer0","tintindex":0}
			}
		},
		{
			"from":[10.5,10,7.5],
			"to":[14.5,11,8.5],
			"rotation":{"angle":-45,"axis":"y","origin":[8,8,8]},
			"faces":{
				"east":{"uv":[2,5,3,6],"texture":"#layer0","tintindex":0},
				"west":{"uv":[6,6,5,5],"texture":"#layer0","tintindex":0},
				"up":{"uv":[2,6,6,5],"rotation":180,"texture":"#layer0","tintindex":0},
				"down":{"uv":[2,5,6,6],"rotation":180,"texture":"#layer0","tintindex":0}
			}
		},
		{
			"from":[13.5,4,7.5],
			"to":[14.5,7,8.5],
			"rotation":{"angle":-45,"axis":"y","origin":[8,8,8]},
			"faces":{
				"east":{"uv":[2,9,3,12],"texture":"#layer0","tintindex":0},
				"west":{"uv":[2,9,3,12],"texture":"#layer0","tintindex":0},
				"up":{"uv":[2,9,3,10],"rotation":180,"texture":"#layer0","tintindex":0},
				"down":{"uv":[2,11,3,12],"rotation":180,"texture":"#layer0","tintindex":0}
			}
		},
		{
			"from":[10.5,0,7.5],
			"to":[14.5,2,8.5],
			"rotation":{"angle":-45,"axis":"y","origin":[8,8,8]},
			"faces":{
				"east":{"uv":[2,14,3,16],"texture":"#layer0","tintindex":0},
				"west":{"uv":[5,14,6,16],"texture":"#layer0","tintindex":0},
				"up":{"uv":[2,14,6,15],"rotation":180,"texture":"#layer0","tintindex":0}
			}
		},
		{
			"from":[11.5,9,7.5],
			"to":[13.5,12,8.5],
			"rotation":{"angle":-45,"axis":"y","origin":[8,8,8]},
			"faces":{
				"east":{"uv":[3,4,4,7],"texture":"#layer0","tintindex":0},
				"west":{"uv":[5,4,4,7],"texture":"#layer0","tintindex":0},
				"up":{"uv":[3,5,5,4],"rotation":180,"texture":"#layer0","tintindex":0},
				"down":{"uv":[3,6,5,7],"rotation":180,"texture":"#layer0","tintindex":0}
			}
		},
		{
			"from":[4.5,6,7.5],
			"to":[13.5,8,8.5],
			"rotation":{"angle":-45,"axis":"y","origin":[8,8,8]},
			"faces":{
				"east":{"uv":[3,8,4,10],"texture":"#layer0","tintindex":0},
				"up":{"uv":[3,9,12,8],"rotation":180,"texture":"#layer0","tintindex":0}
			}
		},
		{
			"from":[3.5,1,7.5],
			"to":[13.5,3,8.5],
			"rotation":{"angle":-45,"axis":"y","origin":[8,8,8]},
			"faces":{
				"east":{"uv":[3,13,4,15],"texture":"#layer0","tintindex":0},
				"west":{"uv":[12,13,13,15],"texture":"#layer0","tintindex":0},
				"up":{"uv":[3,14,13,13],"rotation":180,"texture":"#layer0","tintindex":0},
				"down":{"uv":[3,15,13,14],"rotation":180,"texture":"#layer0","tintindex":0}
			}
		},
		{
			"from":[8.5,8,7.5],
			"to":[12.5,9,8.5],
			"rotation":{"angle":-45,"axis":"y","origin":[8,8,8]},
			"faces":{
				"east":{"uv":[4,7,5,8],"texture":"#layer0","tintindex":0},
				"west":{"uv":[8,8,7,7],"texture":"#layer0","tintindex":0},
				"up":{"uv":[4,8,8,7],"rotation":180,"texture":"#layer0","tintindex":0}
			}
		},
		{
			"from":[9.5,3,7.5],
			"to":[12.5,4,8.5],
			"rotation":{"angle":-45,"axis":"y","origin":[8,8,8]},
			"faces":{
				"east":{"uv":[4,12,5,13],"texture":"#layer0","tintindex":0},
				"up":{"uv":[4,12,7,13],"rotation":180,"texture":"#layer0","tintindex":0}
			}
		},
		{
			"from":[9.5,4,7.5],
			"to":[11.5,10,8.5],
			"rotation":{"angle":-45,"axis":"y","origin":[8,8,8]},
			"faces":{
				"east":{"uv":[5,6,6,12],"texture":"#layer0","tintindex":0},
				"west":{"uv":[7,6,6,12],"texture":"#layer0","tintindex":0},
				"up":{"uv":[5,7,7,6],"rotation":180,"texture":"#layer0","tintindex":0}
			}
		},
		{
			"from":[4.5,3,7.5],
			"to":[9.5,8,8.5],
			"rotation":{"angle":-45,"axis":"y","origin":[8,8,8]},
			"faces":{
				"west":{"uv":[11,8,12,13],"texture":"#layer0","tintindex":0}
			}
		},
		{
			"from":[3.5,8,7.5],
			"to":[7.5,9,8.5],
			"rotation":{"angle":-45,"axis":"y","origin":[8,8,8]},
			"faces":{
				"east":{"uv":[9,7,10,8],"texture":"#layer0","tintindex":0},
				"west":{"uv":[13,8,12,7],"texture":"#layer0","tintindex":0},
				"up":{"uv":[9,8,13,7],"rotation":180,"texture":"#layer0","tintindex":0},
				"down":{"uv":[9,7,13,8],"rotation":180,"texture":"#layer0","tintindex":0}
			}
		},
		{
			"from":[2.5,9,7.5],
			"to":[6.5,10,8.5],
			"rotation":{"angle":-45,"axis":"y","origin":[8,8,8]},
			"faces":{
				"east":{"uv":[10,6,11,7],"texture":"#layer0","tintindex":0},
				"west":{"uv":[14,7,13,6],"texture":"#layer0","tintindex":0},
				"up":{"uv":[10,7,14,6],"rotation":180,"texture":"#layer0","tintindex":0},
				"down":{"uv":[10,6,14,7],"rotation":180,"texture":"#layer0","tintindex":0}
			}
		},
		{
			"from":[3.5,10,7.5],
			"to":[5.5,11,8.5],
			"rotation":{"angle":-45,"axis":"y","origin":[8,8,8]},
			"faces":{
				"east":{"uv":[11,5,12,6],"texture":"#layer0","tintindex":0},
				"west":{"uv":[13,6,12,5],"texture":"#layer0","tintindex":0},
				"up":{"uv":[11,6,13,5],"rotation":180,"texture":"#layer0","tintindex":0}
			}
		},
		{
			"from":[2.5,0,7.5],
			"to":[9.5,2,8.5],
			"rotation":{"angle":-45,"axis":"y","origin":[8,8,8]},
			"faces":{
				"east":{"uv":[7,14,8,16],"texture":"#layer0","tintindex":0},
				"west":{"uv":[13,14,14,16],"texture":"#layer0","tintindex":0},
				"up":{"uv":[7,14,14,15],"rotation":180,"texture":"#layer0","tintindex":0}
			}
		},
		{
			"from":[2.5,0,7.5],
			"to":[15.5,12,8.5],
			"rotation":{"angle":-45,"axis":"y","origin":[8,8,8]},
			"faces":{
				"north":{"uv":[0.9745,3.9765,14.0255,16.0235],"texture":"#layer0","tintindex":0},
				"south":{"uv":[14.0255,3.9765,0.9745,16.0235],"texture":"#layer0","tintindex":0}
			}
		},
		{
			"from":[7.5,0,0.5],
			"to":[8.5,12,13.5],
			"rotation":{"angle":-45,"axis":"y","origin":[8,8,8]},
			"faces":{
				"east":{"uv":[14.0255,3.9765,0.9745,16.0235],"texture":"#layer0","tintindex":0},
				"west":{"uv":[0.9745,3.9765,14.0255,16.0235],"texture":"#layer0","tintindex":0}
			}
		},
		{
			"from":[7.5,5,0.5],
			"to":[8.5,6,12.5],
			"rotation":{"angle":-45,"axis":"y","origin":[8,8,8]},
			"faces":{
				"north":{"uv":[1,10,2,11],"texture":"#layer0","tintindex":0},
				"south":{"uv":[13,11,12,10],"texture":"#layer0","tintindex":0},
				"up":{"uv":[13,11,1,10],"rotation":270,"texture":"#layer0","tintindex":0},
				"down":{"uv":[1,10,13,11],"rotation":270,"texture":"#layer0","tintindex":0}
			}
		},
		{
			"from":[7.5,10,1.5],
			"to":[8.5,11,5.5],
			"rotation":{"angle":-45,"axis":"y","origin":[8,8,8]},
			"faces":{
				"north":{"uv":[2,5,3,6],"texture":"#layer0","tintindex":0},
				"south":{"uv":[6,6,5,5],"texture":"#layer0","tintindex":0},
				"up":{"uv":[6,6,2,5],"rotation":270,"texture":"#layer0","tintindex":0},
				"down":{"uv":[2,5,6,6],"rotation":270,"texture":"#layer0","tintindex":0}
			}
		},
		{
			"from":[7.5,4,1.5],
			"to":[8.5,7,2.5],
			"rotation":{"angle":-45,"axis":"y","origin":[8,8,8]},
			"faces":{
				"north":{"uv":[2,9,3,12],"texture":"#layer0","tintindex":0},
				"south":{"uv":[2,9,3,12],"texture":"#layer0","tintindex":0},
				"up":{"uv":[3,9,2,10],"rotation":270,"texture":"#layer0","tintindex":0},
				"down":{"uv":[2,11,3,12],"rotation":270,"texture":"#layer0","tintindex":0}
			}
		},
		{
			"from":[7.5,0,1.5],
			"to":[8.5,2,5.5],
			"rotation":{"angle":-45,"axis":"y","origin":[8,8,8]},
			"faces":{
				"north":{"uv":[2,14,3,16],"texture":"#layer0","tintindex":0},
				"south":{"uv":[5,14,6,16],"texture":"#layer0","tintindex":0},
				"up":{"uv":[6,14,2,15],"rotation":270,"texture":"#layer0","tintindex":0}
			}
		},
		{
			"from":[7.5,9,2.5],
			"to":[8.5,12,4.5],
			"rotation":{"angle":-45,"axis":"y","origin":[8,8,8]},
			"faces":{
				"north":{"uv":[3,4,4,7],"texture":"#layer0","tintindex":0},
				"south":{"uv":[5,4,4,7],"texture":"#layer0","tintindex":0},
				"up":{"uv":[5,5,3,4],"rotation":270,"texture":"#layer0","tintindex":0},
				"down":{"uv":[3,6,5,7],"rotation":270,"texture":"#layer0","tintindex":0}
			}
		},
		{
			"from":[7.5,6,2.5],
			"to":[8.5,8,11.5],
			"rotation":{"angle":-45,"axis":"y","origin":[8,8,8]},
			"faces":{
				"north":{"uv":[3,8,4,10],"texture":"#layer0","tintindex":0},
				"up":{"uv":[12,9,3,8],"rotation":270,"texture":"#layer0","tintindex":0}
			}
		},
		{
			"from":[7.5,1,2.5],
			"to":[8.5,3,12.5],
			"rotation":{"angle":-45,"axis":"y","origin":[8,8,8]},
			"faces":{
				"north":{"uv":[3,13,4,15],"texture":"#layer0","tintindex":0},
				"south":{"uv":[12,13,13,15],"texture":"#layer0","tintindex":0},
				"up":{"uv":[13,14,3,13],"rotation":270,"texture":"#layer0","tintindex":0},
				"down":{"uv":[3,15,13,14],"rotation":270,"texture":"#layer0","tintindex":0}
			}
		},
		{
			"from":[7.5,8,3.5],
			"to":[8.5,9,7.5],
			"rotation":{"angle":-45,"axis":"y","origin":[8,8,8]},
			"faces":{
				"north":{"uv":[4,7,5,8],"texture":"#layer0","tintindex":0},
				"south":{"uv":[8,8,7,7],"texture":"#layer0","tintindex":0},
				"up":{"uv":[8,8,4,7],"rotation":270,"texture":"#layer0","tintindex":0}
			}
		},
		{
			"from":[7.5,3,3.5],
			"to":[8.5,4,6.5],
			"rotation":{"angle":-45,"axis":"y","origin":[8,8,8]},
			"faces":{
				"north":{"uv":[4,12,5,13],"texture":"#layer0","tintindex":0},
				"up":{"uv":[7,12,4,13],"rotation":270,"texture":"#layer0","tintindex":0}
			}
		},
		{
			"from":[7.5,4,4.5],
			"to":[8.5,10,6.5],
			"rotation":{"angle":-45,"axis":"y","origin":[8,8,8]},
			"faces":{
				"north":{"uv":[5,6,6,12],"texture":"#layer0","tintindex":0},
				"south":{"uv":[7,6,6,12],"texture":"#layer0","tintindex":0},
				"up":{"uv":[7,7,5,6],"rotation":270,"texture":"#layer0","tintindex":0}
			}
		},
		{
			"from":[7.5,3,6.5],
			"to":[8.5,8,11.5],
			"rotation":{"angle":-45,"axis":"y","origin":[8,8,8]},
			"faces":{
				"south":{"uv":[11,8,12,13],"texture":"#layer0","tintindex":0}
			}
		},
		{
			"from":[7.5,8,8.5],
			"to":[8.5,9,12.5],
			"rotation":{"angle":-45,"axis":"y","origin":[8,8,8]},
			"faces":{
				"north":{"uv":[9,7,10,8],"texture":"#layer0","tintindex":0},
				"south":{"uv":[13,8,12,7],"texture":"#layer0","tintindex":0},
				"up":{"uv":[13,8,9,7],"rotation":270,"texture":"#layer0","tintindex":0},
				"down":{"uv":[9,7,13,8],"rotation":270,"texture":"#layer0","tintindex":0}
			}
		},
		{
			"from":[7.5,9,9.5],
			"to":[8.5,10,13.5],
			"rotation":{"angle":-45,"axis":"y","origin":[8,8,8]},
			"faces":{
				"north":{"uv":[10,6,11,7],"texture":"#layer0","tintindex":0},
				"south":{"uv":[14,7,13,6],"texture":"#layer0","tintindex":0},
				"up":{"uv":[14,7,10,6],"rotation":270,"texture":"#layer0","tintindex":0},
				"down":{"uv":[10,6,14,7],"rotation":270,"texture":"#layer0","tintindex":0}
			}
		},
		{
			"from":[7.5,10,10.5],
			"to":[8.5,11,12.5],
			"rotation":{"angle":-45,"axis":"y","origin":[8,8,8]},
			"faces":{
				"north":{"uv":[11,5,12,6],"texture":"#layer0","tintindex":0},
				"south":{"uv":[13,6,12,5],"texture":"#layer0","tintindex":0},
				"up":{"uv":[13,6,11,5],"rotation":270,"texture":"#layer0","tintindex":0}
			}
		},
		{
			"from":[7.5,0,6.5],
			"to":[8.5,2,13.5],
			"rotation":{"angle":-45,"axis":"y","origin":[8,8,8]},
			"faces":{
				"north":{"uv":[7,14,8,16],"texture":"#layer0","tintindex":0},
				"south":{"uv":[13,14,14,16],"texture":"#layer0","tintindex":0},
				"up":{"uv":[14,14,7,15],"rotation":270,"texture":"#layer0","tintindex":0}
			}
		}
	]
}