{
	"__comment":"Designed by GeForceLegend",
	"parent":"block/cross",
	"ambientocclusion":false,
	"textures":{
		"cross":"block/lilac_bottom"
	},
	"elements":[
		{
			"from":[7.5,0,7.5],
			"to":[8.5,3,8.5],
			"rotation":{"angle":-45,"axis":"y","origin":[8,12,8]},
			"faces":{
				"north":{"uv":[8,13,9,16],"texture":"#cross"},
				"east":{"uv":[8,13,9,16],"texture":"#cross"},
				"south":{"uv":[8,13,9,16],"texture":"#cross"},
				"west":{"uv":[8,13,9,16],"texture":"#cross"},
				"down":{"uv":[8,15,9,16],"texture":"#cross","cullface":"down"}
			}
		},
		{
			"from":[7.5,2,6.5],
			"to":[8.5,7,7.5],
			"rotation":{"angle":-45,"axis":"y","origin":[8,12,8]},
			"faces":{
				"north":{"uv":[7,9,8,14],"texture":"#cross"},
				"east":{"uv":[7,9,8,14],"texture":"#cross"},
				"south":{"uv":[7,9,8,14],"texture":"#cross"},
				"west":{"uv":[7,9,8,14],"texture":"#cross"},
				"up":{"uv":[7,9,8,10],"rotation":270,"texture":"#cross"},
				"down":{"uv":[7,13,8,14],"rotation":90,"texture":"#cross"}
			}
		},
		{
			"from":[7.5,6,7.5],
			"to":[8.5,10,8.5],
			"rotation":{"angle":-45,"axis":"y","origin":[8,12,8]},
			"faces":{
				"north":{"uv":[8,6,9,10],"texture":"#cross"},
				"east":{"uv":[8,6,9,10],"texture":"#cross"},
				"south":{"uv":[8,6,9,10],"texture":"#cross"},
				"west":{"uv":[8,6,9,10],"texture":"#cross"},
				"down":{"uv":[8,9,9,10],"rotation":90,"texture":"#cross"}
			}
		},
		{
			"from":[7.5,10,7.5],
			"to":[8.5,16,8.5],
			"rotation":{"angle":-45,"axis":"y","origin":[8,12,8]},
			"faces":{
				"north":{"uv":[7,8,8,14],"texture":"#cross"},
				"east":{"uv":[7,8,8,14],"texture":"#cross"},
				"south":{"uv":[7,8,8,14],"texture":"#cross"},
				"west":{"uv":[7,8,8,14],"texture":"#cross"},
				"up":{"uv":[8,0,9,1],"rotation":270,"texture":"#cross"}
			}
		},
		{
			"from":[7.5,2,8.5],
			"to":[8.5,3,10.5],
			"rotation":{"angle":-45,"axis":"y","origin":[8,12,8]},
			"faces":{
				"east":{"uv":[11,13,9,14],"texture":"#cross"},
				"south":{"uv":[10,13,11,14],"texture":"#cross"},
				"west":{"uv":[9,13,11,14],"texture":"#cross"},
				"down":{"uv":[11,13,9,14],"rotation":90,"texture":"#cross"}
			}
		},
		{
			"from":[7.5,4,9.5],
			"to":[8.5,5,12.5],
			"rotation":{"angle":-45,"axis":"y","origin":[8,12,8]},
			"faces":{
				"north":{"uv":[10,11,11,12],"texture":"#cross"},
				"east":{"uv":[13,11,10,12],"texture":"#cross"},
				"south":{"uv":[12,11,13,12],"texture":"#cross"},
				"west":{"uv":[10,11,13,12],"texture":"#cross"},
				"up":{"uv":[13,11,10,12],"rotation":270,"texture":"#cross"},
				"down":{"uv":[13,11,10,12],"rotation":90,"texture":"#cross"}
			}
		},
		{
			"from":[7.5,3,7.5],
			"to":[8.5,4,13.5],
			"rotation":{"angle":-45,"axis":"y","origin":[8,12,8]},
			"faces":{
				"east":{"uv":[14,12,8,13],"texture":"#cross"},
				"south":{"uv":[13,12,14,13],"texture":"#cross"},
				"west":{"uv":[8,12,14,13],"texture":"#cross"},
				"up":{"uv":[8,12,14,13],"rotation":90,"texture":"#cross"},
				"down":{"uv":[14,12,8,13],"rotation":90,"texture":"#cross"}
			}
		},
		{
			"from":[6.5,3,9.5],
			"to":[9.5,4,11.5],
			"rotation":{"angle":-45,"axis":"y","origin":[8,12,8]},
			"faces":{
				"north":{"uv":[10,12,11,13],"texture":"#cross"},
				"east":{"uv":[12,12,10,13],"texture":"#cross"},
				"south":{"uv":[11,12,12,13],"texture":"#cross"},
				"west":{"uv":[10,12,12,13],"texture":"#cross"},
				"up":{"uv":[12,12,10,13],"rotation":270,"texture":"#cross"},
				"down":{"uv":[12,12,10,13],"rotation":90,"texture":"#cross"}
			}
		},
		{
			"from":[7.5,5,1.5],
			"to":[8.5,6,6.5],
			"rotation":{"angle":-45,"axis":"y","origin":[8,12,8]},
			"faces":{
				"north":{"uv":[2,10,3,11],"texture":"#cross"},
				"east":{"uv":[7,10,2,11],"texture":"#cross"},
				"west":{"uv":[2,10,7,11],"texture":"#cross"},
				"up":{"uv":[7,10,2,11],"rotation":270,"texture":"#cross"},
				"down":{"uv":[7,10,2,11],"rotation":90,"texture":"#cross"}
			}
		},
		{
			"from":[7.5,4,3.5],
			"to":[8.5,7,4.5],
			"rotation":{"angle":-45,"axis":"y","origin":[8,12,8]},
			"faces":{
				"north":{"uv":[4,9,5,12],"texture":"#cross"},
				"east":{"uv":[4,9,5,12],"texture":"#cross"},
				"south":{"uv":[4,9,5,12],"texture":"#cross"},
				"west":{"uv":[4,9,5,12],"texture":"#cross"},
				"up":{"uv":[4,9,5,10],"rotation":270,"texture":"#cross"},
				"down":{"uv":[4,11,5,12],"rotation":90,"texture":"#cross"}
			}
		},
		{
			"from":[6.5,5,3.5],
			"to":[9.5,6,4.5],
			"rotation":{"angle":-45,"axis":"y","origin":[8,12,8]},
			"faces":{
				"north":{"uv":[4,10,5,11],"texture":"#cross"},
				"east":{"uv":[4,10,5,11],"texture":"#cross"},
				"south":{"uv":[4,10,5,11],"texture":"#cross"},
				"west":{"uv":[4,10,5,11],"texture":"#cross"},
				"up":{"uv":[4,10,5,11],"rotation":270,"texture":"#cross"},
				"down":{"uv":[4,10,5,11],"rotation":90,"texture":"#cross"}
			}
		},
		{
			"from":[6.5,6,1.5],
			"to":[9.5,7,3.5],
			"rotation":{"angle":-45,"axis":"y","origin":[8,12,8]},
			"faces":{
				"north":{"uv":[2,9,3,10],"texture":"#cross"},
				"east":{"uv":[4,9,2,10],"texture":"#cross"},
				"south":{"uv":[3,9,4,10],"texture":"#cross"},
				"west":{"uv":[2,9,4,10],"texture":"#cross"},
				"up":{"uv":[4,9,2,10],"rotation":270,"texture":"#cross"},
				"down":{"uv":[4,9,2,10],"rotation":90,"texture":"#cross"}
			}
		},
		{
			"from":[7.5,7,0.5],
			"to":[8.5,8,3.5],
			"rotation":{"angle":-45,"axis":"y","origin":[8,12,8]},
			"faces":{
				"north":{"uv":[1,8,2,9],"texture":"#cross"},
				"east":{"uv":[4,8,1,9],"texture":"#cross"},
				"south":{"uv":[3,8,4,9],"texture":"#cross"},
				"west":{"uv":[1,8,4,9],"texture":"#cross"},
				"up":{"uv":[4,8,1,9],"rotation":270,"texture":"#cross"}
			}
		},
		{
			"from":[7.5,6,-0.5],
			"to":[8.5,7,3.5],
			"rotation":{"angle":-45,"axis":"y","origin":[8,12,8]},
			"faces":{
				"north":{"uv":[0,9,1,10],"texture":"#cross"},
				"east":{"uv":[4,9,0,10],"texture":"#cross"},
				"west":{"uv":[0,9,4,10],"texture":"#cross"},
				"up":{"uv":[4,9,0,10],"rotation":270,"texture":"#cross"},
				"down":{"uv":[4,9,0,10],"rotation":90,"texture":"#cross"}
			}
		},
		{
			"from":[8.5,7,6.5],
			"to":[9.5,8,7.5],
			"rotation":{"angle":-45,"axis":"y","origin":[8,12,8]},
			"faces":{
				"north":{"uv":[7,8,8,9],"texture":"#cross"},
				"east":{"uv":[7,8,8,9],"texture":"#cross"},
				"south":{"uv":[7,8,8,9],"texture":"#cross"},
				"west":{"uv":[7,8,8,9],"texture":"#cross"},
				"up":{"uv":[7,8,8,9],"rotation":270,"texture":"#cross"},
				"down":{"uv":[7,8,8,9],"rotation":90,"texture":"#cross"}
			}
		},
		{
			"from":[9.5,7,5.5],
			"to":[10.5,8,6.5],
			"rotation":{"angle":-45,"axis":"y","origin":[8,12,8]},
			"faces":{
				"north":{"uv":[6,8,7,9],"texture":"#cross"},
				"east":{"uv":[6,8,7,9],"texture":"#cross"},
				"south":{"uv":[6,8,7,9],"texture":"#cross"},
				"west":{"uv":[6,8,7,9],"texture":"#cross"},
				"up":{"uv":[6,8,7,9],"rotation":270,"texture":"#cross"},
				"down":{"uv":[6,8,7,9],"rotation":90,"texture":"#cross"}
			}
		},
		{
			"from":[11.5,7,4.5],
			"to":[13.5,10,5.5],
			"rotation":{"angle":-45,"axis":"y","origin":[8,12,8]},
			"faces":{
				"north":{"uv":[2,8,4,11],"texture":"#cross"},
				"east":{"uv":[2,8,3,11],"texture":"#cross"},
				"south":{"uv":[4,8,2,11],"texture":"#cross"},
				"west":{"uv":[3,8,4,11],"texture":"#cross"},
				"down":{"uv":[4,10,2,11],"texture":"#cross"}
			}
		},
		{
			"from":[11.5,9,4.5],
			"to":[14.5,10,5.5],
			"rotation":{"angle":-45,"axis":"y","origin":[8,12,8]},
			"faces":{
				"north":{"uv":[1,8,4,9],"texture":"#cross"},
				"east":{"uv":[1,8,2,9],"texture":"#cross"},
				"south":{"uv":[4,8,1,9],"texture":"#cross"},
				"up":{"uv":[4,8,1,9],"texture":"#cross"}
			}
		},
		{
			"from":[10.5,8,4.5],
			"to":[15.5,9,5.5],
			"rotation":{"angle":-45,"axis":"y","origin":[8,12,8]},
			"faces":{
				"north":{"uv":[0,9,5,10],"texture":"#cross"},
				"east":{"uv":[0,9,1,10],"texture":"#cross"},
				"south":{"uv":[5,9,0,10],"texture":"#cross"},
				"west":{"uv":[4,9,5,10],"texture":"#cross"},
				"up":{"uv":[5,9,0,10],"texture":"#cross"},
				"down":{"uv":[5,9,0,10],"texture":"#cross"}
			}
		},
		{
			"from":[11.5,8,3.5],
			"to":[13.5,9,6.5],
			"rotation":{"angle":-45,"axis":"y","origin":[8,12,8]},
			"faces":{
				"north":{"uv":[2,9,4,10],"texture":"#cross"},
				"east":{"uv":[2,9,3,10],"texture":"#cross"},
				"south":{"uv":[4,9,2,10],"texture":"#cross"},
				"west":{"uv":[3,9,4,10],"texture":"#cross"},
				"up":{"uv":[4,9,2,10],"texture":"#cross"},
				"down":{"uv":[4,9,2,10],"texture":"#cross"}
			}
		},
		{
			"from":[7.5,8,8.5],
			"to":[8.5,9,11.5],
			"rotation":{"angle":-45,"axis":"y","origin":[8,12,8]},
			"faces":{
				"east":{"uv":[12,7,9,8],"texture":"#cross"},
				"south":{"uv":[11,7,12,8],"texture":"#cross"},
				"west":{"uv":[9,7,12,8],"texture":"#cross"},
				"up":{"uv":[12,7,9,8],"rotation":270,"texture":"#cross"},
				"down":{"uv":[12,7,9,8],"rotation":90,"texture":"#cross"}
			}
		},
		{
			"from":[7.5,9,9.5],
			"to":[8.5,10,13.5],
			"rotation":{"angle":-45,"axis":"y","origin":[8,12,8]},
			"faces":{
				"north":{"uv":[10,6,11,7],"texture":"#cross"},
				"east":{"uv":[14,6,10,7],"texture":"#cross"},
				"south":{"uv":[13,6,14,7],"texture":"#cross"},
				"west":{"uv":[10,6,14,7],"texture":"#cross"},
				"up":{"uv":[14,6,10,7],"rotation":270,"texture":"#cross"},
				"down":{"uv":[14,6,10,7],"rotation":90,"texture":"#cross"}
			}
		},
		{
			"from":[7.5,10,10.5],
			"to":[8.5,11,14.5],
			"rotation":{"angle":-45,"axis":"y","origin":[8,12,8]},
			"faces":{
				"north":{"uv":[11,5,12,6],"texture":"#cross"},
				"east":{"uv":[15,5,11,6],"texture":"#cross"},
				"south":{"uv":[14,5,15,6],"texture":"#cross"},
				"west":{"uv":[11,5,15,6],"texture":"#cross"},
				"up":{"uv":[15,5,11,6],"rotation":270,"texture":"#cross"},
				"down":{"uv":[15,5,11,6],"rotation":90,"texture":"#cross"}
			}
		},
		{
			"from":[6.5,9,10.5],
			"to":[9.5,10,12.5],
			"rotation":{"angle":-45,"axis":"y","origin":[8,12,8]},
			"faces":{
				"north":{"uv":[11,6,12,7],"texture":"#cross"},
				"east":{"uv":[13,6,11,7],"texture":"#cross"},
				"south":{"uv":[12,6,13,7],"texture":"#cross"},
				"west":{"uv":[11,6,13,7],"texture":"#cross"},
				"up":{"uv":[13,6,11,7],"rotation":270,"texture":"#cross"},
				"down":{"uv":[13,6,11,7],"rotation":90,"texture":"#cross"}
			}
		},
		{
			"from":[2.5,11,7.5],
			"to":[6.5,12,8.5],
			"rotation":{"angle":-45,"axis":"y","origin":[8,12,8]},
			"faces":{
				"north":{"uv":[10,6,14,7],"texture":"#cross"},
				"east":{"uv":[10,6,11,7],"texture":"#cross"},
				"south":{"uv":[14,6,10,7],"texture":"#cross"},
				"west":{"uv":[13,6,14,7],"texture":"#cross"},
				"up":{"uv":[14,6,10,7],"texture":"#cross"},
				"down":{"uv":[14,6,10,7],"texture":"#cross"}
			}
		},
		{
			"from":[4.5,10,7.5],
			"to":[7.5,11,8.5],
			"rotation":{"angle":-45,"axis":"y","origin":[8,12,8]},
			"faces":{
				"north":{"uv":[9,7,12,8],"texture":"#cross"},
				"south":{"uv":[12,7,9,8],"texture":"#cross"},
				"west":{"uv":[11,7,12,8],"texture":"#cross"},
				"up":{"uv":[12,7,9,8],"texture":"#cross"},
				"down":{"uv":[12,7,9,8],"texture":"#cross"}
			}
		},
		{
			"from":[1.5,12,7.5],
			"to":[5.5,13,8.5],
			"rotation":{"angle":-45,"axis":"y","origin":[8,12,8]},
			"faces":{
				"north":{"uv":[11,5,15,6],"texture":"#cross"},
				"east":{"uv":[11,5,12,6],"texture":"#cross"},
				"south":{"uv":[15,5,11,6],"texture":"#cross"},
				"west":{"uv":[14,5,15,6],"texture":"#cross"},
				"up":{"uv":[15,5,11,6],"texture":"#cross"},
				"down":{"uv":[15,5,11,6],"texture":"#cross"}
			}
		},
		{
			"from":[3.5,11,6.5],
			"to":[5.5,12,9.5],
			"rotation":{"angle":-45,"axis":"y","origin":[8,12,8]},
			"faces":{
				"north":{"uv":[11,6,13,7],"texture":"#cross"},
				"east":{"uv":[11,6,12,7],"texture":"#cross"},
				"south":{"uv":[13,6,11,7],"texture":"#cross"},
				"west":{"uv":[12,6,13,7],"texture":"#cross"},
				"up":{"uv":[13,6,11,7],"texture":"#cross"},
				"down":{"uv":[13,6,11,7],"texture":"#cross"}
			}
		},
		{
			"from":[7.5,13,8.5],
			"to":[8.5,14,11.5],
			"rotation":{"angle":-45,"axis":"y","origin":[8,12,8]},
			"faces":{
				"east":{"uv":[12,2,9,3],"texture":"#cross"},
				"south":{"uv":[11,2,12,3],"texture":"#cross"},
				"west":{"uv":[9,2,12,3],"texture":"#cross"},
				"up":{"uv":[12,2,9,3],"rotation":270,"texture":"#cross"},
				"down":{"uv":[12,2,9,3],"rotation":90,"texture":"#cross"}
			}
		},
		{
			"from":[7.5,12,9.5],
			"to":[8.5,15,10.5],
			"rotation":{"angle":-45,"axis":"y","origin":[8,12,8]},
			"faces":{
				"north":{"uv":[10,1,11,4],"texture":"#cross"},
				"east":{"uv":[10,1,11,4],"texture":"#cross"},
				"south":{"uv":[10,1,11,4],"texture":"#cross"},
				"west":{"uv":[10,1,11,4],"texture":"#cross"},
				"up":{"uv":[10,1,11,2],"rotation":270,"texture":"#cross"},
				"down":{"uv":[10,3,11,4],"rotation":90,"texture":"#cross"}
			}
		},
		{
			"from":[7.5,14,10.5],
			"to":[8.5,16,12.5],
			"rotation":{"angle":-45,"axis":"y","origin":[8,12,8]},
			"faces":{
				"north":{"uv":[11,0,12,2],"texture":"#cross"},
				"east":{"uv":[13,0,11,2],"texture":"#cross"},
				"south":{"uv":[12,0,13,2],"texture":"#cross"},
				"west":{"uv":[11,0,13,2],"texture":"#cross"},
				"up":{"uv":[13,0,11,1],"rotation":270,"texture":"#cross"},
				"down":{"uv":[13,1,11,2],"rotation":90,"texture":"#cross"}
			}
		},
		{
			"from":[7.5,15,12.5],
			"to":[8.5,16,13.5],
			"rotation":{"angle":-45,"axis":"y","origin":[8,12,8]},
			"faces":{
				"east":{"uv":[13,0,14,1],"texture":"#cross"},
				"south":{"uv":[13,0,14,1],"texture":"#cross"},
				"west":{"uv":[13,0,14,1],"texture":"#cross"},
				"up":{"uv":[13,0,14,1],"rotation":270,"texture":"#cross"},
				"down":{"uv":[13,0,14,1],"rotation":90,"texture":"#cross"}
			}
		},
		{
			"from":[6.5,14,10.5],
			"to":[9.5,15,11.5],
			"rotation":{"angle":-45,"axis":"y","origin":[8,12,8]},
			"faces":{
				"north":{"uv":[11,1,12,2],"texture":"#cross"},
				"east":{"uv":[11,1,12,2],"texture":"#cross"},
				"south":{"uv":[11,1,12,2],"texture":"#cross"},
				"west":{"uv":[11,1,12,2],"texture":"#cross"},
				"up":{"uv":[11,1,12,2],"rotation":270,"texture":"#cross"},
				"down":{"uv":[11,1,12,2],"rotation":90,"texture":"#cross"}
			}
		},
		{
			"from":[7.5,13,4.5],
			"to":[8.5,14,7.5],
			"rotation":{"angle":-45,"axis":"y","origin":[8,12,8]},
			"faces":{
				"north":{"uv":[4,2,5,3],"texture":"#cross"},
				"east":{"uv":[7,2,4,3],"texture":"#cross"},
				"west":{"uv":[4,2,7,3],"texture":"#cross"},
				"up":{"uv":[7,2,4,3],"rotation":270,"texture":"#cross"},
				"down":{"uv":[7,2,4,3],"rotation":90,"texture":"#cross"}
			}
		},
		{
			"from":[7.5,14,3.5],
			"to":[8.5,16,6.5],
			"rotation":{"angle":-45,"axis":"y","origin":[8,12,8]},
			"faces":{
				"north":{"uv":[3,0,4,2],"texture":"#cross"},
				"east":{"uv":[6,0,3,2],"texture":"#cross"},
				"south":{"uv":[5,0,6,2],"texture":"#cross"},
				"west":{"uv":[3,0,6,2],"texture":"#cross"},
				"up":{"uv":[6,0,3,1],"rotation":270,"texture":"#cross"},
				"down":{"uv":[6,1,3,2],"rotation":90,"texture":"#cross"}
			}
		},
		{
			"from":[6.5,14,4.5],
			"to":[9.5,16,5.5],
			"rotation":{"angle":-45,"axis":"y","origin":[8,12,8]},
			"faces":{
				"north":{"uv":[3,0,6,2],"texture":"#cross"},
				"east":{"uv":[3,0,4,2],"texture":"#cross"},
				"south":{"uv":[6,0,3,2],"texture":"#cross"},
				"west":{"uv":[5,0,6,2],"texture":"#cross"},
				"up":{"uv":[6,0,3,1],"texture":"#cross"},
				"down":{"uv":[6,1,3,2],"texture":"#cross"}
			}
		}
	]
}