{
	"__comment":"Designed by GeForceLegend",
	"parent":"block/cross",
	"ambientocclusion":false,
	"textures":{
		"cross":"block/lilac_top"
	},
	"elements":[
		{
			"from":[7.5,0,3.5],
			"to":[8.5,1,5.5],
			"rotation":{"angle":-45,"axis":"y","origin":[8,8,8]},
			"faces":{
				"north":{"uv":[3,15,4,16],"texture":"#cross"},
				"east":{"uv":[5,15,3,16],"texture":"#cross"},
				"south":{"uv":[4,15,5,16],"texture":"#cross"},
				"west":{"uv":[3,15,5,16],"texture":"#cross"},
				"up":{"uv":[5,15,3,16],"rotation":270,"texture":"#cross"}
			}
		},
		{
			"from":[7.5,1,4.5],
			"to":[8.5,2,5.5],
			"rotation":{"angle":-45,"axis":"y","origin":[8,8,8]},
			"faces":{
				"north":{"uv":[4,14,5,15],"texture":"#cross"},
				"east":{"uv":[4,14,5,15],"texture":"#cross"},
				"south":{"uv":[4,14,5,15],"texture":"#cross"},
				"west":{"uv":[4,14,5,15],"texture":"#cross"},
				"up":{"uv":[4,14,5,15],"rotation":270,"texture":"#cross"}
			}
		},
		{
			"from":[7.5,0,7.5],
			"to":[9.5,1,8.5],
			"rotation":{"angle":-45,"axis":"y","origin":[8,8,8]},
			"faces":{
				"north":{"uv":[10,15,8,16],"texture":"#cross"},
				"east":{"uv":[9,15,10,16],"texture":"#cross"},
				"south":{"uv":[8,15,10,16],"texture":"#cross"},
				"west":{"uv":[8,15,9,16],"texture":"#cross"},
				"up":{"uv":[10,15,8,16],"rotation":180,"texture":"#cross"},
				"down":{"uv":[10,15,8,16],"rotation":180,"texture":"#cross"}
			}
		},
		{
			"from":[7.5,1,7.5],
			"to":[8.5,5,8.5],
			"rotation":{"angle":-45,"axis":"y","origin":[8,8,8]},
			"faces":{
				"north":{"uv":[7,7,8,11],"texture":"#cross"},
				"east":{"uv":[7,7,8,11],"texture":"#cross"},
				"south":{"uv":[7,7,8,11],"texture":"#cross"},
				"west":{"uv":[7,7,8,11],"texture":"#cross"}
			}
		},
		{
			"from":[6.5,5,7.5],
			"to":[8.5,6,8.5],
			"rotation":{"angle":-45,"axis":"y","origin":[8,8,8]},
			"faces":{
				"north":{"uv":[9,10,7,11],"texture":"#cross"},
				"east":{"uv":[8,10,9,11],"texture":"#cross"},
				"south":{"uv":[7,10,9,11],"texture":"#cross"},
				"west":{"uv":[7,10,8,11],"texture":"#cross"},
				"up":{"uv":[9,10,7,11],"rotation":180,"texture":"#cross"},
				"down":{"uv":[9,10,7,11],"rotation":180,"texture":"#cross"}
			}
		},
		{
			"from":[9.5,1,7.5],
			"to":[11.5,3,8.5],
			"rotation":{"angle":-45,"axis":"y","origin":[8,8,8]},
			"faces":{
				"north":{"uv":[12,13,10,15],"texture":"#cross"},
				"east":{"uv":[11,14,12,15],"texture":"#cross"},
				"south":{"uv":[10,13,12,15],"texture":"#cross"},
				"west":{"uv":[10,13,11,15],"texture":"#cross"},
				"up":{"uv":[12,13,10,14],"rotation":180,"texture":"#cross"},
				"down":{"uv":[12,14,10,15],"rotation":180,"texture":"#cross"}
			}
		},
		{
			"from":[10.5,2,6.5],
			"to":[11.5,3,9.5],
			"rotation":{"angle":-45,"axis":"y","origin":[8,8,8]},
			"faces":{
				"north":{"uv":[12,13,13,14],"texture":"#cross"},
				"east":{"uv":[10,13,13,14],"texture":"#cross"},
				"south":{"uv":[10,13,11,14],"texture":"#cross"},
				"west":{"uv":[13,13,10,14],"texture":"#cross"},
				"up":{"uv":[13,13,10,14],"rotation":90,"texture":"#cross"},
				"down":{"uv":[13,13,10,14],"rotation":270,"texture":"#cross"}
			}
		},
		{
			"from":[10.5,2,7.5],
			"to":[12.5,4,8.5],
			"rotation":{"angle":-45,"axis":"y","origin":[8,8,8]},
			"faces":{
				"north":{"uv":[13,12,11,14],"texture":"#cross"},
				"east":{"uv":[12,13,13,14],"texture":"#cross"},
				"south":{"uv":[11,12,13,14],"texture":"#cross"},
				"west":{"uv":[11,12,12,13],"texture":"#cross"},
				"up":{"uv":[13,12,11,13],"rotation":180,"texture":"#cross"},
				"down":{"uv":[13,13,11,14],"rotation":180,"texture":"#cross"}
			}
		},
		{
			"from":[11.5,3,6.5],
			"to":[12.5,4,9.5],
			"rotation":{"angle":-45,"axis":"y","origin":[8,8,8]},
			"faces":{
				"north":{"uv":[11,12,12,13],"texture":"#cross"},
				"east":{"uv":[14,12,11,13],"texture":"#cross"},
				"south":{"uv":[13,12,14,13],"texture":"#cross"},
				"west":{"uv":[11,12,14,13],"texture":"#cross"},
				"up":{"uv":[14,12,11,13],"rotation":270,"texture":"#cross"},
				"down":{"uv":[14,12,11,13],"rotation":90,"texture":"#cross"}
			}
		},
		{
			"from":[11.5,3,7.5],
			"to":[13.5,5,8.5],
			"rotation":{"angle":-45,"axis":"y","origin":[8,8,8]},
			"faces":{
				"north":{"uv":[14,11,12,13],"texture":"#cross"},
				"east":{"uv":[13,11,14,13],"texture":"#cross"},
				"south":{"uv":[12,11,14,13],"texture":"#cross"},
				"west":{"uv":[12,11,13,13],"texture":"#cross"},
				"up":{"uv":[14,11,12,12],"rotation":180,"texture":"#cross"},
				"down":{"uv":[14,12,12,13],"rotation":180,"texture":"#cross"}
			}
		},
		{
			"from":[7.5,5,4.5],
			"to":[8.5,7,6.5],
			"rotation":{"angle":-45,"axis":"y","origin":[8,8,8]},
			"faces":{
				"north":{"uv":[11,14,12,15],"texture":"#cross"},
				"east":{"uv":[10,13,12,15],"texture":"#cross"},
				"south":{"uv":[10,13,11,15],"texture":"#cross"},
				"west":{"uv":[12,13,10,15],"texture":"#cross"},
				"up":{"uv":[12,13,10,14],"rotation":90,"texture":"#cross"},
				"down":{"uv":[12,14,10,15],"rotation":270,"texture":"#cross"}
			}
		},
		{
			"from":[6.5,6,4.5],
			"to":[9.5,7,5.5],
			"rotation":{"angle":-45,"axis":"y","origin":[8,8,8]},
			"faces":{
				"north":{"uv":[10,13,13,14],"texture":"#cross"},
				"east":{"uv":[10,13,11,14],"texture":"#cross"},
				"south":{"uv":[13,13,10,14],"texture":"#cross"},
				"west":{"uv":[12,13,13,14],"texture":"#cross"},
				"up":{"uv":[10,13,13,14],"rotation":180,"texture":"#cross"},
				"down":{"uv":[10,13,13,14],"rotation":180,"texture":"#cross"}
			}
		},
		{
			"from":[7.5,6,3.5],
			"to":[8.5,8,5.5],
			"rotation":{"angle":-45,"axis":"y","origin":[8,8,8]},
			"faces":{
				"north":{"uv":[12,13,13,14],"texture":"#cross"},
				"east":{"uv":[11,12,13,14],"texture":"#cross"},
				"south":{"uv":[11,12,12,13],"texture":"#cross"},
				"west":{"uv":[13,12,11,14],"texture":"#cross"},
				"up":{"uv":[13,12,11,13],"rotation":90,"texture":"#cross"},
				"down":{"uv":[13,13,11,14],"rotation":270,"texture":"#cross"}
			}
		},
		{
			"from":[6.5,7,3.5],
			"to":[9.5,8,4.5],
			"rotation":{"angle":-45,"axis":"y","origin":[8,8,8]},
			"faces":{
				"north":{"uv":[14,12,11,13],"texture":"#cross"},
				"east":{"uv":[13,12,14,13],"texture":"#cross"},
				"south":{"uv":[11,12,14,13],"texture":"#cross"},
				"west":{"uv":[11,12,12,13],"texture":"#cross"},
				"up":{"uv":[14,12,11,13],"rotation":180,"texture":"#cross"},
				"down":{"uv":[14,12,11,13],"rotation":180,"texture":"#cross"}
			}
		},
		{
			"from":[7.5,7,2.5],
			"to":[8.5,9,4.5],
			"rotation":{"angle":-45,"axis":"y","origin":[8,8,8]},
			"faces":{
				"north":{"uv":[13,11,14,13],"texture":"#cross"},
				"east":{"uv":[12,11,14,13],"texture":"#cross"},
				"south":{"uv":[12,11,13,13],"texture":"#cross"},
				"west":{"uv":[14,11,12,13],"texture":"#cross"},
				"up":{"uv":[14,11,12,12],"rotation":90,"texture":"#cross"},
				"down":{"uv":[14,12,12,13],"rotation":270,"texture":"#cross"}
			}
		},
		{
			"from":[6.5,4,11.5],
			"to":[9.5,5,12.5],
			"rotation":{"angle":-45,"axis":"y","origin":[8,8,8]},
			"faces":{
				"north":{"uv":[11,12,14,13],"texture":"#cross"},
				"east":{"uv":[11,12,12,13],"texture":"#cross"},
				"south":{"uv":[14,12,11,13],"texture":"#cross"},
				"west":{"uv":[13,12,14,13],"texture":"#cross"},
				"up":{"uv":[14,12,11,13],"texture":"#cross"},
				"down":{"uv":[14,12,11,13],"texture":"#cross"}
			}
		},
		{
			"from":[7.5,3,10.5],
			"to":[8.5,5,12.5],
			"rotation":{"angle":-45,"axis":"y","origin":[8,8,8]},
			"faces":{
				"north":{"uv":[11,12,12,13],"texture":"#cross"},
				"east":{"uv":[13,12,11,14],"texture":"#cross"},
				"south":{"uv":[12,13,13,14],"texture":"#cross"},
				"west":{"uv":[11,12,13,14],"texture":"#cross"},
				"up":{"uv":[13,12,11,13],"rotation":270,"texture":"#cross"},
				"down":{"uv":[13,13,11,14],"rotation":90,"texture":"#cross"}
			}
		},
		{
			"from":[6.5,3,10.5],
			"to":[9.5,4,11.5],
			"rotation":{"angle":-45,"axis":"y","origin":[8,8,8]},
			"faces":{
				"north":{"uv":[13,13,10,14],"texture":"#cross"},
				"east":{"uv":[12,13,13,14],"texture":"#cross"},
				"south":{"uv":[10,13,13,14],"texture":"#cross"},
				"west":{"uv":[10,13,11,14],"texture":"#cross"},
				"up":{"uv":[13,13,10,14],"rotation":180,"texture":"#cross"},
				"down":{"uv":[13,13,10,14],"rotation":180,"texture":"#cross"}
			}
		},
		{
			"from":[7.5,2,9.5],
			"to":[8.5,4,11.5],
			"rotation":{"angle":-45,"axis":"y","origin":[8,8,8]},
			"faces":{
				"north":{"uv":[10,13,11,15],"texture":"#cross"},
				"east":{"uv":[12,13,10,15],"texture":"#cross"},
				"south":{"uv":[11,14,12,15],"texture":"#cross"},
				"west":{"uv":[10,13,12,15],"texture":"#cross"},
				"up":{"uv":[12,13,10,14],"rotation":270,"texture":"#cross"},
				"down":{"uv":[12,14,10,15],"rotation":90,"texture":"#cross"}
			}
		},
		{
			"from":[7.5,4,11.5],
			"to":[8.5,6,13.5],
			"rotation":{"angle":-45,"axis":"y","origin":[8,8,8]},
			"faces":{
				"north":{"uv":[12,11,13,13],"texture":"#cross"},
				"east":{"uv":[14,11,12,13],"texture":"#cross"},
				"south":{"uv":[13,11,14,13],"texture":"#cross"},
				"west":{"uv":[12,11,14,13],"texture":"#cross"},
				"up":{"uv":[14,11,12,12],"rotation":270,"texture":"#cross"},
				"down":{"uv":[14,12,12,13],"rotation":90,"texture":"#cross"}
			}
		},
		{
			"from":[7.5,1,8.5],
			"to":[8.5,2,9.5],
			"rotation":{"angle":-45,"axis":"y","origin":[8,8,8]},
			"faces":{
				"east":{"uv":[10,14,11,15],"texture":"#cross"},
				"south":{"uv":[10,14,11,15],"texture":"#cross"},
				"west":{"uv":[10,14,11,15],"texture":"#cross"},
				"up":{"uv":[10,14,11,15],"rotation":180,"texture":"#cross"},
				"down":{"uv":[10,14,11,15],"rotation":180,"texture":"#cross"}
			}
		},
		{
			"from":[6.5,2,7.5],
			"to":[7.5,3,8.5],
			"rotation":{"angle":-45,"axis":"y","origin":[8,8,8]},
			"faces":{
				"north":{"uv":[7,10,8,11],"texture":"#cross"},
				"south":{"uv":[7,10,8,11],"texture":"#cross"},
				"west":{"uv":[7,10,8,11],"texture":"#cross"},
				"up":{"uv":[7,10,8,11],"rotation":180,"texture":"#cross"},
				"down":{"uv":[7,10,8,11],"rotation":180,"texture":"#cross"}
			}
		},
		{
			"from":[3.5,3,7.5],
			"to":[6.5,4,8.5],
			"rotation":{"angle":-45,"axis":"y","origin":[8,8,8]},
			"faces":{
				"north":{"uv":[7,12,4,13],"texture":"#cross"},
				"east":{"uv":[6,12,7,13],"texture":"#cross"},
				"south":{"uv":[4,12,7,13],"texture":"#cross"},
				"west":{"uv":[4,12,5,13],"texture":"#cross"},
				"up":{"uv":[7,12,4,13],"rotation":180,"texture":"#cross"},
				"down":{"uv":[7,12,4,13],"rotation":180,"texture":"#cross"}
			}
		},
		{
			"from":[2.5,4,7.5],
			"to":[5.5,5,8.5],
			"rotation":{"angle":-45,"axis":"y","origin":[8,8,8]},
			"faces":{
				"north":{"uv":[6,11,3,12],"texture":"#cross"},
				"east":{"uv":[5,11,6,12],"texture":"#cross"},
				"south":{"uv":[3,11,6,12],"texture":"#cross"},
				"west":{"uv":[3,11,4,12],"texture":"#cross"},
				"up":{"uv":[6,11,3,12],"rotation":180,"texture":"#cross"},
				"down":{"uv":[6,11,3,12],"rotation":180,"texture":"#cross"}
			}
		},
		{
			"from":[3.5,4,6.5],
			"to":[4.5,5,9.5],
			"rotation":{"angle":-45,"axis":"y","origin":[8,8,8]},
			"faces":{
				"north":{"uv":[5,11,6,12],"texture":"#cross"},
				"east":{"uv":[3,11,6,12],"texture":"#cross"},
				"south":{"uv":[3,11,4,12],"texture":"#cross"},
				"west":{"uv":[6,11,3,12],"texture":"#cross"},
				"up":{"uv":[6,11,3,12],"rotation":90,"texture":"#cross"},
				"down":{"uv":[6,11,3,12],"rotation":270,"texture":"#cross"}
			}
		},
		{
			"from":[1.5,5,7.5],
			"to":[4.5,6,8.5],
			"rotation":{"angle":-45,"axis":"y","origin":[8,8,8]},
			"faces":{
				"north":{"uv":[5,10,2,11],"texture":"#cross"},
				"east":{"uv":[4,10,5,11],"texture":"#cross"},
				"south":{"uv":[2,10,5,11],"texture":"#cross"},
				"west":{"uv":[2,10,3,11],"texture":"#cross"},
				"up":{"uv":[5,10,2,11],"rotation":180,"texture":"#cross"},
				"down":{"uv":[5,10,2,11],"rotation":180,"texture":"#cross"}
			}
		},
		{
			"from":[2.5,5,6.5],
			"to":[3.5,6,9.5],
			"rotation":{"angle":-45,"axis":"y","origin":[8,8,8]},
			"faces":{
				"north":{"uv":[4,10,5,11],"texture":"#cross"},
				"east":{"uv":[2,10,5,11],"texture":"#cross"},
				"south":{"uv":[2,10,3,11],"texture":"#cross"},
				"west":{"uv":[5,10,2,11],"texture":"#cross"},
				"up":{"uv":[5,10,2,11],"rotation":90,"texture":"#cross"},
				"down":{"uv":[5,10,2,11],"rotation":270,"texture":"#cross"}
			}
		},
		{
			"from":[0.5,6,7.5],
			"to":[3.5,7,8.5],
			"rotation":{"angle":-45,"axis":"y","origin":[8,8,8]},
			"faces":{
				"north":{"uv":[4,9,1,10],"texture":"#cross"},
				"east":{"uv":[3,9,4,10],"texture":"#cross"},
				"south":{"uv":[1,9,4,10],"texture":"#cross"},
				"west":{"uv":[1,9,2,10],"texture":"#cross"},
				"up":{"uv":[1,9,4,10],"rotation":180,"texture":"#cross"},
				"down":{"uv":[1,9,4,10],"rotation":180,"texture":"#cross"}
			}
		},
		{
			"from":[6.5,6,7.5],
			"to":[7.5,9,8.5],
			"rotation":{"angle":-45,"axis":"y","origin":[8,8,8]},
			"faces":{
				"north":{"uv":[7,7,8,10],"texture":"#cross"},
				"east":{"uv":[7,7,8,10],"texture":"#cross"},
				"south":{"uv":[7,7,8,10],"texture":"#cross"},
				"west":{"uv":[7,7,8,10],"texture":"#cross"},
				"up":{"uv":[7,7,8,8],"rotation":180,"texture":"#cross"}
			}
		},
		{
			"from":[5.5,7,7.5],
			"to":[6.5,10,8.5],
			"rotation":{"angle":-45,"axis":"y","origin":[8,8,8]},
			"faces":{
				"north":{"uv":[6,6,7,9],"texture":"#cross"},
				"east":{"uv":[6,6,7,9],"texture":"#cross"},
				"south":{"uv":[6,6,7,9],"texture":"#cross"},
				"west":{"uv":[6,6,7,9],"texture":"#cross"},
				"up":{"uv":[6,6,7,7],"rotation":180,"texture":"#cross"},
				"down":{"uv":[6,8,7,9],"rotation":180,"texture":"#cross"}
			}
		},
		{
			"from":[4.5,9,7.5],
			"to":[5.5,12,8.5],
			"rotation":{"angle":-45,"axis":"y","origin":[8,8,8]},
			"faces":{
				"north":{"uv":[5,4,6,7],"texture":"#cross"},
				"east":{"uv":[5,4,6,7],"texture":"#cross"},
				"south":{"uv":[5,4,6,7],"texture":"#cross"},
				"west":{"uv":[5,4,6,7],"texture":"#cross"},
				"up":{"uv":[5,4,6,5],"rotation":180,"texture":"#cross"},
				"down":{"uv":[5,6,6,7],"rotation":180,"texture":"#cross"}
			}
		},
		{
			"from":[3.5,10,7.5],
			"to":[4.5,13,8.5],
			"rotation":{"angle":-45,"axis":"y","origin":[8,8,8]},
			"faces":{
				"north":{"uv":[4,3,5,6],"texture":"#cross"},
				"east":{"uv":[4,3,5,6],"texture":"#cross"},
				"south":{"uv":[4,3,5,6],"texture":"#cross"},
				"west":{"uv":[4,3,5,6],"texture":"#cross"},
				"up":{"uv":[4,3,5,4],"rotation":180,"texture":"#cross"},
				"down":{"uv":[4,5,5,6],"rotation":180,"texture":"#cross"}
			}
		},
		{
			"from":[3.5,11,6.5],
			"to":[4.5,12,9.5],
			"rotation":{"angle":-45,"axis":"y","origin":[8,8,8]},
			"faces":{
				"north":{"uv":[4,4,5,5],"texture":"#cross"},
				"east":{"uv":[4,4,5,5],"texture":"#cross"},
				"south":{"uv":[4,4,5,5],"texture":"#cross"},
				"west":{"uv":[4,4,5,5],"texture":"#cross"},
				"up":{"uv":[4,4,5,5],"rotation":180,"texture":"#cross"},
				"down":{"uv":[4,4,5,5],"rotation":180,"texture":"#cross"}
			}
		},
		{
			"from":[2.5,11,7.5],
			"to":[3.5,14,8.5],
			"rotation":{"angle":-45,"axis":"y","origin":[8,8,8]},
			"faces":{
				"north":{"uv":[3,2,4,5],"texture":"#cross"},
				"east":{"uv":[3,2,4,5],"texture":"#cross"},
				"south":{"uv":[3,2,4,5],"texture":"#cross"},
				"west":{"uv":[3,2,4,5],"texture":"#cross"},
				"up":{"uv":[3,2,4,3],"rotation":180,"texture":"#cross"},
				"down":{"uv":[3,4,4,5],"rotation":180,"texture":"#cross"}
			}
		},
		{
			"from":[2.5,12,6.5],
			"to":[3.5,13,9.5],
			"rotation":{"angle":-45,"axis":"y","origin":[8,8,8]},
			"faces":{
				"north":{"uv":[3,3,4,4],"texture":"#cross"},
				"east":{"uv":[3,3,4,4],"texture":"#cross"},
				"south":{"uv":[3,3,4,4],"texture":"#cross"},
				"west":{"uv":[3,3,4,4],"texture":"#cross"},
				"up":{"uv":[3,3,4,4],"rotation":180,"texture":"#cross"},
				"down":{"uv":[3,3,4,4],"rotation":180,"texture":"#cross"}
			}
		},
		{
			"from":[1.5,12,7.5],
			"to":[2.5,14,8.5],
			"rotation":{"angle":-45,"axis":"y","origin":[8,8,8]},
			"faces":{
				"north":{"uv":[2,2,3,4],"texture":"#cross"},
				"south":{"uv":[2,2,3,4],"texture":"#cross"},
				"west":{"uv":[2,2,3,4],"texture":"#cross"},
				"up":{"uv":[2,2,3,3],"rotation":180,"texture":"#cross"},
				"down":{"uv":[2,3,3,4],"rotation":180,"texture":"#cross"}
			}
		},
		{
			"from":[7.5,8,7.5],
			"to":[8.5,10,8.5],
			"rotation":{"angle":-45,"axis":"y","origin":[8,8,8]},
			"faces":{
				"north":{"uv":[8,6,9,8],"texture":"#cross"},
				"east":{"uv":[8,6,9,8],"texture":"#cross"},
				"south":{"uv":[8,6,9,8],"texture":"#cross"},
				"west":{"uv":[8,6,9,8],"texture":"#cross"},
				"up":{"uv":[8,6,9,7],"rotation":180,"texture":"#cross"},
				"down":{"uv":[8,7,9,8],"rotation":180,"texture":"#cross"}
			}
		},
		{
			"from":[8.5,9,7.5],
			"to":[9.5,12,8.5],
			"rotation":{"angle":-45,"axis":"y","origin":[8,8,8]},
			"faces":{
				"north":{"uv":[9,4,10,7],"texture":"#cross"},
				"east":{"uv":[9,4,10,7],"texture":"#cross"},
				"south":{"uv":[9,4,10,7],"texture":"#cross"},
				"west":{"uv":[9,4,10,7],"texture":"#cross"},
				"up":{"uv":[9,4,10,5],"rotation":180,"texture":"#cross"},
				"down":{"uv":[9,6,10,7],"rotation":180,"texture":"#cross"}
			}
		},
		{
			"from":[9.5,10,7.5],
			"to":[10.5,13,8.5],
			"rotation":{"angle":-45,"axis":"y","origin":[8,8,8]},
			"faces":{
				"north":{"uv":[10,3,11,6],"texture":"#cross"},
				"east":{"uv":[10,3,11,6],"texture":"#cross"},
				"south":{"uv":[10,3,11,6],"texture":"#cross"},
				"west":{"uv":[10,3,11,6],"texture":"#cross"},
				"up":{"uv":[10,3,11,4],"rotation":180,"texture":"#cross"},
				"down":{"uv":[10,5,11,6],"rotation":180,"texture":"#cross"}
			}
		},
		{
			"from":[9.5,11,6.5],
			"to":[10.5,12,9.5],
			"rotation":{"angle":-45,"axis":"y","origin":[8,8,8]},
			"faces":{
				"north":{"uv":[10,4,11,5],"texture":"#cross"},
				"east":{"uv":[10,4,11,5],"texture":"#cross"},
				"south":{"uv":[10,4,11,5],"texture":"#cross"},
				"west":{"uv":[10,4,11,5],"texture":"#cross"},
				"up":{"uv":[10,4,11,5],"rotation":180,"texture":"#cross"},
				"down":{"uv":[10,4,11,5],"rotation":180,"texture":"#cross"}
			}
		},
		{
			"from":[10.5,11,7.5],
			"to":[11.5,14,8.5],
			"rotation":{"angle":-45,"axis":"y","origin":[8,8,8]},
			"faces":{
				"north":{"uv":[11,2,12,5],"texture":"#cross"},
				"east":{"uv":[11,2,12,5],"texture":"#cross"},
				"south":{"uv":[11,2,12,5],"texture":"#cross"},
				"west":{"uv":[11,2,12,5],"texture":"#cross"},
				"up":{"uv":[11,2,12,3],"rotation":180,"texture":"#cross"},
				"down":{"uv":[11,4,12,5],"rotation":180,"texture":"#cross"}
			}
		},
		{
			"from":[10.5,12,6.5],
			"to":[11.5,13,9.5],
			"rotation":{"angle":-45,"axis":"y","origin":[8,8,8]},
			"faces":{
				"north":{"uv":[11,3,12,4],"texture":"#cross"},
				"east":{"uv":[11,3,12,4],"texture":"#cross"},
				"south":{"uv":[11,3,12,4],"texture":"#cross"},
				"west":{"uv":[11,3,12,4],"texture":"#cross"},
				"up":{"uv":[11,3,12,4],"rotation":180,"texture":"#cross"},
				"down":{"uv":[11,3,12,4],"rotation":180,"texture":"#cross"}
			}
		},
		{
			"from":[11.5,12,7.5],
			"to":[12.5,14,8.5],
			"rotation":{"angle":-45,"axis":"y","origin":[8,8,8]},
			"faces":{
				"north":{"uv":[12,2,13,4],"texture":"#cross"},
				"east":{"uv":[12,2,13,4],"texture":"#cross"},
				"south":{"uv":[12,2,13,4],"texture":"#cross"},
				"up":{"uv":[12,2,13,3],"rotation":180,"texture":"#cross"},
				"down":{"uv":[12,3,13,4],"rotation":180,"texture":"#cross"}
			}
		},
		{
			"from":[7.5,4,6.5],
			"to":[8.5,5,7.5],
			"rotation":{"angle":-45,"axis":"y","origin":[8,8,8]},
			"faces":{
				"north":{"uv":[10,14,11,15],"texture":"#cross"},
				"east":{"uv":[10,14,11,15],"texture":"#cross"},
				"west":{"uv":[10,14,11,15],"texture":"#cross"},
				"up":{"uv":[10,14,11,15],"texture":"#cross"},
				"down":{"uv":[10,14,11,15],"texture":"#cross"}
			}
		}
	]
}