{
	"__comment":"Designed by GeForceLegend",
	"ambientocclusion":false,
	"textures":{
		"0":"block/oak_sapling",
		"particle":"block/oak_sapling"
	},
	"elements":[
		{
			"from":[7.5,0,6.5],
			"to":[8.5,10,9.5],
			"rotation":{"angle":-45,"axis":"y","origin":[8,8,8]},
			"faces":{
				"north":{"uv":[9,6,10,16],"texture":"#0"},
				"east":{"uv":[7,6,10,16],"texture":"#0"},
				"south":{"uv":[7,6,8,16],"texture":"#0"},
				"west":{"uv":[10,6,7,16],"texture":"#0"},
				"up":{"uv":[7,6,10,7],"rotation":270,"texture":"#0"},
				"down":{"uv":[7,15,10,16],"rotation":90,"texture":"#0","cullface":"down"}
			}
		},
		{
			"from":[6.5,0,7.5],
			"to":[9.5,10,8.5],
			"rotation":{"angle":-45,"axis":"y","origin":[8,8,8]},
			"faces":{
				"north":{"uv":[10,6,7,16],"texture":"#0"},
				"east":{"uv":[9,6,10,16],"texture":"#0"},
				"south":{"uv":[7,6,10,16],"texture":"#0"},
				"west":{"uv":[7,6,8,16],"texture":"#0"},
				"up":{"uv":[7,6,10,7],"texture":"#0"},
				"down":{"uv":[7,15,10,16],"texture":"#0","cullface":"down"}
			}
		},
		{
			"from":[9.5,1,7.5],
			"to":[10.5,7,8.5],
			"rotation":{"angle":-45,"axis":"y","origin":[8,8,8]},
			"faces":{
				"north":{"uv":[10,9,11,15],"texture":"#0"},
				"east":{"uv":[10,9,11,15],"texture":"#0"},
				"south":{"uv":[10,9,11,15],"texture":"#0"},
				"up":{"uv":[10,9,11,10],"texture":"#0"},
				"down":{"uv":[10,14,11,15],"texture":"#0"}
			}
		},
		{
			"from":[7.5,1,5.5],
			"to":[8.5,7,6.5],
			"rotation":{"angle":-45,"axis":"y","origin":[8,8,8]},
			"faces":{
				"north":{"uv":[10,9,11,15],"texture":"#0"},
				"east":{"uv":[10,9,11,15],"texture":"#0"},
				"west":{"uv":[10,9,11,15],"texture":"#0"},
				"up":{"uv":[10,9,11,10],"rotation":270,"texture":"#0"},
				"down":{"uv":[10,14,11,15],"rotation":90,"texture":"#0"}
			}
		},
		{
			"from":[8.5,2,6.5],
			"to":[9.5,4,9.5],
			"rotation":{"angle":-45,"axis":"y","origin":[8,8,8]},
			"faces":{
				"east":{"uv":[9,12,10,14],"texture":"#0"},
				"south":{"uv":[9,12,10,14],"texture":"#0"},
				"up":{"uv":[9,12,10,13],"texture":"#0"},
				"down":{"uv":[9,13,10,14],"texture":"#0"}
			}
		},
		{
			"from":[6.5,2,6.5],
			"to":[9.5,4,7.5],
			"rotation":{"angle":-45,"axis":"y","origin":[8,8,8]},
			"faces":{
				"north":{"uv":[9,12,10,14],"texture":"#0"},
				"west":{"uv":[9,12,10,14],"texture":"#0"},
				"up":{"uv":[9,12,10,13],"rotation":270,"texture":"#0"},
				"down":{"uv":[9,13,10,14],"rotation":90,"texture":"#0"}
			}
		},
		{
			"from":[6.5,4,7],
			"to":[9.5,6,9],
			"rotation":{"angle":-45,"axis":"y","origin":[8,8,8]},
			"faces":{
				"north":{"uv":[10,10,7,12],"texture":"#0"},
				"east":{"uv":[9,10,10,12],"texture":"#0"},
				"south":{"uv":[7,10,10,12],"texture":"#0"},
				"west":{"uv":[7,10,8,12],"texture":"#0"},
				"up":{"uv":[7,10,10,11],"texture":"#0"},
				"down":{"uv":[7,11,10,12],"texture":"#0"}
			}
		},
		{
			"from":[7,4,6.5],
			"to":[9,6,9.5],
			"rotation":{"angle":-45,"axis":"y","origin":[8,8,8]},
			"faces":{
				"north":{"uv":[9,10,10,12],"texture":"#0"},
				"east":{"uv":[7,10,10,12],"texture":"#0"},
				"south":{"uv":[7,10,8,12],"texture":"#0"},
				"west":{"uv":[10,10,7,12],"texture":"#0"},
				"up":{"uv":[7,10,10,11],"rotation":270,"texture":"#0"},
				"down":{"uv":[7,11,10,12],"rotation":90,"texture":"#0"}
			}
		},
		{
			"from":[9.5,5,7],
			"to":[11.5,6,9],
			"rotation":{"angle":-45,"axis":"y","origin":[8,8,8]},
			"faces":{
				"north":{"uv":[12,10,10,11],"texture":"#0"},
				"east":{"uv":[11,10,12,11],"texture":"#0"},
				"south":{"uv":[10,10,12,11],"texture":"#0"},
				"up":{"uv":[10,10,12,11],"texture":"#0"},
				"down":{"uv":[10,10,12,11],"texture":"#0"}
			}
		},
		{
			"from":[7,5,4.5],
			"to":[9,6,6.5],
			"rotation":{"angle":-45,"axis":"y","origin":[8,8,8]},
			"faces":{
				"north":{"uv":[11,10,12,11],"texture":"#0"},
				"east":{"uv":[10,10,12,11],"texture":"#0"},
				"west":{"uv":[12,10,10,11],"texture":"#0"},
				"up":{"uv":[10,10,12,11],"rotation":270,"texture":"#0"},
				"down":{"uv":[10,10,12,11],"rotation":90,"texture":"#0"}
			}
		},
		{
			"from":[10.5,4,7.5],
			"to":[11.5,7,8.5],
			"rotation":{"angle":-45,"axis":"y","origin":[8,8,8]},
			"faces":{
				"north":{"uv":[11,9,12,12],"texture":"#0"},
				"east":{"uv":[11,9,12,12],"texture":"#0"},
				"south":{"uv":[11,9,12,12],"texture":"#0"},
				"down":{"uv":[11,11,12,12],"texture":"#0"}
			}
		},
		{
			"from":[7.5,4,4.5],
			"to":[8.5,7,5.5],
			"rotation":{"angle":-45,"axis":"y","origin":[8,8,8]},
			"faces":{
				"north":{"uv":[11,9,12,12],"texture":"#0"},
				"east":{"uv":[11,9,12,12],"texture":"#0"},
				"west":{"uv":[11,9,12,12],"texture":"#0"},
				"down":{"uv":[11,11,12,12],"rotation":90,"texture":"#0"}
			}
		},
		{
			"from":[10.5,7,7.5],
			"to":[12.5,8,8.5],
			"rotation":{"angle":-45,"axis":"y","origin":[8,8,8]},
			"faces":{
				"north":{"uv":[13,8,11,9],"texture":"#0"},
				"east":{"uv":[12,8,13,9],"texture":"#0"},
				"south":{"uv":[11,8,13,9],"texture":"#0"},
				"west":{"uv":[11,8,12,9],"texture":"#0"},
				"up":{"uv":[11,8,13,9],"texture":"#0"}
			}
		},
		{
			"from":[7.5,7,3.5],
			"to":[8.5,8,5.5],
			"rotation":{"angle":-45,"axis":"y","origin":[8,8,8]},
			"faces":{
				"north":{"uv":[12,8,13,9],"texture":"#0"},
				"east":{"uv":[11,8,13,9],"texture":"#0"},
				"south":{"uv":[11,8,12,9],"texture":"#0"},
				"west":{"uv":[13,8,11,9],"texture":"#0"},
				"up":{"uv":[11,8,13,9],"rotation":270,"texture":"#0"}
			}
		},
		{
			"from":[11.5,5,7.5],
			"to":[13.5,7,8.5],
			"rotation":{"angle":-45,"axis":"y","origin":[8,8,8]},
			"faces":{
				"north":{"uv":[14,9,12,11],"texture":"#0"},
				"east":{"uv":[13,9,14,11],"texture":"#0"},
				"south":{"uv":[12,9,14,11],"texture":"#0"},
				"up":{"uv":[12,9,14,10],"texture":"#0"},
				"down":{"uv":[12,10,14,11],"texture":"#0"}
			}
		},
		{
			"from":[7.5,5,2.5],
			"to":[8.5,7,4.5],
			"rotation":{"angle":-45,"axis":"y","origin":[8,8,8]},
			"faces":{
				"north":{"uv":[13,9,14,11],"texture":"#0"},
				"east":{"uv":[12,9,14,11],"texture":"#0"},
				"west":{"uv":[14,9,12,11],"texture":"#0"},
				"up":{"uv":[12,9,14,10],"rotation":270,"texture":"#0"},
				"down":{"uv":[12,10,14,11],"rotation":90,"texture":"#0"}
			}
		},
		{
			"from":[12.5,4,7],
			"to":[14.5,6,9],
			"rotation":{"angle":-45,"axis":"y","origin":[8,8,8]},
			"faces":{
				"north":{"uv":[15,10,13,12],"texture":"#0"},
				"east":{"uv":[14,10,15,13],"texture":"#0"},
				"south":{"uv":[13,10,15,12],"texture":"#0"},
				"west":{"uv":[13,10,14,12],"texture":"#0"},
				"up":{"uv":[13,10,15,11],"texture":"#0"},
				"down":{"uv":[13,11,14,12],"texture":"#0"}
			}
		},
		{
			"from":[7,4,1.5],
			"to":[9,6,3.5],
			"rotation":{"angle":-45,"axis":"y","origin":[8,8,8]},
			"faces":{
				"north":{"uv":[14,10,15,13],"texture":"#0"},
				"east":{"uv":[13,10,15,12],"texture":"#0"},
				"south":{"uv":[13,10,14,12],"texture":"#0"},
				"west":{"uv":[15,10,13,12],"texture":"#0"},
				"up":{"uv":[13,10,15,11],"rotation":270,"texture":"#0"},
				"down":{"uv":[13,11,14,12],"rotation":90,"texture":"#0"}
			}
		},
		{
			"from":[13.5,3,7.5],
			"to":[14.5,6,8.5],
			"rotation":{"angle":-45,"axis":"y","origin":[8,8,8]},
			"faces":{
				"north":{"uv":[14,10,15,13],"texture":"#0"},
				"east":{"uv":[14,10,15,13],"texture":"#0"},
				"south":{"uv":[14,10,15,13],"texture":"#0"},
				"west":{"uv":[14,10,15,13],"texture":"#0"},
				"down":{"uv":[14,12,15,13],"texture":"#0"}
			}
		},
		{
			"from":[7.5,3,1.5],
			"to":[8.5,6,2.5],
			"rotation":{"angle":-45,"axis":"y","origin":[8,8,8]},
			"faces":{
				"north":{"uv":[14,10,15,13],"texture":"#0"},
				"east":{"uv":[14,10,15,13],"texture":"#0"},
				"south":{"uv":[14,10,15,13],"texture":"#0"},
				"west":{"uv":[14,10,15,13],"texture":"#0"},
				"down":{"uv":[14,12,15,13],"rotation":90,"texture":"#0"}
			}
		},
		{
			"from":[10.5,6,7],
			"to":[12.5,7,9],
			"rotation":{"angle":-45,"axis":"y","origin":[8,8,8]},
			"faces":{
				"north":{"uv":[13,9,11,10],"texture":"#0"},
				"east":{"uv":[12,9,13,10],"texture":"#0"},
				"south":{"uv":[11,9,13,10],"texture":"#0"},
				"west":{"uv":[11,9,12,10],"texture":"#0"},
				"up":{"uv":[11,9,13,10],"texture":"#0"},
				"down":{"uv":[11,9,13,10],"texture":"#0"}
			}
		},
		{
			"from":[7,6,3.5],
			"to":[9,7,5.5],
			"rotation":{"angle":-45,"axis":"y","origin":[8,8,8]},
			"faces":{
				"north":{"uv":[12,9,13,10],"texture":"#0"},
				"east":{"uv":[11,9,13,10],"texture":"#0"},
				"south":{"uv":[11,9,12,10],"texture":"#0"},
				"west":{"uv":[13,9,11,10],"texture":"#0"},
				"up":{"uv":[11,9,13,10],"rotation":270,"texture":"#0"},
				"down":{"uv":[11,9,13,10],"rotation":90,"texture":"#0"}
			}
		},
		{
			"from":[8.5,9,7.5],
			"to":[10.5,11,8.5],
			"rotation":{"angle":-45,"axis":"y","origin":[8,8,8]},
			"faces":{
				"north":{"uv":[11,5,9,7],"texture":"#0"},
				"east":{"uv":[10,5,11,7],"texture":"#0"},
				"south":{"uv":[9,5,11,7],"texture":"#0"},
				"down":{"uv":[9,6,11,7],"texture":"#0"}
			}
		},
		{
			"from":[7.5,9,5.5],
			"to":[8.5,11,7.5],
			"rotation":{"angle":-45,"axis":"y","origin":[8,8,8]},
			"faces":{
				"north":{"uv":[10,5,11,7],"texture":"#0"},
				"east":{"uv":[9,5,11,7],"texture":"#0"},
				"west":{"uv":[11,5,9,7],"texture":"#0"},
				"down":{"uv":[9,6,11,7],"rotation":90,"texture":"#0"}
			}
		},
		{
			"from":[9.5,10,7.5],
			"to":[13.5,13,8.5],
			"rotation":{"angle":-45,"axis":"y","origin":[8,8,8]},
			"faces":{
				"north":{"uv":[14,3,10,6],"texture":"#0"},
				"east":{"uv":[13,3,14,6],"texture":"#0"},
				"south":{"uv":[10,3,14,6],"texture":"#0"},
				"west":{"uv":[10,3,11,6],"texture":"#0"},
				"up":{"uv":[10,3,14,4],"texture":"#0"},
				"down":{"uv":[10,5,14,6],"texture":"#0"}
			}
		},
		{
			"from":[7.5,10,2.5],
			"to":[8.5,13,6.5],
			"rotation":{"angle":-45,"axis":"y","origin":[8,8,8]},
			"faces":{
				"north":{"uv":[13,3,14,6],"texture":"#0"},
				"east":{"uv":[10,3,14,6],"texture":"#0"},
				"south":{"uv":[10,3,11,6],"texture":"#0"},
				"west":{"uv":[14,3,10,6],"texture":"#0"},
				"up":{"uv":[10,3,14,4],"rotation":270,"texture":"#0"},
				"down":{"uv":[10,5,14,6],"rotation":90,"texture":"#0"}
			}
		},
		{
			"from":[8.5,9,7],
			"to":[9.5,10,9],
			"rotation":{"angle":-45,"axis":"y","origin":[8,8,8]},
			"faces":{
				"north":{"uv":[9,6,10,7],"texture":"#0"},
				"east":{"uv":[9,6,10,7],"texture":"#0"},
				"south":{"uv":[9,6,10,7],"texture":"#0"},
				"up":{"uv":[9,6,10,7],"texture":"#0"},
				"down":{"uv":[9,6,10,7],"texture":"#0"}
			}
		},
		{
			"from":[7,9,6.5],
			"to":[9,10,7.5],
			"rotation":{"angle":-45,"axis":"y","origin":[8,8,8]},
			"faces":{
				"north":{"uv":[9,6,10,7],"texture":"#0"},
				"east":{"uv":[9,6,10,7],"texture":"#0"},
				"west":{"uv":[9,6,10,7],"texture":"#0"},
				"up":{"uv":[9,6,10,7],"rotation":270,"texture":"#0"},
				"down":{"uv":[9,6,10,7],"rotation":90,"texture":"#0"}
			}
		},
		{
			"from":[9.5,10,7],
			"to":[10.5,11,9],
			"rotation":{"angle":-45,"axis":"y","origin":[8,8,8]},
			"faces":{
				"north":{"uv":[10,5,11,6],"texture":"#0"},
				"east":{"uv":[10,5,11,6],"texture":"#0"},
				"south":{"uv":[10,5,11,6],"texture":"#0"},
				"west":{"uv":[10,5,11,6],"texture":"#0"},
				"up":{"uv":[10,5,11,6],"texture":"#0"},
				"down":{"uv":[10,5,11,6],"texture":"#0"}
			}
		},
		{
			"from":[7,10,5.5],
			"to":[9,11,6.5],
			"rotation":{"angle":-45,"axis":"y","origin":[8,8,8]},
			"faces":{
				"north":{"uv":[10,5,11,6],"texture":"#0"},
				"east":{"uv":[10,5,11,6],"texture":"#0"},
				"south":{"uv":[10,5,11,6],"texture":"#0"},
				"west":{"uv":[10,5,11,6],"texture":"#0"},
				"up":{"uv":[10,5,11,6],"rotation":270,"texture":"#0"},
				"down":{"uv":[10,5,11,6],"rotation":90,"texture":"#0"}
			}
		},
		{
			"from":[10.5,11,7],
			"to":[12.5,12,9],
			"rotation":{"angle":-45,"axis":"y","origin":[8,8,8]},
			"faces":{
				"north":{"uv":[13,4,11,5],"texture":"#0"},
				"east":{"uv":[12,4,13,5],"texture":"#0"},
				"south":{"uv":[11,4,13,5],"texture":"#0"},
				"west":{"uv":[11,4,12,5],"texture":"#0"},
				"up":{"uv":[11,4,13,5],"texture":"#0"},
				"down":{"uv":[11,4,13,5],"texture":"#0"}
			}
		},
		{
			"from":[7,11,3.5],
			"to":[9,12,5.5],
			"rotation":{"angle":-45,"axis":"y","origin":[8,8,8]},
			"faces":{
				"north":{"uv":[12,4,13,5],"texture":"#0"},
				"east":{"uv":[11,4,13,5],"texture":"#0"},
				"south":{"uv":[11,4,12,5],"texture":"#0"},
				"west":{"uv":[13,4,11,5],"texture":"#0"},
				"up":{"uv":[11,4,13,5],"rotation":270,"texture":"#0"},
				"down":{"uv":[11,4,13,5],"rotation":90,"texture":"#0"}
			}
		},
		{
			"from":[11.5,9,6.5],
			"to":[13.5,11,9.5],
			"rotation":{"angle":-45,"axis":"y","origin":[8,8,8]},
			"faces":{
				"north":{"uv":[14,5,12,7],"texture":"#0"},
				"east":{"uv":[13,5,14,7],"texture":"#0"},
				"south":{"uv":[12,5,14,7],"texture":"#0"},
				"west":{"uv":[12,5,13,7],"texture":"#0"},
				"up":{"uv":[12,5,14,6],"texture":"#0"},
				"down":{"uv":[12,6,14,7],"texture":"#0"}
			}
		},
		{
			"from":[6.5,9,2.5],
			"to":[9.5,11,4.5],
			"rotation":{"angle":-45,"axis":"y","origin":[8,8,8]},
			"faces":{
				"north":{"uv":[13,5,14,7],"texture":"#0"},
				"east":{"uv":[12,5,14,7],"texture":"#0"},
				"south":{"uv":[12,5,13,7],"texture":"#0"},
				"west":{"uv":[14,5,12,7],"texture":"#0"},
				"up":{"uv":[12,5,14,6],"rotation":270,"texture":"#0"},
				"down":{"uv":[12,6,14,7],"rotation":90,"texture":"#0"}
			}
		},
		{
			"from":[12.5,8,7.5],
			"to":[14.5,10,8.5],
			"rotation":{"angle":-45,"axis":"y","origin":[8,8,8]},
			"faces":{
				"north":{"uv":[15,6,13,8],"texture":"#0"},
				"east":{"uv":[14,6,15,8],"texture":"#0"},
				"south":{"uv":[13,6,15,8],"texture":"#0"},
				"west":{"uv":[13,6,14,8],"texture":"#0"},
				"up":{"uv":[13,6,15,7],"texture":"#0"},
				"down":{"uv":[12,6,14,7],"texture":"#0"}
			}
		},
		{
			"from":[7.5,8,1.5],
			"to":[8.5,10,3.5],
			"rotation":{"angle":-45,"axis":"y","origin":[8,8,8]},
			"faces":{
				"north":{"uv":[14,6,15,8],"texture":"#0"},
				"east":{"uv":[13,6,15,8],"texture":"#0"},
				"south":{"uv":[13,6,14,8],"texture":"#0"},
				"west":{"uv":[15,6,13,8],"texture":"#0"},
				"up":{"uv":[13,6,15,7],"rotation":270,"texture":"#0"},
				"down":{"uv":[12,6,14,7],"rotation":90,"texture":"#0"}
			}
		},
		{
			"from":[9.5,13,7.5],
			"to":[10.5,14,8.5],
			"rotation":{"angle":-45,"axis":"y","origin":[8,8,8]},
			"faces":{
				"north":{"uv":[10,2,11,3],"texture":"#0"},
				"south":{"uv":[10,2,11,3],"texture":"#0"},
				"west":{"uv":[10,2,11,3],"texture":"#0"},
				"up":{"uv":[10,2,11,3],"texture":"#0"}
			}
		},
		{
			"from":[7.5,13,5.5],
			"to":[8.5,14,6.5],
			"rotation":{"angle":-45,"axis":"y","origin":[8,8,8]},
			"faces":{
				"east":{"uv":[10,2,11,3],"texture":"#0"},
				"south":{"uv":[10,2,11,3],"texture":"#0"},
				"west":{"uv":[10,2,11,3],"texture":"#0"},
				"up":{"uv":[10,2,11,3],"rotation":270,"texture":"#0"}
			}
		},
		{
			"from":[10.5,13,7.5],
			"to":[11.5,15,8.5],
			"rotation":{"angle":-45,"axis":"y","origin":[8,8,8]},
			"faces":{
				"north":{"uv":[11,1,12,3],"texture":"#0"},
				"east":{"uv":[11,1,12,3],"texture":"#0"},
				"south":{"uv":[11,1,12,3],"texture":"#0"},
				"west":{"uv":[11,1,12,3],"texture":"#0"},
				"up":{"uv":[11,1,12,2],"texture":"#0"}
			}
		},
		{
			"from":[7.5,13,4.5],
			"to":[8.5,15,5.5],
			"rotation":{"angle":-45,"axis":"y","origin":[8,8,8]},
			"faces":{
				"north":{"uv":[11,1,12,3],"texture":"#0"},
				"east":{"uv":[11,1,12,3],"texture":"#0"},
				"south":{"uv":[11,1,12,3],"texture":"#0"},
				"west":{"uv":[11,1,12,3],"texture":"#0"},
				"up":{"uv":[11,1,12,2],"rotation":270,"texture":"#0"}
			}
		},
		{
			"from":[7.5,10,7.5],
			"to":[8.5,12,8.5],
			"rotation":{"angle":-45,"axis":"y","origin":[8,8,8]},
			"faces":{
				"south":{"uv":[8,4,9,6],"texture":"#0"},
				"west":{"uv":[8,4,9,6],"texture":"#0"},
				"up":{"uv":[8,4,9,5],"texture":"#0"}
			}
		},
		{
			"from":[8.5,11,7],
			"to":[9.5,12,9],
			"rotation":{"angle":-45,"axis":"y","origin":[8,8,8]},
			"faces":{
				"north":{"uv":[9,4,10,5],"texture":"#0"},
				"east":{"uv":[9,4,10,5],"texture":"#0"},
				"south":{"uv":[9,4,10,5],"texture":"#0"},
				"west":{"uv":[9,4,10,5],"texture":"#0"},
				"up":{"uv":[9,4,10,5],"texture":"#0"},
				"down":{"uv":[9,4,10,5],"texture":"#0"}
			}
		},
		{
			"from":[7,11,6.5],
			"to":[9,12,7.5],
			"rotation":{"angle":-45,"axis":"y","origin":[8,8,8]},
			"faces":{
				"north":{"uv":[9,4,10,5],"texture":"#0"},
				"east":{"uv":[9,4,10,5],"texture":"#0"},
				"south":{"uv":[9,4,10,5],"texture":"#0"},
				"west":{"uv":[9,4,10,5],"texture":"#0"},
				"up":{"uv":[9,4,10,5],"rotation":270,"texture":"#0"},
				"down":{"uv":[9,4,10,5],"rotation":90,"texture":"#0"}
			}
		},
		{
			"from":[4.5,2,7],
			"to":[6.5,4,9],
			"rotation":{"angle":-45,"axis":"y","origin":[8,8,8]},
			"faces":{
				"north":{"uv":[5,12,7,14],"texture":"#0"},
				"east":{"uv":[7,12,5,14],"texture":"#0"},
				"south":{"uv":[5,12,7,14],"texture":"#0"},
				"west":{"uv":[7,12,5,14],"texture":"#0"},
				"up":{"uv":[7,12,5,14],"texture":"#0"},
				"down":{"uv":[7,12,5,14],"texture":"#0"}
			}
		},
		{
			"from":[7,2,9.5],
			"to":[9,4,11.5],
			"rotation":{"angle":-45,"axis":"y","origin":[8,8,8]},
			"faces":{
				"north":{"uv":[7,12,5,14],"texture":"#0"},
				"east":{"uv":[5,12,7,14],"texture":"#0"},
				"south":{"uv":[7,12,5,14],"texture":"#0"},
				"west":{"uv":[5,12,7,14],"texture":"#0"},
				"up":{"uv":[7,12,5,14],"rotation":270,"texture":"#0"},
				"down":{"uv":[7,12,5,14],"rotation":90,"texture":"#0"}
			}
		},
		{
			"from":[5.5,4,7.5],
			"to":[6.5,13,8.5],
			"rotation":{"angle":-45,"axis":"y","origin":[8,8,8]},
			"faces":{
				"north":{"uv":[6,3,7,12],"texture":"#0"},
				"east":{"uv":[6,3,7,12],"texture":"#0"},
				"south":{"uv":[6,3,7,12],"texture":"#0"},
				"west":{"uv":[6,3,7,12],"texture":"#0"},
				"up":{"uv":[6,3,7,4],"texture":"#0"}
			}
		},
		{
			"from":[7.5,4,9.5],
			"to":[8.5,13,10.5],
			"rotation":{"angle":-45,"axis":"y","origin":[8,8,8]},
			"faces":{
				"north":{"uv":[6,3,7,12],"texture":"#0"},
				"east":{"uv":[6,3,7,12],"texture":"#0"},
				"south":{"uv":[6,3,7,12],"texture":"#0"},
				"west":{"uv":[6,3,7,12],"texture":"#0"},
				"up":{"uv":[6,3,7,4],"rotation":270,"texture":"#0"}
			}
		},
		{
			"from":[4.5,4,7.5],
			"to":[5.5,8,8.5],
			"rotation":{"angle":-45,"axis":"y","origin":[8,8,8]},
			"faces":{
				"north":{"uv":[5,8,6,12],"texture":"#0"},
				"south":{"uv":[5,8,6,12],"texture":"#0"},
				"west":{"uv":[5,8,6,12],"texture":"#0"},
				"up":{"uv":[5,8,6,9],"texture":"#0"}
			}
		},
		{
			"from":[7.5,4,10.5],
			"to":[8.5,8,11.5],
			"rotation":{"angle":-45,"axis":"y","origin":[8,8,8]},
			"faces":{
				"east":{"uv":[5,8,6,12],"texture":"#0"},
				"south":{"uv":[5,8,6,12],"texture":"#0"},
				"west":{"uv":[5,8,6,12],"texture":"#0"},
				"up":{"uv":[5,8,6,9],"rotation":270,"texture":"#0"}
			}
		},
		{
			"from":[2.5,5,7.5],
			"to":[4.5,7,8.5],
			"rotation":{"angle":-45,"axis":"y","origin":[8,8,8]},
			"faces":{
				"north":{"uv":[5,9,3,11],"texture":"#0"},
				"south":{"uv":[3,9,5,11],"texture":"#0"},
				"west":{"uv":[3,9,4,11],"texture":"#0"},
				"up":{"uv":[3,9,5,10],"texture":"#0"}
			}
		},
		{
			"from":[7.5,5,11.5],
			"to":[8.5,7,13.5],
			"rotation":{"angle":-45,"axis":"y","origin":[8,8,8]},
			"faces":{
				"east":{"uv":[3,9,5,11],"texture":"#0"},
				"south":{"uv":[3,9,4,11],"texture":"#0"},
				"west":{"uv":[5,9,3,11],"texture":"#0"},
				"up":{"uv":[3,9,5,10],"rotation":270,"texture":"#0"}
			}
		},
		{
			"from":[1.5,5,7.5],
			"to":[2.5,6,8.5],
			"rotation":{"angle":-45,"axis":"y","origin":[8,8,8]},
			"faces":{
				"north":{"uv":[2,10,3,11],"texture":"#0"},
				"south":{"uv":[2,10,3,11],"texture":"#0"},
				"west":{"uv":[2,10,3,11],"texture":"#0"},
				"up":{"uv":[2,10,3,11],"texture":"#0"}
			}
		},
		{
			"from":[7.5,5,13.5],
			"to":[8.5,6,14.5],
			"rotation":{"angle":-45,"axis":"y","origin":[8,8,8]},
			"faces":{
				"east":{"uv":[2,10,3,11],"texture":"#0"},
				"south":{"uv":[2,10,3,11],"texture":"#0"},
				"west":{"uv":[2,10,3,11],"texture":"#0"},
				"up":{"uv":[2,10,3,11],"rotation":270,"texture":"#0"}
			}
		},
		{
			"from":[0.5,4,7.5],
			"to":[3.5,5,8.5],
			"rotation":{"angle":-45,"axis":"y","origin":[8,8,8]},
			"faces":{
				"north":{"uv":[1,11,2,12],"texture":"#0"},
				"east":{"uv":[1,11,2,12],"texture":"#0"},
				"south":{"uv":[1,11,2,12],"texture":"#0"},
				"west":{"uv":[1,11,2,12],"texture":"#0"},
				"up":{"uv":[1,11,2,12],"texture":"#0"},
				"down":{"uv":[1,11,2,12],"texture":"#0"}
			}
		},
		{
			"from":[7.5,4,12.5],
			"to":[8.5,5,15.5],
			"rotation":{"angle":-45,"axis":"y","origin":[8,8,8]},
			"faces":{
				"north":{"uv":[1,11,2,12],"texture":"#0"},
				"east":{"uv":[1,11,2,12],"texture":"#0"},
				"south":{"uv":[1,11,2,12],"texture":"#0"},
				"west":{"uv":[1,11,2,12],"texture":"#0"},
				"up":{"uv":[1,11,2,12],"rotation":270,"texture":"#0"},
				"down":{"uv":[1,11,2,12],"rotation":90,"texture":"#0"}
			}
		},
		{
			"from":[2.5,5,6.5],
			"to":[4.5,6,9.5],
			"rotation":{"angle":-45,"axis":"y","origin":[8,8,8]},
			"faces":{
				"north":{"uv":[3,10,5,11],"texture":"#0"},
				"east":{"uv":[3,10,5,11],"texture":"#0"},
				"south":{"uv":[3,10,5,11],"texture":"#0"},
				"west":{"uv":[3,10,5,11],"texture":"#0"},
				"up":{"uv":[3,10,5,11],"texture":"#0"},
				"down":{"uv":[3,10,5,11],"texture":"#0"}
			}
		},
		{
			"from":[6.5,5,11.5],
			"to":[9.5,6,13.5],
			"rotation":{"angle":-45,"axis":"y","origin":[8,8,8]},
			"faces":{
				"north":{"uv":[3,10,5,11],"texture":"#0"},
				"east":{"uv":[3,10,5,11],"texture":"#0"},
				"south":{"uv":[3,10,5,11],"texture":"#0"},
				"west":{"uv":[3,10,5,11],"texture":"#0"},
				"up":{"uv":[3,10,5,11],"rotation":270,"texture":"#0"},
				"down":{"uv":[3,10,5,11],"rotation":90,"texture":"#0"}
			}
		},
		{
			"from":[4.5,5,7],
			"to":[6.5,6,9],
			"rotation":{"angle":-45,"axis":"y","origin":[8,8,8]},
			"faces":{
				"north":{"uv":[7,10,5,11],"texture":"#0"},
				"south":{"uv":[5,10,7,11],"texture":"#0"},
				"up":{"uv":[5,10,7,11],"texture":"#0"},
				"down":{"uv":[5,10,7,11],"texture":"#0"}
			}
		},
		{
			"from":[7,5,9.5],
			"to":[9,6,11.5],
			"rotation":{"angle":-45,"axis":"y","origin":[8,8,8]},
			"faces":{
				"east":{"uv":[5,10,7,11],"texture":"#0"},
				"west":{"uv":[7,10,5,11],"texture":"#0"},
				"up":{"uv":[5,10,7,11],"rotation":270,"texture":"#0"},
				"down":{"uv":[5,10,7,11],"rotation":90,"texture":"#0"}
			}
		},
		{
			"from":[5.5,6,6.5],
			"to":[7.5,7,9.5],
			"rotation":{"angle":-45,"axis":"y","origin":[8,8,8]},
			"faces":{
				"north":{"uv":[8,9,6,10],"texture":"#0"},
				"south":{"uv":[6,9,8,10],"texture":"#0"},
				"west":{"uv":[6,9,7,10],"texture":"#0"},
				"up":{"uv":[6,9,8,10],"texture":"#0"},
				"down":{"uv":[6,9,8,10],"texture":"#0"}
			}
		},
		{
			"from":[6.5,6,8.5],
			"to":[9.5,7,10.5],
			"rotation":{"angle":-45,"axis":"y","origin":[8,8,8]},
			"faces":{
				"east":{"uv":[6,9,8,10],"texture":"#0"},
				"south":{"uv":[6,9,7,10],"texture":"#0"},
				"west":{"uv":[8,9,6,10],"texture":"#0"},
				"up":{"uv":[6,9,8,10],"rotation":270,"texture":"#0"},
				"down":{"uv":[6,9,8,10],"rotation":90,"texture":"#0"}
			}
		},
		{
			"from":[6.5,8,7],
			"to":[7.5,9,9],
			"rotation":{"angle":-45,"axis":"y","origin":[8,8,8]},
			"faces":{
				"north":{"uv":[7,7,8,8],"texture":"#0"},
				"south":{"uv":[7,7,8,8],"texture":"#0"},
				"west":{"uv":[7,7,8,8],"texture":"#0"},
				"up":{"uv":[7,7,8,8],"texture":"#0"},
				"down":{"uv":[7,7,8,8],"texture":"#0"}
			}
		},
		{
			"from":[7,8,8.5],
			"to":[9,9,9.5],
			"rotation":{"angle":-45,"axis":"y","origin":[8,8,8]},
			"faces":{
				"east":{"uv":[7,7,8,8],"texture":"#0"},
				"south":{"uv":[7,7,8,8],"texture":"#0"},
				"west":{"uv":[7,7,8,8],"texture":"#0"},
				"up":{"uv":[7,7,8,8],"rotation":270,"texture":"#0"},
				"down":{"uv":[7,7,8,8],"rotation":90,"texture":"#0"}
			}
		},
		{
			"from":[5.5,9,7],
			"to":[6.5,10,9],
			"rotation":{"angle":-45,"axis":"y","origin":[8,8,8]},
			"faces":{
				"north":{"uv":[6,6,7,7],"texture":"#0"},
				"east":{"uv":[6,6,7,7],"texture":"#0"},
				"south":{"uv":[6,6,7,7],"texture":"#0"},
				"west":{"uv":[6,6,7,7],"texture":"#0"},
				"up":{"uv":[6,6,7,7],"texture":"#0"},
				"down":{"uv":[6,6,7,7],"texture":"#0"}
			}
		},
		{
			"from":[7,9,9.5],
			"to":[9,10,10.5],
			"rotation":{"angle":-45,"axis":"y","origin":[8,8,8]},
			"faces":{
				"north":{"uv":[6,6,7,7],"texture":"#0"},
				"east":{"uv":[6,6,7,7],"texture":"#0"},
				"south":{"uv":[6,6,7,7],"texture":"#0"},
				"west":{"uv":[6,6,7,7],"texture":"#0"},
				"up":{"uv":[6,6,7,7],"rotation":270,"texture":"#0"},
				"down":{"uv":[6,6,7,7],"rotation":90,"texture":"#0"}
			}
		},
		{
			"from":[4.5,11,7.5],
			"to":[5.5,12,8.5],
			"rotation":{"angle":-45,"axis":"y","origin":[8,8,8]},
			"faces":{
				"north":{"uv":[4,4,5,5],"texture":"#0"},
				"south":{"uv":[4,4,5,5],"texture":"#0"},
				"up":{"uv":[4,4,5,5],"texture":"#0"}
			}
		},
		{
			"from":[7.5,11,10.5],
			"to":[8.5,12,11.5],
			"rotation":{"angle":-45,"axis":"y","origin":[8,8,8]},
			"faces":{
				"east":{"uv":[4,4,5,5],"texture":"#0"},
				"west":{"uv":[4,4,5,5],"texture":"#0"},
				"up":{"uv":[4,4,5,5],"rotation":270,"texture":"#0"}
			}
		},
		{
			"from":[3.5,11,7.5],
			"to":[4.5,13,8.5],
			"rotation":{"angle":-45,"axis":"y","origin":[8,8,8]},
			"faces":{
				"north":{"uv":[4,3,5,5],"texture":"#0"},
				"east":{"uv":[4,3,5,5],"texture":"#0"},
				"south":{"uv":[4,3,5,5],"texture":"#0"},
				"west":{"uv":[4,3,5,5],"texture":"#0"},
				"up":{"uv":[4,3,5,4],"texture":"#0"}
			}
		},
		{
			"from":[7.5,11,11.5],
			"to":[8.5,13,12.5],
			"rotation":{"angle":-45,"axis":"y","origin":[8,8,8]},
			"faces":{
				"north":{"uv":[4,3,5,5],"texture":"#0"},
				"east":{"uv":[4,3,5,5],"texture":"#0"},
				"south":{"uv":[4,3,5,5],"texture":"#0"},
				"west":{"uv":[4,3,5,5],"texture":"#0"},
				"up":{"uv":[4,3,5,4],"rotation":270,"texture":"#0"}
			}
		},
		{
			"from":[1.5,10,7.5],
			"to":[5.5,11,8.5],
			"rotation":{"angle":-45,"axis":"y","origin":[8,8,8]},
			"faces":{
				"north":{"uv":[6,5,2,6],"texture":"#0"},
				"south":{"uv":[2,5,6,6],"texture":"#0"},
				"west":{"uv":[2,5,3,6],"texture":"#0"},
				"up":{"uv":[2,5,6,6],"texture":"#0"},
				"down":{"uv":[2,5,6,6],"texture":"#0"}
			}
		},
		{
			"from":[7.5,10,10.5],
			"to":[8.5,11,14.5],
			"rotation":{"angle":-45,"axis":"y","origin":[8,8,8]},
			"faces":{
				"east":{"uv":[2,5,6,6],"texture":"#0"},
				"south":{"uv":[2,5,3,6],"texture":"#0"},
				"west":{"uv":[6,5,2,6],"texture":"#0"},
				"up":{"uv":[2,5,6,6],"rotation":270,"texture":"#0"},
				"down":{"uv":[2,5,6,6],"rotation":90,"texture":"#0"}
			}
		},
		{
			"from":[2.5,9,7.5],
			"to":[5.5,10,8.5],
			"rotation":{"angle":-45,"axis":"y","origin":[8,8,8]},
			"faces":{
				"north":{"uv":[6,6,3,7],"texture":"#0"},
				"south":{"uv":[3,6,6,7],"texture":"#0"},
				"west":{"uv":[3,6,4,7],"texture":"#0"},
				"down":{"uv":[3,6,6,7],"texture":"#0"}
			}
		},
		{
			"from":[7.5,9,10.5],
			"to":[8.5,10,13.5],
			"rotation":{"angle":-45,"axis":"y","origin":[8,8,8]},
			"faces":{
				"east":{"uv":[3,6,6,7],"texture":"#0"},
				"south":{"uv":[3,6,4,7],"texture":"#0"},
				"west":{"uv":[6,6,3,7],"texture":"#0"},
				"down":{"uv":[3,6,6,7],"rotation":90,"texture":"#0"}
			}
		},
		{
			"from":[3.5,10,6.5],
			"to":[5.5,11,9.5],
			"rotation":{"angle":-45,"axis":"y","origin":[8,8,8]},
			"faces":{
				"north":{"uv":[6,5,4,6],"texture":"#0"},
				"east":{"uv":[5,5,6,6],"texture":"#0"},
				"south":{"uv":[4,5,6,6],"texture":"#0"},
				"west":{"uv":[4,5,5,6],"texture":"#0"},
				"up":{"uv":[4,5,6,6],"texture":"#0"},
				"down":{"uv":[4,5,6,6],"texture":"#0"}
			}
		},
		{
			"from":[6.5,10,10.5],
			"to":[9.5,11,12.5],
			"rotation":{"angle":-45,"axis":"y","origin":[8,8,8]},
			"faces":{
				"north":{"uv":[5,5,6,6],"texture":"#0"},
				"east":{"uv":[4,5,6,6],"texture":"#0"},
				"south":{"uv":[4,5,5,6],"texture":"#0"},
				"west":{"uv":[6,5,4,6],"texture":"#0"},
				"up":{"uv":[4,5,6,6],"rotation":270,"texture":"#0"},
				"down":{"uv":[4,5,6,6],"rotation":90,"texture":"#0"}
			}
		}
	]
}