{
	"__comment":"Designed by GeForceLegend",
	"ambientocclusion":false,
	"textures":{
		"cross":"block/oxeye_daisy",
		"particle":"block/oxeye_daisy"
	},
	"elements":[
		{
			"from":[7.5,0,7.5],
			"to":[8.5,7,8.5],
			"rotation":{"angle":-45,"axis":"y","origin":[8,4.5,8]},
			"faces":{
				"north":{"uv":[7,9,8,16],"texture":"#cross"},
				"east":{"uv":[7,9,8,16],"texture":"#cross"},
				"south":{"uv":[7,9,8,16],"texture":"#cross"},
				"west":{"uv":[7,9,8,16],"texture":"#cross"},
				"down":{"uv":[7,15,8,16],"texture":"#cross","cullface":"down"}
			}
		},
		{
			"from":[7.5,7,7.5],
			"to":[8.5,10,8.5],
			"rotation":{"angle":-45,"axis":"y","origin":[8,4.5,8]},
			"faces":{
				"north":{"uv":[7,12,8,15],"texture":"#cross"},
				"east":{"uv":[7,12,8,15],"texture":"#cross"},
				"south":{"uv":[7,12,8,15],"texture":"#cross"},
				"west":{"uv":[7,12,8,15],"texture":"#cross"},
				"up":{"uv":[7,12,8,13],"texture":"#cross"}
			}
		},
		{
			"from":[6.5,1,7.5],
			"to":[7.5,3,8.5],
			"rotation":{"angle":-45,"axis":"y","origin":[8,4.5,8]},
			"faces":{
				"north":{"uv":[8,13,9,15],"texture":"#cross"},
				"south":{"uv":[8,13,9,15],"texture":"#cross"},
				"west":{"uv":[8,13,9,15],"texture":"#cross"},
				"up":{"uv":[8,13,9,15],"texture":"#cross"},
				"down":{"uv":[8,13,9,15],"texture":"#cross"}
			}
		},
		{
			"from":[6.5,6,7.5],
			"to":[7.5,7,8.5],
			"rotation":{"angle":-45,"axis":"y","origin":[8,4.5,8]},
			"faces":{
				"north":{"uv":[8,9,9,10],"texture":"#cross"},
				"south":{"uv":[8,9,9,10],"texture":"#cross"},
				"west":{"uv":[8,9,9,10],"texture":"#cross"},
				"up":{"uv":[8,9,9,10],"texture":"#cross"},
				"down":{"uv":[8,9,9,10],"texture":"#cross"}
			}
		},
		{
			"from":[8.5,6,7.5],
			"to":[9.5,7,8.5],
			"rotation":{"angle":-45,"axis":"y","origin":[8,4.5,8]},
			"faces":{
				"north":{"uv":[8,9,9,10],"texture":"#cross"},
				"east":{"uv":[8,9,9,10],"texture":"#cross"},
				"south":{"uv":[8,9,9,10],"texture":"#cross"},
				"up":{"uv":[8,9,9,10],"texture":"#cross"},
				"down":{"uv":[8,9,9,10],"texture":"#cross"}
			}
		},
		{
			"from":[5.5,3,7.5],
			"to":[6.5,4,8.5],
			"rotation":{"angle":-45,"axis":"y","origin":[8,4.5,8]},
			"faces":{
				"north":{"uv":[9,12,10,13],"texture":"#cross"},
				"east":{"uv":[9,12,10,13],"texture":"#cross"},
				"south":{"uv":[9,12,10,13],"texture":"#cross"},
				"west":{"uv":[9,12,10,13],"texture":"#cross"},
				"up":{"uv":[9,12,10,13],"texture":"#cross"},
				"down":{"uv":[9,12,10,13],"texture":"#cross"}
			}
		},
		{
			"from":[8.5,1,7.5],
			"to":[9.5,3,8.5],
			"rotation":{"angle":-45,"axis":"y","origin":[8,4.5,8]},
			"faces":{
				"north":{"uv":[8,13,9,15],"texture":"#cross"},
				"east":{"uv":[8,13,9,15],"texture":"#cross"},
				"south":{"uv":[8,13,9,15],"texture":"#cross"},
				"up":{"uv":[8,13,9,15],"texture":"#cross"},
				"down":{"uv":[8,13,9,15],"texture":"#cross"}
			}
		},
		{
			"from":[9.5,3,7.5],
			"to":[10.5,4,8.5],
			"rotation":{"angle":-45,"axis":"y","origin":[8,4.5,8]},
			"faces":{
				"north":{"uv":[9,12,10,13],"texture":"#cross"},
				"east":{"uv":[9,12,10,13],"texture":"#cross"},
				"south":{"uv":[9,12,10,13],"texture":"#cross"},
				"west":{"uv":[9,12,10,13],"texture":"#cross"},
				"up":{"uv":[9,12,10,13],"texture":"#cross"},
				"down":{"uv":[9,12,10,13],"texture":"#cross"}
			}
		},
		{
			"from":[7.5,4,5.5],
			"to":[8.5,5,7.5],
			"rotation":{"angle":-45,"axis":"y","origin":[8,4.5,8]},
			"faces":{
				"north":{"uv":[5,11,6,12],"texture":"#cross"},
				"east":{"uv":[7,11,5,12],"texture":"#cross"},
				"west":{"uv":[5,11,7,12],"texture":"#cross"},
				"up":{"uv":[7,11,5,12],"rotation":270,"texture":"#cross"},
				"down":{"uv":[5,11,6,12],"rotation":90,"texture":"#cross"}
			}
		},
		{
			"from":[7.5,3,8.5],
			"to":[8.5,4,9.5],
			"rotation":{"angle":-45,"axis":"y","origin":[8,4.5,8]},
			"faces":{
				"east":{"uv":[6,12,7,13],"texture":"#cross"},
				"south":{"uv":[6,12,7,13],"texture":"#cross"},
				"west":{"uv":[6,12,7,13],"texture":"#cross"},
				"down":{"uv":[6,12,7,13],"texture":"#cross"}
			}
		},
		{
			"from":[7.5,4,8.5],
			"to":[8.5,5,10.5],
			"rotation":{"angle":-45,"axis":"y","origin":[8,4.5,8]},
			"faces":{
				"east":{"uv":[5,11,7,12],"texture":"#cross"},
				"south":{"uv":[5,11,6,12],"texture":"#cross"},
				"west":{"uv":[7,11,5,12],"texture":"#cross"},
				"up":{"uv":[5,11,7,12],"rotation":270,"texture":"#cross"},
				"down":{"uv":[5,11,6,12],"rotation":90,"texture":"#cross"}
			}
		},
		{
			"from":[7.5,3,6.5],
			"to":[8.5,4,7.5],
			"rotation":{"angle":-45,"axis":"y","origin":[8,4.5,8]},
			"faces":{
				"north":{"uv":[6,12,7,13],"texture":"#cross"},
				"east":{"uv":[6,12,7,13],"texture":"#cross"},
				"west":{"uv":[6,12,7,13],"texture":"#cross"},
				"down":{"uv":[6,12,7,13],"texture":"#cross"}
			}
		},
		{
			"from":[5.5,7,8.5],
			"to":[10.5,12,9.5],
			"rotation":{"angle":-22.5,"axis":"x","origin":[8,9,8]},
			"faces":{
				"north":{"uv":[10,3,5,8],"texture":"#cross"},
				"east":{"uv":[9,3,10,8],"texture":"#cross"},
				"south":{"uv":[5,3,10,8],"texture":"#cross"},
				"west":{"uv":[5,3,6,8],"texture":"#cross"},
				"up":{"uv":[5,3,10,4],"texture":"#cross"},
				"down":{"uv":[5,7,10,8],"texture":"#cross"}
			}
		},
		{
			"from":[4.5,8,8.5],
			"to":[11.5,11,9.5],
			"rotation":{"angle":-22.5,"axis":"x","origin":[8,9,8]},
			"faces":{
				"north":{"uv":[11,4,4,7],"texture":"#cross"},
				"east":{"uv":[10,4,11,7],"texture":"#cross"},
				"south":{"uv":[4,4,11,7],"texture":"#cross"},
				"west":{"uv":[4,4,5,7],"texture":"#cross"},
				"up":{"uv":[4,4,11,5],"texture":"#cross"},
				"down":{"uv":[4,6,11,7],"texture":"#cross"}
			}
		},
		{
			"from":[6.5,6,8.5],
			"to":[9.5,13,9.5],
			"rotation":{"angle":-22.5,"axis":"x","origin":[8,9,8]},
			"faces":{
				"north":{"uv":[9,2,6,9],"texture":"#cross"},
				"east":{"uv":[8,2,9,9],"texture":"#cross"},
				"south":{"uv":[6,2,9,9],"texture":"#cross"},
				"west":{"uv":[6,2,7,9],"texture":"#cross"},
				"up":{"uv":[6,2,9,3],"texture":"#cross"},
				"down":{"uv":[6,8,9,9],"texture":"#cross"}
			}
		}
	]
}