{
	"__comment":"Designed by GeForceLegend",
	"ambientocclusion":false,
	"textures":{
		"0":"block/peony_bottom",
		"particle":"block/peony_bottom"
	},
	"elements":[
		{
			"from":[6.5,0,7.5],
			"to":[9.5,16,8.5],
			"rotation":{"angle":-45,"axis":"y","origin":[8,16,8]},
			"faces":{
				"north":{"uv":[9,0,6,16],"texture":"#0"},
				"east":{"uv":[8,0,9,16],"texture":"#0"},
				"south":{"uv":[6,0,9,16],"texture":"#0"},
				"west":{"uv":[6,0,7,16],"texture":"#0"},
				"down":{"uv":[6,15,9,16],"texture":"#0","cullface":"down"}
			}
		},
		{
			"from":[7.5,0,6.5],
			"to":[8.5,16,9.5],
			"rotation":{"angle":-45,"axis":"y","origin":[8,16,8]},
			"faces":{
				"north":{"uv":[6,0,7,16],"texture":"#0"},
				"east":{"uv":[9,0,6,16],"texture":"#0"},
				"south":{"uv":[8,0,9,16],"texture":"#0"},
				"west":{"uv":[6,0,9,16],"texture":"#0"},
				"down":{"uv":[6,15,9,16],"texture":"#0","cullface":"down"}
			}
		},
		{
			"from":[8.5,1,8.5],
			"to":[9.5,6,9.5],
			"rotation":{"angle":-45,"axis":"y","origin":[8,16,8]},
			"faces":{
				"east":{"uv":[9,10,10,15],"texture":"#0"},
				"south":{"uv":[9,10,10,15],"texture":"#0"},
				"up":{"uv":[9,10,10,11],"texture":"#0"},
				"down":{"uv":[9,14,10,15],"texture":"#0"}
			}
		},
		{
			"from":[7.5,3,9.5],
			"to":[8.5,4,10.5],
			"rotation":{"angle":-45,"axis":"y","origin":[8,16,8]},
			"faces":{
				"east":{"uv":[8,12,9,13],"texture":"#0"},
				"south":{"uv":[8,12,9,13],"texture":"#0"},
				"west":{"uv":[8,12,9,13],"texture":"#0"},
				"up":{"uv":[8,12,9,13],"texture":"#0"},
				"down":{"uv":[8,12,9,13],"texture":"#0"}
			}
		},
		{
			"from":[8.5,4,9.5],
			"to":[9.5,5,10.5],
			"rotation":{"angle":-45,"axis":"y","origin":[8,16,8]},
			"faces":{
				"east":{"uv":[9,11,10,12],"texture":"#0"},
				"south":{"uv":[9,11,10,12],"texture":"#0"},
				"west":{"uv":[9,11,10,12],"texture":"#0"},
				"up":{"uv":[9,11,10,12],"texture":"#0"},
				"down":{"uv":[9,11,10,12],"texture":"#0"}
			}
		},
		{
			"from":[9.5,4,8.5],
			"to":[10.5,5,9.5],
			"rotation":{"angle":-45,"axis":"y","origin":[8,16,8]},
			"faces":{
				"east":{"uv":[10,11,11,12],"texture":"#0"},
				"south":{"uv":[10,11,11,12],"texture":"#0"},
				"up":{"uv":[10,11,11,12],"texture":"#0"},
				"down":{"uv":[10,11,11,12],"texture":"#0"}
			}
		},
		{
			"from":[9.5,3,7.5],
			"to":[10.5,4,8.5],
			"rotation":{"angle":-45,"axis":"y","origin":[8,16,8]},
			"faces":{
				"north":{"uv":[10,12,11,13],"texture":"#0"},
				"east":{"uv":[10,12,11,13],"texture":"#0"},
				"south":{"uv":[10,12,11,13],"texture":"#0"},
				"down":{"uv":[10,12,11,13],"texture":"#0"}
			}
		},
		{
			"from":[8.5,2,9.5],
			"to":[9.5,3,10.5],
			"rotation":{"angle":-45,"axis":"y","origin":[8,16,8]},
			"faces":{
				"east":{"uv":[9,13,10,14],"texture":"#0"},
				"south":{"uv":[9,13,10,14],"texture":"#0"},
				"west":{"uv":[9,13,10,14],"texture":"#0"},
				"up":{"uv":[9,13,10,14],"texture":"#0"},
				"down":{"uv":[9,13,10,14],"texture":"#0"}
			}
		},
		{
			"from":[9.5,2,8.5],
			"to":[10.5,3,9.5],
			"rotation":{"angle":-45,"axis":"y","origin":[8,16,8]},
			"faces":{
				"north":{"uv":[10,13,11,14],"texture":"#0"},
				"east":{"uv":[10,13,11,14],"texture":"#0"},
				"south":{"uv":[10,13,11,14],"texture":"#0"},
				"up":{"uv":[10,13,11,14],"texture":"#0"},
				"down":{"uv":[10,13,11,14],"texture":"#0"}
			}
		},
		{
			"from":[5.5,2,7.5],
			"to":[6.5,4,8.5],
			"rotation":{"angle":-45,"axis":"y","origin":[8,16,8]},
			"faces":{
				"north":{"uv":[5,12,6,14],"texture":"#0"},
				"south":{"uv":[5,12,6,14],"texture":"#0"},
				"west":{"uv":[5,12,6,14],"texture":"#0"},
				"down":{"uv":[5,13,6,14],"texture":"#0"}
			}
		},
		{
			"from":[5.5,6,6.5],
			"to":[6.5,7,8.5],
			"rotation":{"angle":-45,"axis":"y","origin":[8,16,8]},
			"faces":{
				"north":{"uv":[4,9,5,10],"texture":"#0"},
				"east":{"uv":[6,9,4,10],"texture":"#0"},
				"south":{"uv":[5,9,6,10],"texture":"#0"},
				"west":{"uv":[4,9,6,10],"texture":"#0"},
				"up":{"uv":[4,9,6,10],"rotation":90,"texture":"#0"},
				"down":{"uv":[4,9,6,10],"rotation":270,"texture":"#0"}
			}
		},
		{
			"from":[5.5,4,6.5],
			"to":[6.5,5,8.5],
			"rotation":{"angle":-45,"axis":"y","origin":[8,16,8]},
			"faces":{
				"north":{"uv":[4,11,5,12],"texture":"#0"},
				"east":{"uv":[6,11,4,12],"texture":"#0"},
				"south":{"uv":[5,11,6,12],"texture":"#0"},
				"west":{"uv":[4,11,6,12],"texture":"#0"},
				"up":{"uv":[4,11,6,12],"rotation":90,"texture":"#0"},
				"down":{"uv":[4,11,6,12],"rotation":270,"texture":"#0"}
			}
		},
		{
			"from":[6.5,5,6.5],
			"to":[7.5,6,7.5],
			"rotation":{"angle":-45,"axis":"y","origin":[8,16,8]},
			"faces":{
				"north":{"uv":[4,10,5,11],"texture":"#0"},
				"west":{"uv":[4,10,5,11],"texture":"#0"},
				"up":{"uv":[4,10,5,11],"rotation":90,"texture":"#0"},
				"down":{"uv":[4,10,5,11],"rotation":270,"texture":"#0"}
			}
		},
		{
			"from":[5.5,5,5.5],
			"to":[6.5,6,6.5],
			"rotation":{"angle":-45,"axis":"y","origin":[8,16,8]},
			"faces":{
				"north":{"uv":[3,10,4,11],"texture":"#0"},
				"east":{"uv":[3,10,4,11],"texture":"#0"},
				"south":{"uv":[3,10,4,11],"texture":"#0"},
				"west":{"uv":[3,10,4,11],"texture":"#0"},
				"up":{"uv":[3,10,4,11],"rotation":90,"texture":"#0"},
				"down":{"uv":[3,10,4,11],"rotation":270,"texture":"#0"}
			}
		},
		{
			"from":[5.5,5,8.5],
			"to":[6.5,6,9.5],
			"rotation":{"angle":-45,"axis":"y","origin":[8,16,8]},
			"faces":{
				"north":{"uv":[6,10,7,11],"texture":"#0"},
				"east":{"uv":[6,10,7,11],"texture":"#0"},
				"south":{"uv":[6,10,7,11],"texture":"#0"},
				"west":{"uv":[6,10,7,11],"texture":"#0"},
				"up":{"uv":[6,10,7,11],"rotation":90,"texture":"#0"},
				"down":{"uv":[6,10,7,11],"rotation":270,"texture":"#0"}
			}
		},
		{
			"from":[9.5,4,7.5],
			"to":[11.5,5,8.5],
			"rotation":{"angle":-45,"axis":"y","origin":[8,16,8]},
			"faces":{
				"north":{"uv":[11,11,12,12],"texture":"#0"},
				"east":{"uv":[11,11,12,12],"texture":"#0"},
				"south":{"uv":[11,11,12,12],"texture":"#0"},
				"up":{"uv":[11,11,12,12],"texture":"#0"},
				"down":{"uv":[11,11,12,12],"texture":"#0"}
			}
		},
		{
			"from":[10.5,5,7.5],
			"to":[13.5,6,8.5],
			"rotation":{"angle":-45,"axis":"y","origin":[8,16,8]},
			"faces":{
				"north":{"uv":[14,10,11,11],"texture":"#0"},
				"east":{"uv":[13,10,14,11],"texture":"#0"},
				"south":{"uv":[11,10,14,11],"texture":"#0"},
				"west":{"uv":[11,10,12,11],"texture":"#0"},
				"up":{"uv":[11,10,14,11],"texture":"#0"},
				"down":{"uv":[11,10,14,11],"texture":"#0"}
			}
		},
		{
			"from":[8.5,5,6.5],
			"to":[10.5,6,7.5],
			"rotation":{"angle":-45,"axis":"y","origin":[8,16,8]},
			"faces":{
				"north":{"uv":[10,10,11,11],"texture":"#0"},
				"east":{"uv":[10,10,11,11],"texture":"#0"},
				"south":{"uv":[10,10,11,11],"texture":"#0"},
				"up":{"uv":[10,10,11,11],"texture":"#0"},
				"down":{"uv":[10,10,11,11],"texture":"#0"}
			}
		},
		{
			"from":[10.5,6,5.5],
			"to":[11.5,7,6.5],
			"rotation":{"angle":-45,"axis":"y","origin":[8,16,8]},
			"faces":{
				"north":{"uv":[11,9,12,10],"texture":"#0"},
				"south":{"uv":[11,9,12,10],"texture":"#0"},
				"west":{"uv":[11,9,12,10],"texture":"#0"},
				"up":{"uv":[11,9,12,10],"texture":"#0"},
				"down":{"uv":[11,9,12,10],"texture":"#0"}
			}
		},
		{
			"from":[11.5,6,4.5],
			"to":[12.5,8,6.5],
			"rotation":{"angle":-45,"axis":"y","origin":[8,16,8]},
			"faces":{
				"north":{"uv":[9,4,10,6],"texture":"#0"},
				"east":{"uv":[11,4,9,6],"texture":"#0"},
				"south":{"uv":[10,4,11,6],"texture":"#0"},
				"west":{"uv":[9,4,11,6],"texture":"#0"},
				"up":{"uv":[9,4,11,5],"rotation":90,"texture":"#0"},
				"down":{"uv":[9,5,11,6],"rotation":270,"texture":"#0"}
			}
		},
		{
			"from":[11.5,6,7.5],
			"to":[12.5,7,8.5],
			"rotation":{"angle":-45,"axis":"y","origin":[8,16,8]},
			"faces":{
				"north":{"uv":[12,9,13,10],"texture":"#0"},
				"east":{"uv":[12,9,13,10],"texture":"#0"},
				"south":{"uv":[12,9,13,10],"texture":"#0"},
				"west":{"uv":[12,9,13,10],"texture":"#0"},
				"up":{"uv":[12,9,13,10],"texture":"#0"}
			}
		},
		{
			"from":[9.5,6,7.5],
			"to":[10.5,7,8.5],
			"rotation":{"angle":-45,"axis":"y","origin":[8,16,8]},
			"faces":{
				"north":{"uv":[10,9,11,10],"texture":"#0"},
				"east":{"uv":[10,9,11,10],"texture":"#0"},
				"south":{"uv":[10,9,11,10],"texture":"#0"},
				"down":{"uv":[10,9,11,10],"texture":"#0"}
			}
		},
		{
			"from":[7.5,12,5.5],
			"to":[8.5,13,6.5],
			"rotation":{"angle":-45,"axis":"y","origin":[8,16,8]},
			"faces":{
				"north":{"uv":[10,9,11,10],"texture":"#0"},
				"east":{"uv":[10,9,11,10],"texture":"#0"},
				"west":{"uv":[10,9,11,10],"texture":"#0"},
				"down":{"uv":[10,9,11,10],"rotation":90,"texture":"#0"}
			}
		},
		{
			"from":[8.5,6,7],
			"to":[9.5,7,9],
			"rotation":{"angle":-45,"axis":"y","origin":[8,16,8]},
			"faces":{
				"north":{"uv":[9,10,10,11],"texture":"#0"},
				"east":{"uv":[9,10,10,11],"texture":"#0"},
				"south":{"uv":[9,10,10,11],"texture":"#0"}
			}
		},
		{
			"from":[7,12,6.5],
			"to":[9,13,7.5],
			"rotation":{"angle":-45,"axis":"y","origin":[8,16,8]},
			"faces":{
				"north":{"uv":[9,10,10,11],"texture":"#0"},
				"east":{"uv":[9,10,10,11],"texture":"#0"},
				"west":{"uv":[9,10,10,11],"texture":"#0"}
			}
		},
		{
			"from":[8.5,7,7],
			"to":[10.5,8,9],
			"rotation":{"angle":-45,"axis":"y","origin":[8,16,8]},
			"faces":{
				"north":{"uv":[10,8,8,9],"texture":"#0"},
				"east":{"uv":[9,8,10,9],"texture":"#0"},
				"south":{"uv":[8,8,10,9],"texture":"#0"},
				"up":{"uv":[8,8,10,9],"texture":"#0"},
				"down":{"uv":[8,8,10,9],"texture":"#0"}
			}
		},
		{
			"from":[7,13,5.5],
			"to":[9,14,7.5],
			"rotation":{"angle":-45,"axis":"y","origin":[8,16,8]},
			"faces":{
				"north":{"uv":[9,8,10,9],"texture":"#0"},
				"east":{"uv":[8,8,10,9],"texture":"#0"},
				"west":{"uv":[10,8,8,9],"texture":"#0"},
				"up":{"uv":[8,8,10,9],"rotation":270,"texture":"#0"},
				"down":{"uv":[8,8,10,9],"rotation":90,"texture":"#0"}
			}
		},
		{
			"from":[9.5,7,7.5],
			"to":[11.5,9,8.5],
			"rotation":{"angle":-45,"axis":"y","origin":[8,16,8]},
			"faces":{
				"north":{"uv":[12,7,10,9],"texture":"#0"},
				"east":{"uv":[11,7,12,9],"texture":"#0"},
				"south":{"uv":[10,7,12,9],"texture":"#0"},
				"up":{"uv":[10,7,12,8],"texture":"#0"},
				"down":{"uv":[10,8,12,9],"texture":"#0"}
			}
		},
		{
			"from":[7.5,13,4.5],
			"to":[8.5,15,6.5],
			"rotation":{"angle":-45,"axis":"y","origin":[8,16,8]},
			"faces":{
				"north":{"uv":[11,7,12,9],"texture":"#0"},
				"east":{"uv":[10,7,12,9],"texture":"#0"},
				"west":{"uv":[12,7,10,9],"texture":"#0"},
				"up":{"uv":[10,7,12,8],"rotation":270,"texture":"#0"},
				"down":{"uv":[10,8,12,9],"rotation":90,"texture":"#0"}
			}
		},
		{
			"from":[10.5,9,7.5],
			"to":[12.5,10,8.5],
			"rotation":{"angle":-45,"axis":"y","origin":[8,16,8]},
			"faces":{
				"north":{"uv":[12,7,10,8],"texture":"#0"},
				"east":{"uv":[11,7,12,8],"texture":"#0"},
				"south":{"uv":[10,7,12,8],"texture":"#0"},
				"west":{"uv":[10,7,11,8],"texture":"#0"},
				"up":{"uv":[10,7,12,8],"texture":"#0"},
				"down":{"uv":[10,7,12,8],"texture":"#0"}
			}
		},
		{
			"from":[7.5,15,3.5],
			"to":[8.5,16,5.5],
			"rotation":{"angle":-45,"axis":"y","origin":[8,16,8]},
			"faces":{
				"north":{"uv":[11,7,12,8],"texture":"#0"},
				"east":{"uv":[10,7,12,8],"texture":"#0"},
				"south":{"uv":[10,7,11,8],"texture":"#0"},
				"west":{"uv":[12,7,10,8],"texture":"#0"},
				"up":{"uv":[10,7,12,8],"rotation":270,"texture":"#0"},
				"down":{"uv":[10,7,12,8],"rotation":90,"texture":"#0"}
			}
		},
		{
			"from":[11.5,10,7.5],
			"to":[13.5,11,8.5],
			"rotation":{"angle":-45,"axis":"y","origin":[8,16,8]},
			"faces":{
				"north":{"uv":[14,5,12,6],"texture":"#0"},
				"east":{"uv":[13,5,14,6],"texture":"#0"},
				"south":{"uv":[12,5,14,6],"texture":"#0"},
				"west":{"uv":[12,5,13,6],"texture":"#0"},
				"up":{"uv":[12,5,14,6],"texture":"#0"},
				"down":{"uv":[12,5,14,6],"texture":"#0"}
			}
		},
		{
			"from":[7.5,16,2.5],
			"to":[8.5,17,4.5],
			"rotation":{"angle":-45,"axis":"y","origin":[8,16,8]},
			"faces":{
				"north":{"uv":[13,5,14,6],"texture":"#0"},
				"east":{"uv":[12,5,14,6],"texture":"#0"},
				"south":{"uv":[12,5,13,6],"texture":"#0"},
				"west":{"uv":[14,5,12,6],"texture":"#0"},
				"up":{"uv":[12,5,14,6],"rotation":270,"texture":"#0"},
				"down":{"uv":[12,5,14,6],"rotation":90,"texture":"#0"}
			}
		},
		{
			"from":[3.5,7,6.5],
			"to":[7.5,8,7.5],
			"rotation":{"angle":-45,"axis":"y","origin":[8,16,8]},
			"faces":{
				"north":{"uv":[7,8,3,9],"texture":"#0"},
				"south":{"uv":[3,8,7,9],"texture":"#0"},
				"west":{"uv":[3,8,4,9],"texture":"#0"},
				"up":{"uv":[3,8,7,9],"texture":"#0"},
				"down":{"uv":[3,8,7,9],"texture":"#0"}
			}
		},
		{
			"from":[1.5,6,6.5],
			"to":[4.5,7,7.5],
			"rotation":{"angle":-45,"axis":"y","origin":[8,16,8]},
			"faces":{
				"north":{"uv":[4,9,1,10],"texture":"#0"},
				"east":{"uv":[3,9,4,10],"texture":"#0"},
				"south":{"uv":[1,9,4,10],"texture":"#0"},
				"west":{"uv":[1,9,2,10],"texture":"#0"},
				"up":{"uv":[1,9,4,10],"texture":"#0"},
				"down":{"uv":[1,9,4,10],"texture":"#0"}
			}
		},
		{
			"from":[2.5,5,6.5],
			"to":[3.5,6,7.5],
			"rotation":{"angle":-45,"axis":"y","origin":[8,16,8]},
			"faces":{
				"north":{"uv":[2,10,3,11],"texture":"#0"},
				"east":{"uv":[2,10,3,11],"texture":"#0"},
				"south":{"uv":[2,10,3,11],"texture":"#0"},
				"west":{"uv":[2,10,3,11],"texture":"#0"},
				"down":{"uv":[2,10,3,11],"texture":"#0"}
			}
		},
		{
			"from":[7.5,8,2.5],
			"to":[8.5,9,6.5],
			"rotation":{"angle":-45,"axis":"y","origin":[8,16,8]},
			"faces":{
				"north":{"uv":[2,7,3,8],"texture":"#0"},
				"east":{"uv":[6,7,2,8],"texture":"#0"},
				"west":{"uv":[2,7,6,8],"texture":"#0"},
				"down":{"uv":[2,7,6,8],"rotation":270,"texture":"#0"}
			}
		},
		{
			"from":[7.5,7,4.5],
			"to":[8.5,8,6.5],
			"rotation":{"angle":-45,"axis":"y","origin":[8,16,8]},
			"faces":{
				"north":{"uv":[4,8,5,9],"texture":"#0"},
				"east":{"uv":[6,8,4,9],"texture":"#0"},
				"west":{"uv":[4,8,6,9],"texture":"#0"},
				"down":{"uv":[4,8,6,9],"rotation":270,"texture":"#0"}
			}
		},
		{
			"from":[7.5,3,5.5],
			"to":[8.5,7,6.5],
			"rotation":{"angle":-45,"axis":"y","origin":[8,16,8]},
			"faces":{
				"north":{"uv":[8,7,9,11],"texture":"#0"},
				"east":{"uv":[8,7,9,11],"texture":"#0"},
				"west":{"uv":[8,7,9,11],"texture":"#0"},
				"down":{"uv":[8,10,9,11],"rotation":90,"texture":"#0"}
			}
		},
		{
			"from":[7.5,9,1.5],
			"to":[8.5,10,6.5],
			"rotation":{"angle":-45,"axis":"y","origin":[8,16,8]},
			"faces":{
				"north":{"uv":[1,6,2,7],"texture":"#0"},
				"east":{"uv":[6,6,1,7],"texture":"#0"},
				"west":{"uv":[1,6,6,7],"texture":"#0"},
				"up":{"uv":[1,6,6,7],"rotation":90,"texture":"#0"},
				"down":{"uv":[1,6,6,7],"rotation":270,"texture":"#0"}
			}
		},
		{
			"from":[7,9,4.5],
			"to":[9,10,7.5],
			"rotation":{"angle":-45,"axis":"y","origin":[8,16,8]},
			"faces":{
				"north":{"uv":[4,6,5,7],"texture":"#0"},
				"east":{"uv":[7,6,4,7],"texture":"#0"},
				"west":{"uv":[4,6,7,7],"texture":"#0"},
				"up":{"uv":[4,6,7,7],"rotation":90,"texture":"#0"},
				"down":{"uv":[4,6,7,7],"rotation":270,"texture":"#0"}
			}
		},
		{
			"from":[7,8,5.5],
			"to":[9,9,7.5],
			"rotation":{"angle":-45,"axis":"y","origin":[8,16,8]},
			"faces":{
				"north":{"uv":[5,7,6,8],"texture":"#0"},
				"east":{"uv":[7,7,5,8],"texture":"#0"},
				"west":{"uv":[5,7,7,8],"texture":"#0"},
				"down":{"uv":[5,7,7,8],"rotation":270,"texture":"#0"}
			}
		},
		{
			"from":[4.5,8,5.5],
			"to":[5.5,10,6.5],
			"rotation":{"angle":-45,"axis":"y","origin":[8,16,8]},
			"faces":{
				"north":{"uv":[4,6,5,8],"texture":"#0"},
				"east":{"uv":[4,6,5,8],"texture":"#0"},
				"south":{"uv":[4,6,5,8],"texture":"#0"},
				"west":{"uv":[4,6,5,8],"texture":"#0"},
				"up":{"uv":[4,6,5,7],"texture":"#0"},
				"down":{"uv":[4,7,5,8],"texture":"#0"}
			}
		},
		{
			"from":[3.5,9,4.5],
			"to":[5.5,11,5.5],
			"rotation":{"angle":-45,"axis":"y","origin":[8,16,8]},
			"faces":{
				"north":{"uv":[6,10,4,12],"texture":"#0"},
				"east":{"uv":[5,10,6,12],"texture":"#0"},
				"south":{"uv":[4,10,6,12],"texture":"#0"},
				"west":{"uv":[4,10,5,12],"texture":"#0"},
				"up":{"uv":[4,10,6,11],"texture":"#0"},
				"down":{"uv":[4,11,6,12],"texture":"#0"}
			}
		},
		{
			"from":[4.5,10,7.5],
			"to":[6.5,11,8.5],
			"rotation":{"angle":-45,"axis":"y","origin":[8,16,8]},
			"faces":{
				"north":{"uv":[6,5,4,6],"texture":"#0"},
				"south":{"uv":[4,5,6,6],"texture":"#0"},
				"west":{"uv":[4,5,5,6],"texture":"#0"},
				"down":{"uv":[4,5,6,6],"texture":"#0"}
			}
		},
		{
			"from":[7.5,5,9.5],
			"to":[8.5,6,11.5],
			"rotation":{"angle":-45,"axis":"y","origin":[8,16,8]},
			"faces":{
				"east":{"uv":[4,5,6,6],"texture":"#0"},
				"south":{"uv":[4,5,5,6],"texture":"#0"},
				"west":{"uv":[6,5,4,6],"texture":"#0"},
				"down":{"uv":[4,5,6,6],"rotation":90,"texture":"#0"}
			}
		},
		{
			"from":[3.5,11,7.5],
			"to":[6.5,13,8.5],
			"rotation":{"angle":-45,"axis":"y","origin":[8,16,8]},
			"faces":{
				"north":{"uv":[6,3,3,5],"texture":"#0"},
				"south":{"uv":[3,3,6,5],"texture":"#0"},
				"west":{"uv":[3,3,4,5],"texture":"#0"},
				"up":{"uv":[3,3,6,4],"texture":"#0"},
				"down":{"uv":[3,4,6,5],"texture":"#0"}
			}
		},
		{
			"from":[7.5,6,9.5],
			"to":[8.5,8,12.5],
			"rotation":{"angle":-45,"axis":"y","origin":[8,16,8]},
			"faces":{
				"east":{"uv":[3,3,6,5],"texture":"#0"},
				"south":{"uv":[3,3,4,5],"texture":"#0"},
				"west":{"uv":[6,3,3,5],"texture":"#0"},
				"up":{"uv":[3,3,6,4],"rotation":270,"texture":"#0"},
				"down":{"uv":[3,4,6,5],"rotation":90,"texture":"#0"}
			}
		},
		{
			"from":[2.5,12,7.5],
			"to":[3.5,15,8.5],
			"rotation":{"angle":-45,"axis":"y","origin":[8,16,8]},
			"faces":{
				"north":{"uv":[2,1,3,4],"texture":"#0"},
				"east":{"uv":[2,1,3,4],"texture":"#0"},
				"south":{"uv":[2,1,3,4],"texture":"#0"},
				"west":{"uv":[2,1,3,4],"texture":"#0"},
				"up":{"uv":[2,1,3,2],"texture":"#0"},
				"down":{"uv":[2,3,3,4],"texture":"#0"}
			}
		},
		{
			"from":[7.5,7,12.5],
			"to":[8.5,10,13.5],
			"rotation":{"angle":-45,"axis":"y","origin":[8,16,8]},
			"faces":{
				"north":{"uv":[2,1,3,4],"texture":"#0"},
				"east":{"uv":[2,1,3,4],"texture":"#0"},
				"south":{"uv":[2,1,3,4],"texture":"#0"},
				"west":{"uv":[2,1,3,4],"texture":"#0"},
				"up":{"uv":[2,1,3,2],"rotation":270,"texture":"#0"},
				"down":{"uv":[2,3,3,4],"rotation":90,"texture":"#0"}
			}
		},
		{
			"from":[3.5,13,7.5],
			"to":[4.5,14,8.5],
			"rotation":{"angle":-45,"axis":"y","origin":[8,16,8]},
			"faces":{
				"north":{"uv":[3,2,4,3],"texture":"#0"},
				"east":{"uv":[3,2,4,3],"texture":"#0"},
				"south":{"uv":[3,2,4,3],"texture":"#0"},
				"up":{"uv":[3,2,4,3],"texture":"#0"}
			}
		},
		{
			"from":[7.5,8,11.5],
			"to":[8.5,9,12.5],
			"rotation":{"angle":-45,"axis":"y","origin":[8,16,8]},
			"faces":{
				"north":{"uv":[3,2,4,3],"texture":"#0"},
				"east":{"uv":[3,2,4,3],"texture":"#0"},
				"west":{"uv":[3,2,4,3],"texture":"#0"},
				"up":{"uv":[3,2,4,3],"rotation":270,"texture":"#0"}
			}
		},
		{
			"from":[4.5,11,7],
			"to":[7.5,12,9],
			"rotation":{"angle":-45,"axis":"y","origin":[8,16,8]},
			"faces":{
				"north":{"uv":[7,4,4,5],"texture":"#0"},
				"south":{"uv":[4,4,7,5],"texture":"#0"},
				"west":{"uv":[4,4,5,5],"texture":"#0"},
				"up":{"uv":[4,4,7,5],"texture":"#0"},
				"down":{"uv":[4,4,7,5],"texture":"#0"}
			}
		},
		{
			"from":[7,6,8.5],
			"to":[9,7,11.5],
			"rotation":{"angle":-45,"axis":"y","origin":[8,16,8]},
			"faces":{
				"east":{"uv":[4,4,7,5],"texture":"#0"},
				"south":{"uv":[4,4,5,5],"texture":"#0"},
				"west":{"uv":[7,4,4,5],"texture":"#0"},
				"up":{"uv":[4,4,7,5],"rotation":270,"texture":"#0"},
				"down":{"uv":[4,4,7,5],"rotation":90,"texture":"#0"}
			}
		},
		{
			"from":[3.5,12,7],
			"to":[4.5,13,9],
			"rotation":{"angle":-45,"axis":"y","origin":[8,16,8]},
			"faces":{
				"north":{"uv":[3,3,4,4],"texture":"#0"},
				"east":{"uv":[3,3,4,4],"texture":"#0"},
				"south":{"uv":[3,3,4,4],"texture":"#0"},
				"west":{"uv":[3,3,4,4],"texture":"#0"},
				"up":{"uv":[3,3,4,4],"texture":"#0"},
				"down":{"uv":[3,3,4,4],"texture":"#0"}
			}
		},
		{
			"from":[7,7,11.5],
			"to":[9,8,12.5],
			"rotation":{"angle":-45,"axis":"y","origin":[8,16,8]},
			"faces":{
				"north":{"uv":[3,3,4,4],"texture":"#0"},
				"east":{"uv":[3,3,4,4],"texture":"#0"},
				"south":{"uv":[3,3,4,4],"texture":"#0"},
				"west":{"uv":[3,3,4,4],"texture":"#0"},
				"up":{"uv":[3,3,4,4],"rotation":270,"texture":"#0"},
				"down":{"uv":[3,3,4,4],"rotation":90,"texture":"#0"}
			}
		},
		{
			"from":[8.5,10,8.5],
			"to":[10.5,12,9.5],
			"rotation":{"angle":-45,"axis":"y","origin":[8,16,8]},
			"faces":{
				"north":{"uv":[11,4,9,6],"texture":"#0"},
				"east":{"uv":[10,4,11,6],"texture":"#0"},
				"south":{"uv":[9,4,11,6],"texture":"#0"},
				"up":{"uv":[9,4,11,5],"texture":"#0"},
				"down":{"uv":[9,5,11,6],"texture":"#0"}
			}
		},
		{
			"from":[8.5,12,9.5],
			"to":[10.5,13,10.5],
			"rotation":{"angle":-45,"axis":"y","origin":[8,16,8]},
			"faces":{
				"north":{"uv":[11,3,9,4],"texture":"#0"},
				"east":{"uv":[10,3,11,4],"texture":"#0"},
				"south":{"uv":[9,3,11,4],"texture":"#0"},
				"up":{"uv":[9,3,11,4],"texture":"#0"},
				"down":{"uv":[9,3,11,4],"texture":"#0"}
			}
		},
		{
			"from":[8.5,9,9.5],
			"to":[10.5,10,10.5],
			"rotation":{"angle":-45,"axis":"y","origin":[8,16,8]},
			"faces":{
				"north":{"uv":[9,6,11,7],"texture":"#0"},
				"east":{"uv":[9,6,11,7],"texture":"#0"},
				"south":{"uv":[9,6,11,7],"texture":"#0"},
				"west":{"uv":[9,6,11,7],"texture":"#0"},
				"up":{"uv":[9,6,11,7],"texture":"#0"},
				"down":{"uv":[9,6,11,7],"texture":"#0"}
			}
		},
		{
			"from":[7.5,10,9.5],
			"to":[8.5,12,10.5],
			"rotation":{"angle":-45,"axis":"y","origin":[8,16,8]},
			"faces":{
				"east":{"uv":[8,4,9,6],"texture":"#0"},
				"south":{"uv":[8,4,9,6],"texture":"#0"},
				"west":{"uv":[8,4,9,6],"texture":"#0"},
				"down":{"uv":[8,5,9,6],"texture":"#0"}
			}
		},
		{
			"from":[10.5,10,9.5],
			"to":[11.5,12,10.5],
			"rotation":{"angle":-45,"axis":"y","origin":[8,16,8]},
			"faces":{
				"north":{"uv":[11,4,12,6],"texture":"#0"},
				"east":{"uv":[11,4,12,6],"texture":"#0"},
				"south":{"uv":[11,4,12,6],"texture":"#0"},
				"west":{"uv":[11,4,12,6],"texture":"#0"},
				"up":{"uv":[11,4,12,5],"texture":"#0"},
				"down":{"uv":[11,5,12,6],"texture":"#0"}
			}
		},
		{
			"from":[7.5,4,4.5],
			"to":[8.5,5,5.5],
			"rotation":{"angle":-45,"axis":"y","origin":[8,16,8]},
			"faces":{
				"north":{"uv":[9,6,10,7],"texture":"#0"},
				"east":{"uv":[9,6,10,7],"texture":"#0"},
				"west":{"uv":[9,6,10,7],"texture":"#0"},
				"up":{"uv":[9,6,10,7],"texture":"#0"},
				"down":{"uv":[9,6,10,7],"texture":"#0"}
			}
		},
		{
			"from":[9.5,13,7.5],
			"to":[10.5,14,8.5],
			"rotation":{"angle":-45,"axis":"y","origin":[8,16,8]},
			"faces":{
				"north":{"uv":[9,2,10,3],"texture":"#0"},
				"east":{"uv":[9,2,10,3],"texture":"#0"},
				"south":{"uv":[9,2,10,3],"texture":"#0"},
				"down":{"uv":[9,2,10,3],"texture":"#0"}
			}
		},
		{
			"from":[9.5,14,7.5],
			"to":[11.5,16,8.5],
			"rotation":{"angle":-45,"axis":"y","origin":[8,16,8]},
			"faces":{
				"north":{"uv":[11,0,9,2],"texture":"#0"},
				"east":{"uv":[10,0,11,2],"texture":"#0"},
				"south":{"uv":[9,0,11,2],"texture":"#0"},
				"up":{"uv":[9,0,11,1],"texture":"#0"},
				"down":{"uv":[9,1,11,2],"texture":"#0"}
			}
		},
		{
			"from":[5.5,14,8.5],
			"to":[7.5,16,9.5],
			"rotation":{"angle":-45,"axis":"y","origin":[8,16,8]},
			"faces":{
				"north":{"uv":[7,0,5,2],"texture":"#0"},
				"south":{"uv":[5,0,7,2],"texture":"#0"},
				"west":{"uv":[5,0,6,2],"texture":"#0"},
				"up":{"uv":[5,0,7,1],"texture":"#0"},
				"down":{"uv":[5,1,7,2],"texture":"#0"}
			}
		},
		{
			"from":[4.5,13,9.5],
			"to":[6.5,15,11.5],
			"rotation":{"angle":-45,"axis":"y","origin":[8,16,8]},
			"faces":{
				"north":{"uv":[6,10,4,12],"texture":"#0"},
				"east":{"uv":[6,12,4,10],"texture":"#0"},
				"south":{"uv":[4,12,6,10],"texture":"#0"},
				"west":{"uv":[4,10,6,12],"texture":"#0"},
				"up":{"uv":[4,10,6,12],"texture":"#0"},
				"down":{"uv":[4,10,6,12],"texture":"#0"}
			}
		},
		{
			"from":[7.5,12,9.5],
			"to":[8.5,13,11.5],
			"rotation":{"angle":-45,"axis":"y","origin":[8,16,8]},
			"faces":{
				"east":{"uv":[11,11,12,12],"texture":"#0"},
				"south":{"uv":[11,11,12,12],"texture":"#0"},
				"west":{"uv":[11,11,12,12],"texture":"#0"},
				"down":{"uv":[11,11,12,12],"rotation":270,"texture":"#0"}
			}
		},
		{
			"from":[7.5,13,9.5],
			"to":[8.5,14,12.5],
			"rotation":{"angle":-45,"axis":"y","origin":[8,16,8]},
			"faces":{
				"east":{"uv":[3,4,6,5],"texture":"#0"},
				"south":{"uv":[3,4,4,5],"texture":"#0"},
				"west":{"uv":[6,4,3,5],"texture":"#0"},
				"up":{"uv":[3,4,6,5],"rotation":270,"texture":"#0"},
				"down":{"uv":[3,4,6,5],"rotation":90,"texture":"#0"}
			}
		},
		{
			"from":[7.5,14,10.5],
			"to":[8.5,15,13.5],
			"rotation":{"angle":-45,"axis":"y","origin":[8,16,8]},
			"faces":{
				"north":{"uv":[5,4,6,5],"texture":"#0"},
				"east":{"uv":[3,4,6,5],"texture":"#0"},
				"south":{"uv":[3,4,4,5],"texture":"#0"},
				"west":{"uv":[6,4,3,5],"texture":"#0"},
				"up":{"uv":[3,4,6,5],"rotation":270,"texture":"#0"},
				"down":{"uv":[3,4,6,5],"rotation":90,"texture":"#0"}
			}
		},
		{
			"from":[7,13,8.5],
			"to":[9,14,9.5],
			"rotation":{"angle":-45,"axis":"y","origin":[8,16,8]},
			"faces":{
				"east":{"uv":[6,4,7,5],"texture":"#0"},
				"south":{"uv":[6,4,7,5],"texture":"#0"},
				"west":{"uv":[6,4,7,5],"texture":"#0"},
				"up":{"uv":[6,4,7,5],"texture":"#0"},
				"down":{"uv":[6,4,7,5],"texture":"#0"}
			}
		},
		{
			"from":[8.5,14,7],
			"to":[9.5,16,9],
			"rotation":{"angle":-45,"axis":"y","origin":[8,16,8]},
			"faces":{
				"north":{"uv":[8,0,9,2],"texture":"#0"},
				"east":{"uv":[8,0,9,2],"texture":"#0"},
				"south":{"uv":[8,0,9,2],"texture":"#0"},
				"up":{"uv":[8,0,9,1],"rotation":270,"texture":"#0"},
				"down":{"uv":[8,1,9,2],"rotation":90,"texture":"#0"}
			}
		}
	]
}