{
	"__comment":"Designed by GeForceLegend",
	"ambientocclusion":false,
	"textures":{
		"cross":"block/poppy",
		"particle":"block/poppy"
	},
	"elements":[
		{
			"from":[7.5,0,7.5],
			"to":[8.5,7,8.5],
			"rotation":{"angle":-45,"axis":"y","origin":[8,5,8]},
			"faces":{
				"north":{"uv":[8,9,9,16],"texture":"#cross"},
				"east":{"uv":[8,9,9,16],"texture":"#cross"},
				"south":{"uv":[8,9,9,16],"texture":"#cross"},
				"west":{"uv":[8,9,9,16],"texture":"#cross"}
			}
		},
		{
			"from":[4.5,2,7.5],
			"to":[6.5,3,8.5],
			"rotation":{"angle":-45,"axis":"y","origin":[8,5,8]},
			"faces":{
				"north":{"uv":[10,13,11,14],"texture":"#cross"},
				"east":{"uv":[10,13,11,14],"texture":"#cross"},
				"south":{"uv":[10,13,11,14],"texture":"#cross"},
				"west":{"uv":[10,13,11,14],"texture":"#cross"},
				"up":{"uv":[10,13,11,14],"texture":"#cross"},
				"down":{"uv":[10,13,11,14],"texture":"#cross"}
			}
		},
		{
			"from":[7.5,0,6.5],
			"to":[8.5,1,9.5],
			"rotation":{"angle":-45,"axis":"y","origin":[8,5,8]},
			"faces":{
				"north":{"uv":[7,15,8,16],"texture":"#cross"},
				"east":{"uv":[7,15,10,16],"texture":"#cross"},
				"south":{"uv":[7,15,8,16],"texture":"#cross"},
				"west":{"uv":[7,15,10,16],"texture":"#cross"},
				"up":{"uv":[7,15,8,16],"texture":"#cross"},
				"down":{"uv":[7,15,8,16],"texture":"#cross","cullface":"down"}
			}
		},
		{
			"from":[9.5,2,7.5],
			"to":[11.5,3,8.5],
			"rotation":{"angle":-45,"axis":"y","origin":[8,5,8]},
			"faces":{
				"north":{"uv":[10,13,11,14],"texture":"#cross"},
				"east":{"uv":[10,13,11,14],"texture":"#cross"},
				"south":{"uv":[10,13,11,14],"texture":"#cross"},
				"west":{"uv":[10,13,11,14],"texture":"#cross"},
				"up":{"uv":[10,13,11,14],"texture":"#cross"},
				"down":{"uv":[10,13,11,14],"texture":"#cross"}
			}
		},
		{
			"from":[6.5,0,7.5],
			"to":[9.5,2,8.5],
			"rotation":{"angle":-45,"axis":"y","origin":[8,5,8]},
			"faces":{
				"north":{"uv":[9,15,10,16],"texture":"#cross"},
				"east":{"uv":[9,15,10,16],"texture":"#cross"},
				"south":{"uv":[9,15,10,16],"texture":"#cross"},
				"west":{"uv":[9,15,10,16],"texture":"#cross"},
				"up":{"uv":[9,15,10,16],"rotation":90,"texture":"#cross"},
				"down":{"uv":[9,15,10,16],"texture":"#cross","cullface":"down"}
			}
		},
		{
			"from":[7.5,1,5.5],
			"to":[8.5,3,6.5],
			"rotation":{"angle":-45,"axis":"y","origin":[8,5,8]},
			"faces":{
				"north":{"uv":[6,13,7,15],"texture":"#cross"},
				"east":{"uv":[6,13,7,15],"texture":"#cross"},
				"south":{"uv":[6,13,7,15],"texture":"#cross"},
				"west":{"uv":[6,13,7,15],"texture":"#cross"},
				"up":{"uv":[6,13,7,14],"texture":"#cross"},
				"down":{"uv":[6,14,7,15],"texture":"#cross"}
			}
		},
		{
			"from":[7.5,2,4.5],
			"to":[8.5,3,5.5],
			"rotation":{"angle":-45,"axis":"y","origin":[8,5,8]},
			"faces":{
				"north":{"uv":[5,13,6,14],"texture":"#cross"},
				"east":{"uv":[5,13,6,14],"texture":"#cross"},
				"west":{"uv":[5,13,6,14],"texture":"#cross"},
				"up":{"uv":[5,13,6,14],"texture":"#cross"},
				"down":{"uv":[5,13,6,14],"rotation":90,"texture":"#cross"}
			}
		},
		{
			"from":[7.5,6,6.5],
			"to":[8.5,7,9.5],
			"rotation":{"angle":-45,"axis":"y","origin":[8,5,8]},
			"faces":{
				"north":{"uv":[7,9,8,10],"texture":"#cross"},
				"east":{"uv":[7,15,10,16],"texture":"#cross"},
				"south":{"uv":[7,9,8,10],"texture":"#cross"},
				"west":{"uv":[7,15,10,16],"texture":"#cross"},
				"down":{"uv":[7,15,8,16],"texture":"#cross"}
			}
		},
		{
			"from":[7.5,1,9.5],
			"to":[8.5,3,10.5],
			"rotation":{"angle":-45,"axis":"y","origin":[8,5,8]},
			"faces":{
				"north":{"uv":[6,13,7,15],"texture":"#cross"},
				"east":{"uv":[6,13,7,15],"texture":"#cross"},
				"south":{"uv":[6,13,7,15],"texture":"#cross"},
				"west":{"uv":[6,13,7,15],"texture":"#cross"},
				"up":{"uv":[6,13,7,14],"texture":"#cross"},
				"down":{"uv":[6,14,7,15],"texture":"#cross"}
			}
		},
		{
			"from":[7.5,2,10.5],
			"to":[8.5,3,11.5],
			"rotation":{"angle":-45,"axis":"y","origin":[8,5,8]},
			"faces":{
				"east":{"uv":[5,13,6,14],"texture":"#cross"},
				"south":{"uv":[5,13,6,14],"texture":"#cross"},
				"west":{"uv":[5,13,6,14],"texture":"#cross"},
				"up":{"uv":[5,13,6,14],"texture":"#cross"},
				"down":{"uv":[5,13,6,14],"texture":"#cross"}
			}
		},
		{
			"from":[7.5,7,6.5],
			"to":[8.5,8,9.5],
			"rotation":{"angle":-45,"axis":"y","origin":[8,5,8]},
			"faces":{
				"north":{"uv":[6,7,7,8],"texture":"#cross"},
				"east":{"uv":[9,7,6,8],"texture":"#cross"},
				"south":{"uv":[8,7,9,8],"texture":"#cross"},
				"west":{"uv":[6,7,9,8],"texture":"#cross"},
				"up":{"uv":[9,7,6,8],"rotation":270,"texture":"#cross"}
			}
		},
		{
			"from":[6.5,7,7.5],
			"to":[9.5,8,8.5],
			"rotation":{"angle":-45,"axis":"y","origin":[8,5,8]},
			"faces":{
				"north":{"uv":[7,9,8,6],"rotation":90,"texture":"#cross"},
				"east":{"uv":[7,6,8,7],"texture":"#cross"},
				"south":{"uv":[7,6,8,9],"rotation":90,"texture":"#cross"},
				"west":{"uv":[7,8,8,9],"texture":"#cross"},
				"up":{"uv":[7,9,8,6],"rotation":270,"texture":"#cross"},
				"down":{"uv":[7,6,8,9],"rotation":90,"texture":"#cross"}
			}
		},
		{
			"from":[8.5,8,6.5],
			"to":[9.5,9,7.5],
			"rotation":{"angle":-45,"axis":"y","origin":[8,5,8]},
			"faces":{
				"north":{"uv":[9,6,10,7],"texture":"#cross"},
				"east":{"uv":[9,6,10,7],"texture":"#cross"},
				"south":{"uv":[9,6,10,7],"texture":"#cross"},
				"west":{"uv":[9,6,10,7],"texture":"#cross"},
				"up":{"uv":[9,6,10,7],"texture":"#cross"},
				"down":{"uv":[9,6,10,7],"texture":"#cross"}
			}
		},
		{
			"from":[6.5,8,6.5],
			"to":[7.5,9,7.5],
			"rotation":{"angle":-45,"axis":"y","origin":[8,5,8]},
			"faces":{
				"north":{"uv":[7,6,8,7],"texture":"#cross"},
				"east":{"uv":[7,6,8,7],"texture":"#cross"},
				"south":{"uv":[7,6,8,7],"texture":"#cross"},
				"west":{"uv":[7,6,8,7],"texture":"#cross"},
				"up":{"uv":[7,6,8,7],"texture":"#cross"},
				"down":{"uv":[7,6,8,7],"texture":"#cross"}
			}
		},
		{
			"from":[8.5,8,8.5],
			"to":[9.5,9,9.5],
			"rotation":{"angle":-45,"axis":"y","origin":[8,5,8]},
			"faces":{
				"north":{"uv":[7,8,8,9],"texture":"#cross"},
				"east":{"uv":[7,8,8,9],"texture":"#cross"},
				"south":{"uv":[7,8,8,9],"texture":"#cross"},
				"west":{"uv":[7,8,8,9],"texture":"#cross"},
				"up":{"uv":[7,8,8,9],"texture":"#cross"},
				"down":{"uv":[7,8,8,9],"texture":"#cross"}
			}
		},
		{
			"from":[6.5,8,8.5],
			"to":[7.5,9,9.5],
			"rotation":{"angle":-45,"axis":"y","origin":[8,5,8]},
			"faces":{
				"north":{"uv":[7,8,8,9],"texture":"#cross"},
				"east":{"uv":[7,8,8,9],"texture":"#cross"},
				"south":{"uv":[7,8,8,9],"texture":"#cross"},
				"west":{"uv":[7,8,8,9],"texture":"#cross"},
				"up":{"uv":[7,8,8,9],"texture":"#cross"},
				"down":{"uv":[7,8,8,9],"texture":"#cross"}
			}
		},
		{
			"from":[7.5,8,5.5],
			"to":[8.5,9,6.5],
			"rotation":{"angle":-45,"axis":"y","origin":[8,5,8]},
			"faces":{
				"north":{"uv":[5,8,6,9],"texture":"#cross"},
				"east":{"uv":[5,8,6,9],"texture":"#cross"},
				"south":{"uv":[5,8,6,9],"texture":"#cross"},
				"west":{"uv":[5,8,6,9],"texture":"#cross"},
				"up":{"uv":[5,8,6,9],"texture":"#cross"},
				"down":{"uv":[5,8,6,9],"texture":"#cross"}
			}
		},
		{
			"from":[9.5,8,7.5],
			"to":[10.5,9,8.5],
			"rotation":{"angle":-45,"axis":"y","origin":[8,5,8]},
			"faces":{
				"north":{"uv":[5,8,6,9],"texture":"#cross"},
				"east":{"uv":[5,8,6,9],"texture":"#cross"},
				"south":{"uv":[5,8,6,9],"texture":"#cross"},
				"west":{"uv":[5,8,6,9],"texture":"#cross"},
				"up":{"uv":[5,8,6,9],"texture":"#cross"},
				"down":{"uv":[5,8,6,9],"texture":"#cross"}
			}
		},
		{
			"from":[7.5,8,9.5],
			"to":[8.5,9,10.5],
			"rotation":{"angle":-45,"axis":"y","origin":[8,5,8]},
			"faces":{
				"north":{"uv":[5,8,6,9],"texture":"#cross"},
				"east":{"uv":[5,8,6,9],"texture":"#cross"},
				"south":{"uv":[5,8,6,9],"texture":"#cross"},
				"west":{"uv":[5,8,6,9],"texture":"#cross"},
				"up":{"uv":[5,8,6,9],"texture":"#cross"},
				"down":{"uv":[5,8,6,9],"texture":"#cross"}
			}
		},
		{
			"from":[5.5,8,7.5],
			"to":[6.5,9,8.5],
			"rotation":{"angle":-45,"axis":"y","origin":[8,5,8]},
			"faces":{
				"north":{"uv":[5,8,6,9],"texture":"#cross"},
				"east":{"uv":[5,8,6,9],"texture":"#cross"},
				"south":{"uv":[5,8,6,9],"texture":"#cross"},
				"west":{"uv":[5,8,6,9],"texture":"#cross"},
				"up":{"uv":[5,8,6,9],"texture":"#cross"},
				"down":{"uv":[5,8,6,9],"texture":"#cross"}
			}
		}
	]
}