{
	"__comment":"Designed by GeForceLegend",
	"ambientocclusion":false,
	"textures":{
		"0":"block/fern",
		"flowerpot":"block/flower_pot",
		"particle":"block/flower_pot",
		"dirt":"block/dirt"
	},
	"elements":[
		{
			"from":[7.625,4,7.625],
			"to":[8.375,16,8.375],
			"rotation":{"angle":-22.5,"axis":"y","origin":[8,6,8]},
			"faces":{
				"north":{"uv":[7,0,8,16],"texture":"#0","tintindex":0},
				"east":{"uv":[7,0,8,16],"texture":"#0","tintindex":0},
				"south":{"uv":[7,0,8,16],"texture":"#0","tintindex":0},
				"west":{"uv":[7,0,8,16],"texture":"#0","tintindex":0},
				"up":{"uv":[7,0,8,1],"texture":"#0","cullface":"up","tintindex":0}
			}
		},
		{
			"from":[6.875,4,7.625],
			"to":[9.125,4.75,8.375],
			"rotation":{"angle":-22.5,"axis":"y","origin":[8,6,8]},
			"faces":{
				"north":{"uv":[9,15,6,16],"texture":"#0","tintindex":0},
				"east":{"uv":[8,15,9,16],"texture":"#0","tintindex":0},
				"south":{"uv":[6,15,9,16],"texture":"#0","tintindex":0},
				"west":{"uv":[6,15,7,16],"texture":"#0","tintindex":0},
				"up":{"uv":[6,15,9,16],"texture":"#0","tintindex":0}
			}
		},
		{
			"from":[7.625,4,6.875],
			"to":[8.375,4.75,9.125],
			"rotation":{"angle":-22.5,"axis":"y","origin":[8,6,8]},
			"faces":{
				"north":{"uv":[6,15,7,16],"texture":"#0","tintindex":0},
				"east":{"uv":[9,15,6,16],"texture":"#0","tintindex":0},
				"south":{"uv":[8,15,9,16],"texture":"#0","tintindex":0},
				"west":{"uv":[6,15,9,16],"texture":"#0","tintindex":0},
				"up":{"uv":[6,15,9,16],"rotation":90,"texture":"#0","tintindex":0}
			}
		},
		{
			"from":[6.875,13.75,7.625],
			"to":[9.125,15.25,8.375],
			"rotation":{"angle":-22.5,"axis":"y","origin":[8,6,8]},
			"faces":{
				"north":{"uv":[9,1,6,3],"texture":"#0","tintindex":0},
				"east":{"uv":[8,1,9,3],"texture":"#0","tintindex":0},
				"south":{"uv":[6,1,9,3],"texture":"#0","tintindex":0},
				"west":{"uv":[6,1,7,3],"texture":"#0","tintindex":0},
				"up":{"uv":[6,1,9,2],"texture":"#0","tintindex":0},
				"down":{"uv":[6,2,9,3],"texture":"#0","tintindex":0}
			}
		},
		{
			"from":[7.625,13.75,6.875],
			"to":[8.375,15.25,9.125],
			"rotation":{"angle":-22.5,"axis":"y","origin":[8,6,8]},
			"faces":{
				"north":{"uv":[6,1,7,3],"texture":"#0","tintindex":0},
				"east":{"uv":[9,1,6,3],"texture":"#0","tintindex":0},
				"south":{"uv":[8,1,9,3],"texture":"#0","tintindex":0},
				"west":{"uv":[6,1,9,3],"texture":"#0","tintindex":0},
				"up":{"uv":[6,1,9,2],"rotation":90,"texture":"#0","tintindex":0},
				"down":{"uv":[6,2,9,3],"rotation":270,"texture":"#0","tintindex":0}
			}
		},
		{
			"from":[7.625,10.75,6.875],
			"to":[8.375,11.5,9.125],
			"rotation":{"angle":-22.5,"axis":"y","origin":[8,6,8]},
			"faces":{
				"north":{"uv":[6,6,7,7],"texture":"#0","tintindex":0},
				"east":{"uv":[9,6,6,7],"texture":"#0","tintindex":0},
				"south":{"uv":[8,6,9,7],"texture":"#0","tintindex":0},
				"west":{"uv":[6,6,9,7],"texture":"#0","tintindex":0},
				"down":{"uv":[6,6,9,7],"rotation":270,"texture":"#0","tintindex":0}
			}
		},
		{
			"from":[6.875,11.5,6.875],
			"to":[9.125,12.25,7.625],
			"rotation":{"angle":-22.5,"axis":"y","origin":[8,6,8]},
			"faces":{
				"north":{"uv":[5,5,7,6],"texture":"#0","tintindex":0},
				"east":{"uv":[5,5,7,6],"texture":"#0","tintindex":0},
				"south":{"uv":[5,5,7,6],"texture":"#0","tintindex":0},
				"west":{"uv":[5,5,7,6],"texture":"#0","tintindex":0},
				"up":{"uv":[5,5,6,6],"texture":"#0","tintindex":0},
				"down":{"uv":[5,5,6,6],"texture":"#0","tintindex":0}
			}
		},
		{
			"from":[7.625,11.5075,6.125],
			"to":[8.375,12.25,10.625],
			"rotation":{"angle":-22.5,"axis":"y","origin":[8,6,8]},
			"faces":{
				"north":{"uv":[5,5,6,6],"texture":"#0","tintindex":0},
				"east":{"uv":[11,5,5,6],"texture":"#0","tintindex":0},
				"south":{"uv":[10,5,11,6],"texture":"#0","tintindex":0},
				"west":{"uv":[5,5,11,6],"texture":"#0","tintindex":0},
				"up":{"uv":[5,5,11,6],"rotation":90,"texture":"#0","tintindex":0},
				"down":{"uv":[5,5,11,6],"rotation":270,"texture":"#0","tintindex":0}
			}
		},
		{
			"from":[7.625,12.25,5.375],
			"to":[8.375,12.9925,9.875],
			"rotation":{"angle":-22.5,"axis":"y","origin":[8,6,8]},
			"faces":{
				"north":{"uv":[4,4,5,5],"texture":"#0","tintindex":0},
				"east":{"uv":[10,4,4,5],"texture":"#0","tintindex":0},
				"south":{"uv":[9,4,10,5],"texture":"#0","tintindex":0},
				"west":{"uv":[4,4,10,5],"texture":"#0","tintindex":0},
				"up":{"uv":[4,4,10,5],"rotation":90,"texture":"#0","tintindex":0},
				"down":{"uv":[4,4,5,5],"rotation":270,"texture":"#0","tintindex":0}
			}
		},
		{
			"from":[6.875,12.25,6.125],
			"to":[9.125,13,6.875],
			"rotation":{"angle":-22.5,"axis":"y","origin":[8,6,8]},
			"faces":{
				"north":{"uv":[6,5,9,6],"texture":"#0","tintindex":0},
				"east":{"uv":[5,4,6,5],"texture":"#0","tintindex":0},
				"south":{"uv":[6,5,9,6],"texture":"#0","tintindex":0},
				"west":{"uv":[5,4,6,5],"texture":"#0","tintindex":0},
				"up":{"uv":[6,5,9,6],"texture":"#0","tintindex":0},
				"down":{"uv":[6,5,9,6],"texture":"#0","tintindex":0}
			}
		},
		{
			"from":[6.875,11.5,8.375],
			"to":[9.125,12.25,9.875],
			"rotation":{"angle":-22.5,"axis":"y","origin":[8,6,8]},
			"faces":{
				"north":{"uv":[8,5,9,6],"texture":"#0","tintindex":0},
				"east":{"uv":[10,5,8,6],"texture":"#0","tintindex":0},
				"south":{"uv":[9,5,10,6],"texture":"#0","tintindex":0},
				"west":{"uv":[8,5,10,6],"texture":"#0","tintindex":0},
				"up":{"uv":[6,6,9,4],"texture":"#0","tintindex":0},
				"down":{"uv":[6,4,9,6],"texture":"#0","tintindex":0}
			}
		},
		{
			"from":[6.875,5.5,7.625],
			"to":[9.125,6.25,8.375],
			"rotation":{"angle":-22.5,"axis":"y","origin":[8,6,8]},
			"faces":{
				"north":{"uv":[9,13,6,14],"texture":"#0","tintindex":0},
				"east":{"uv":[8,13,9,14],"texture":"#0","tintindex":0},
				"south":{"uv":[6,13,9,14],"texture":"#0","tintindex":0},
				"west":{"uv":[6,13,7,14],"texture":"#0","tintindex":0},
				"down":{"uv":[6,13,9,14],"texture":"#0","tintindex":0}
			}
		},
		{
			"from":[6.1175,6.25,7.625],
			"to":[9.875,7.75,8.375],
			"rotation":{"angle":-22.5,"axis":"y","origin":[8,6,8]},
			"faces":{
				"north":{"uv":[10,11,5,13],"texture":"#0","tintindex":0},
				"east":{"uv":[9,11,10,13],"texture":"#0","tintindex":0},
				"south":{"uv":[5,11,10,13],"texture":"#0","tintindex":0},
				"west":{"uv":[3,7,4,9],"texture":"#0","tintindex":0},
				"down":{"uv":[5,12,10,13],"texture":"#0","tintindex":0}
			}
		},
		{
			"from":[5.375,7.75,7.625],
			"to":[11.375,8.5,8.375],
			"rotation":{"angle":-22.5,"axis":"y","origin":[8,6,8]},
			"faces":{
				"north":{"uv":[12,10,4,11],"texture":"#0","tintindex":0},
				"east":{"uv":[11,10,12,11],"texture":"#0","tintindex":0},
				"south":{"uv":[4,10,12,11],"texture":"#0","tintindex":0},
				"west":{"uv":[4,10,5,11],"texture":"#0","tintindex":0},
				"down":{"uv":[4,10,12,11],"texture":"#0","tintindex":0}
			}
		},
		{
			"from":[6.125,8.5,7.625],
			"to":[13.625,10,8.375],
			"rotation":{"angle":-22.5,"axis":"y","origin":[8,6,8]},
			"faces":{
				"north":{"uv":[15,8,5,10],"texture":"#0","tintindex":0},
				"east":{"uv":[14,8,15,10],"texture":"#0","tintindex":0},
				"south":{"uv":[5,8,15,10],"texture":"#0","tintindex":0},
				"up":{"uv":[5,8,15,9],"texture":"#0","tintindex":0},
				"down":{"uv":[5,9,15,10],"texture":"#0","tintindex":0}
			}
		},
		{
			"from":[12.125,7.75,7.625],
			"to":[13.625,8.5,8.375],
			"rotation":{"angle":-22.5,"axis":"y","origin":[8,6,8]},
			"faces":{
				"north":{"uv":[15,10,13,11],"texture":"#0","tintindex":0},
				"east":{"uv":[14,10,15,11],"texture":"#0","tintindex":0},
				"south":{"uv":[13,10,15,11],"texture":"#0","tintindex":0},
				"west":{"uv":[13,10,14,11],"texture":"#0","tintindex":0},
				"down":{"uv":[13,10,15,11],"texture":"#0","tintindex":0}
			}
		},
		{
			"from":[6.875,6.25,6.875],
			"to":[7.625,9.25,9.125],
			"rotation":{"angle":-22.5,"axis":"y","origin":[8,6,8]},
			"faces":{
				"north":{"uv":[6,9,7,13],"texture":"#0","tintindex":0},
				"east":{"uv":[6,9,7,13],"texture":"#0","tintindex":0},
				"south":{"uv":[6,9,7,13],"texture":"#0","tintindex":0},
				"west":{"uv":[6,9,7,13],"texture":"#0","tintindex":0},
				"up":{"uv":[6,9,7,10],"texture":"#0","tintindex":0},
				"down":{"uv":[6,12,7,13],"texture":"#0","tintindex":0}
			}
		},
		{
			"from":[6.125,7,6.875],
			"to":[6.875,10,9.125],
			"rotation":{"angle":-22.5,"axis":"y","origin":[8,6,8]},
			"faces":{
				"north":{"uv":[5,8,6,12],"texture":"#0","tintindex":0},
				"east":{"uv":[5,8,6,12],"texture":"#0","tintindex":0},
				"south":{"uv":[5,8,6,12],"texture":"#0","tintindex":0},
				"west":{"uv":[5,8,6,12],"texture":"#0","tintindex":0},
				"up":{"uv":[5,8,6,9],"texture":"#0","tintindex":0},
				"down":{"uv":[5,11,6,12],"texture":"#0","tintindex":0}
			}
		},
		{
			"from":[6.1175,7.75,6.125],
			"to":[6.875,9.25,9.875],
			"rotation":{"angle":-22.5,"axis":"y","origin":[8,6,8]},
			"faces":{
				"north":{"uv":[5,9,6,11],"texture":"#0","tintindex":0},
				"east":{"uv":[5,9,6,11],"texture":"#0","tintindex":0},
				"south":{"uv":[5,9,6,11],"texture":"#0","tintindex":0},
				"west":{"uv":[5,9,10,11],"texture":"#0","tintindex":0},
				"up":{"uv":[5,9,6,10],"texture":"#0","tintindex":0},
				"down":{"uv":[5,10,6,11],"texture":"#0","tintindex":0}
			}
		},
		{
			"from":[5.375,8.5,6.875],
			"to":[6.125,10,9.125],
			"rotation":{"angle":-22.5,"axis":"y","origin":[8,6,8]},
			"faces":{
				"north":{"uv":[4,8,5,10],"texture":"#0","tintindex":0},
				"south":{"uv":[4,8,5,10],"texture":"#0","tintindex":0},
				"west":{"uv":[6,4,9,5],"texture":"#0","tintindex":0},
				"down":{"uv":[4,9,5,10],"texture":"#0","tintindex":0}
			}
		},
		{
			"from":[6.125,10,7.625],
			"to":[6.875,10.75,8.375],
			"rotation":{"angle":-22.5,"axis":"y","origin":[8,6,8]},
			"faces":{
				"north":{"uv":[5,7,6,8],"texture":"#0","tintindex":0},
				"east":{"uv":[5,7,6,8],"texture":"#0","tintindex":0},
				"south":{"uv":[5,7,6,8],"texture":"#0","tintindex":0},
				"west":{"uv":[5,7,6,8],"texture":"#0","tintindex":0},
				"up":{"uv":[5,7,6,8],"texture":"#0","tintindex":0}
			}
		},
		{
			"from":[2.375,9.25,7.625],
			"to":[5.375,10.75,8.375],
			"rotation":{"angle":-22.5,"axis":"y","origin":[8,6,8]},
			"faces":{
				"north":{"uv":[4,7,0,9],"texture":"#0","tintindex":0},
				"south":{"uv":[0,7,4,9],"texture":"#0","tintindex":0},
				"west":{"uv":[0,7,1,9],"texture":"#0","tintindex":0},
				"up":{"uv":[0,7,4,8],"texture":"#0","tintindex":0},
				"down":{"uv":[0,8,4,9],"texture":"#0","tintindex":0}
			}
		},
		{
			"from":[4.625,10.75,7.625],
			"to":[5.375,11.5,8.375],
			"rotation":{"angle":-22.5,"axis":"y","origin":[8,6,8]},
			"faces":{
				"north":{"uv":[3,6,4,7],"texture":"#0","tintindex":0},
				"east":{"uv":[3,6,4,7],"texture":"#0","tintindex":0},
				"south":{"uv":[3,6,4,7],"texture":"#0","tintindex":0},
				"west":{"uv":[3,6,4,7],"texture":"#0","tintindex":0},
				"up":{"uv":[3,6,4,7],"texture":"#0","tintindex":0}
			}
		},
		{
			"from":[3.125,10.75,7.625],
			"to":[3.875,11.5,8.375],
			"rotation":{"angle":-22.5,"axis":"y","origin":[8,6,8]},
			"faces":{
				"north":{"uv":[1,6,2,7],"texture":"#0","tintindex":0},
				"east":{"uv":[1,6,2,7],"texture":"#0","tintindex":0},
				"south":{"uv":[1,6,2,7],"texture":"#0","tintindex":0},
				"west":{"uv":[1,6,2,7],"texture":"#0","tintindex":0},
				"up":{"uv":[1,6,2,7],"texture":"#0","tintindex":0}
			}
		},
		{
			"from":[2.375,8.5,7.625],
			"to":[3.125,9.25,8.375],
			"rotation":{"angle":-22.5,"axis":"y","origin":[8,6,8]},
			"faces":{
				"north":{"uv":[0,9,1,10],"texture":"#0","tintindex":0},
				"east":{"uv":[0,9,1,10],"texture":"#0","tintindex":0},
				"south":{"uv":[0,9,1,10],"texture":"#0","tintindex":0},
				"west":{"uv":[0,9,1,10],"texture":"#0","tintindex":0},
				"down":{"uv":[0,9,1,10],"texture":"#0","tintindex":0}
			}
		},
		{
			"from":[3.875,8.5,7.625],
			"to":[4.625,9.25,8.375],
			"rotation":{"angle":-22.5,"axis":"y","origin":[8,6,8]},
			"faces":{
				"north":{"uv":[2,9,3,10],"texture":"#0","tintindex":0},
				"east":{"uv":[2,9,3,10],"texture":"#0","tintindex":0},
				"south":{"uv":[2,9,3,10],"texture":"#0","tintindex":0},
				"west":{"uv":[2,9,3,10],"texture":"#0","tintindex":0},
				"down":{"uv":[2,9,3,10],"texture":"#0","tintindex":0}
			}
		},
		{
			"from":[3.125,10,6.875],
			"to":[5.375,10.75,9.125],
			"rotation":{"angle":-22.5,"axis":"y","origin":[8,6,8]},
			"faces":{
				"north":{"uv":[4,7,1,8],"texture":"#0","tintindex":0},
				"east":{"uv":[3,7,4,8],"texture":"#0","tintindex":0},
				"south":{"uv":[1,7,4,8],"texture":"#0","tintindex":0},
				"west":{"uv":[1,7,2,8],"texture":"#0","tintindex":0},
				"up":{"uv":[1,7,4,8],"texture":"#0","tintindex":0},
				"down":{"uv":[1,7,4,8],"texture":"#0","tintindex":0}
			}
		},
		{
			"from":[5.3675,9.25,6.125],
			"to":[6.125,10.0075,9.875],
			"rotation":{"angle":-22.5,"axis":"y","origin":[8,6,8]},
			"faces":{
				"north":{"uv":[4,8,5,9],"texture":"#0","tintindex":0},
				"east":{"uv":[4,8,5,9],"texture":"#0","tintindex":0},
				"south":{"uv":[4,8,5,9],"texture":"#0","tintindex":0},
				"west":{"uv":[5,10,10,11.01],"texture":"#0","tintindex":0},
				"up":{"uv":[7,6,8,11],"texture":"#0","tintindex":0},
				"down":{"uv":[4,8,5,9],"texture":"#0","tintindex":0}
			}
		},
		{
			"from":[8.375,6.25,6.875],
			"to":[9.125,9.25,9.125],
			"rotation":{"angle":-22.5,"axis":"y","origin":[8,6,8]},
			"faces":{
				"north":{"uv":[8,9,9,13],"texture":"#0","tintindex":0},
				"east":{"uv":[8,9,9,13],"texture":"#0","tintindex":0},
				"south":{"uv":[8,9,9,13],"texture":"#0","tintindex":0},
				"west":{"uv":[8,9,9,13],"texture":"#0","tintindex":0},
				"up":{"uv":[8,9,9,10],"texture":"#0","tintindex":0},
				"down":{"uv":[8,12,9,13],"texture":"#0","tintindex":0}
			}
		},
		{
			"from":[9.125,7,6.875],
			"to":[9.8825,8.5,9.125],
			"rotation":{"angle":-22.5,"axis":"y","origin":[8,6,8]},
			"faces":{
				"north":{"uv":[9,10,10,12],"texture":"#0","tintindex":0},
				"east":{"uv":[9,9,7,12],"rotation":90,"texture":"#0","tintindex":0},
				"south":{"uv":[9,10,10,12],"texture":"#0","tintindex":0},
				"down":{"uv":[9,11,10,12],"texture":"#0","tintindex":0}
			}
		},
		{
			"from":[9.125,8.5,6.875],
			"to":[10.625,10.0075,9.125],
			"rotation":{"angle":-22.5,"axis":"y","origin":[8,6,8]},
			"faces":{
				"north":{"uv":[11,8,9,10],"texture":"#0","tintindex":0},
				"east":{"uv":[10,8,11,10],"texture":"#0","tintindex":0},
				"south":{"uv":[9,8,11,10],"texture":"#0","tintindex":0},
				"west":{"uv":[9,8,10,10],"texture":"#0","tintindex":0},
				"up":{"uv":[6,5,9,7],"rotation":90,"texture":"#0","tintindex":0},
				"down":{"uv":[9,9,11,10],"texture":"#0","tintindex":0}
			}
		},
		{
			"from":[10.625,9.25,6.875],
			"to":[12.875,10.0075,9.125],
			"rotation":{"angle":-22.5,"axis":"y","origin":[8,6,8]},
			"faces":{
				"north":{"uv":[14,8,11,9],"texture":"#0","tintindex":0},
				"east":{"uv":[13,8,14,9],"texture":"#0","tintindex":0},
				"south":{"uv":[11,8,14,9],"texture":"#0","tintindex":0},
				"up":{"uv":[6,4,9,7],"rotation":90,"texture":"#0","tintindex":0},
				"down":{"uv":[11,8,14,9],"texture":"#0","tintindex":0}
			}
		},
		{
			"from":[9.125,10,7.625],
			"to":[9.875,10.75,8.375],
			"rotation":{"angle":-22.5,"axis":"y","origin":[8,6,8]},
			"faces":{
				"north":{"uv":[9,7,10,8],"texture":"#0","tintindex":0},
				"east":{"uv":[9,7,10,8],"texture":"#0","tintindex":0},
				"south":{"uv":[9,7,10,8],"texture":"#0","tintindex":0},
				"west":{"uv":[9,7,10,8],"texture":"#0","tintindex":0},
				"up":{"uv":[9,7,10,8],"texture":"#0","tintindex":0}
			}
		},
		{
			"from":[10.625,10,7.625],
			"to":[11.375,10.75,8.375],
			"rotation":{"angle":-22.5,"axis":"y","origin":[8,6,8]},
			"faces":{
				"north":{"uv":[11,7,12,8],"texture":"#0","tintindex":0},
				"east":{"uv":[11,7,12,8],"texture":"#0","tintindex":0},
				"south":{"uv":[11,7,12,8],"texture":"#0","tintindex":0},
				"west":{"uv":[11,7,12,8],"texture":"#0","tintindex":0},
				"up":{"uv":[11,7,12,8],"texture":"#0","tintindex":0}
			}
		},
		{
			"from":[12.125,10,7.625],
			"to":[12.875,10.75,8.375],
			"rotation":{"angle":-22.5,"axis":"y","origin":[8,6,8]},
			"faces":{
				"north":{"uv":[13,7,14,8],"texture":"#0","tintindex":0},
				"east":{"uv":[13,7,14,8],"texture":"#0","tintindex":0},
				"south":{"uv":[13,7,14,8],"texture":"#0","tintindex":0},
				"west":{"uv":[13,7,14,8],"texture":"#0","tintindex":0},
				"up":{"uv":[13,7,14,8],"texture":"#0","tintindex":0}
			}
		},
		{
			"from":[9.125,7.75,6.125],
			"to":[9.875,9.25,9.875],
			"rotation":{"angle":-22.5,"axis":"y","origin":[8,6,8]},
			"faces":{
				"north":{"uv":[9,9,10,11],"texture":"#0","tintindex":0},
				"east":{"uv":[9,9,10,11],"texture":"#0","tintindex":0},
				"south":{"uv":[9,9,10,11],"texture":"#0","tintindex":0},
				"west":{"uv":[9,9,10,11],"texture":"#0","tintindex":0},
				"up":{"uv":[9,9,10,10],"texture":"#0","tintindex":0},
				"down":{"uv":[9,10,10,11],"texture":"#0","tintindex":0}
			}
		},
		{
			"from":[6,6,6],
			"to":[10,4,10],
			"faces":{
				"north":{"uv":[6,10,10,12],"texture":"#flowerpot"},
				"east":{"uv":[6,10,10,12],"texture":"#flowerpot"},
				"south":{"uv":[6,10,10,12],"texture":"#flowerpot"},
				"west":{"uv":[6,10,10,12],"texture":"#flowerpot"},
				"up":{"uv":[6,6,10,10],"texture":"#dirt"}
			}
		},
		{
			"from":[5,0,5],
			"to":[11,6,11],
			"faces":{
				"north":{"uv":[5,10,11,16],"texture":"#flowerpot"},
				"east":{"uv":[5,10,11,16],"texture":"#flowerpot"},
				"south":{"uv":[5,10,11,16],"texture":"#flowerpot"},
				"west":{"uv":[5,10,11,16],"texture":"#flowerpot"},
				"up":{"uv":[4.9882,4.9882,11.0118,11.0118],"texture":"#flowerpot"},
				"down":{"uv":[5,10,11,16],"texture":"#flowerpot","cullface":"down"}
			}
		}
	]
}