{
	"__comment":"Designed by GeForceLegend",
	"ambientocclusion":false,
	"textures":{
		"0":"block/oak_sapling",
		"flowerpot":"block/flower_pot",
		"particle":"block/flower_pot",
		"dirt":"block/dirt"
	},
	"elements":[
		{
			"from":[7.625,4,6.875],
			"to":[8.375,11.5,9.125],
			"rotation":{"angle":-45,"axis":"y","origin":[8,6,8]},
			"faces":{
				"north":{"uv":[9,6,10,16],"texture":"#0"},
				"east":{"uv":[7,6,10,16],"texture":"#0"},
				"south":{"uv":[7,6,8,16],"texture":"#0"},
				"west":{"uv":[10,6,7,16],"texture":"#0"},
				"up":{"uv":[7,6,10,7],"rotation":270,"texture":"#0"}
			}
		},
		{
			"from":[6.875,4,7.625],
			"to":[9.125,11.5,8.375],
			"rotation":{"angle":-45,"axis":"y","origin":[8,6,8]},
			"faces":{
				"north":{"uv":[10,6,7,16],"texture":"#0"},
				"east":{"uv":[9,6,10,16],"texture":"#0"},
				"south":{"uv":[7,6,10,16],"texture":"#0"},
				"west":{"uv":[7,6,8,16],"texture":"#0"},
				"up":{"uv":[7,6,10,7],"texture":"#0"}
			}
		},
		{
			"from":[9.125,4.75,7.625],
			"to":[9.875,9.25,8.375],
			"rotation":{"angle":-45,"axis":"y","origin":[8,6,8]},
			"faces":{
				"north":{"uv":[10,9,11,15],"texture":"#0"},
				"east":{"uv":[10,9,11,15],"texture":"#0"},
				"south":{"uv":[10,9,11,15],"texture":"#0"},
				"up":{"uv":[10,9,11,10],"texture":"#0"},
				"down":{"uv":[10,14,11,15],"texture":"#0"}
			}
		},
		{
			"from":[7.625,4.75,6.125],
			"to":[8.375,9.25,6.875],
			"rotation":{"angle":-45,"axis":"y","origin":[8,6,8]},
			"faces":{
				"north":{"uv":[10,9,11,15],"texture":"#0"},
				"east":{"uv":[10,9,11,15],"texture":"#0"},
				"west":{"uv":[10,9,11,15],"texture":"#0"},
				"up":{"uv":[10,9,11,10],"rotation":270,"texture":"#0"},
				"down":{"uv":[10,14,11,15],"rotation":90,"texture":"#0"}
			}
		},
		{
			"from":[8.375,5.5,6.875],
			"to":[9.125,7,9.125],
			"rotation":{"angle":-45,"axis":"y","origin":[8,6,8]},
			"faces":{
				"east":{"uv":[9,12,10,14],"texture":"#0"},
				"south":{"uv":[9,12,10,14],"texture":"#0"},
				"up":{"uv":[9,12,10,13],"texture":"#0"},
				"down":{"uv":[9,13,10,14],"texture":"#0"}
			}
		},
		{
			"from":[6.875,5.5,6.875],
			"to":[9.125,7,7.625],
			"rotation":{"angle":-45,"axis":"y","origin":[8,6,8]},
			"faces":{
				"north":{"uv":[9,12,10,14],"texture":"#0"},
				"west":{"uv":[9,12,10,14],"texture":"#0"},
				"up":{"uv":[9,12,10,13],"rotation":270,"texture":"#0"},
				"down":{"uv":[9,13,10,14],"rotation":90,"texture":"#0"}
			}
		},
		{
			"from":[6.875,7,7.25],
			"to":[9.125,8.5,8.75],
			"rotation":{"angle":-45,"axis":"y","origin":[8,6,8]},
			"faces":{
				"north":{"uv":[10,10,7,12],"texture":"#0"},
				"east":{"uv":[9,10,10,12],"texture":"#0"},
				"south":{"uv":[7,10,10,12],"texture":"#0"},
				"west":{"uv":[7,10,8,12],"texture":"#0"},
				"up":{"uv":[7,10,10,11],"texture":"#0"},
				"down":{"uv":[7,11,10,12],"texture":"#0"}
			}
		},
		{
			"from":[7.25,7,6.875],
			"to":[8.75,8.5,9.125],
			"rotation":{"angle":-45,"axis":"y","origin":[8,6,8]},
			"faces":{
				"north":{"uv":[9,10,10,12],"texture":"#0"},
				"east":{"uv":[7,10,10,12],"texture":"#0"},
				"south":{"uv":[7,10,8,12],"texture":"#0"},
				"west":{"uv":[10,10,7,12],"texture":"#0"},
				"up":{"uv":[7,10,10,11],"rotation":270,"texture":"#0"},
				"down":{"uv":[7,11,10,12],"rotation":90,"texture":"#0"}
			}
		},
		{
			"from":[9.125,7.75,7.25],
			"to":[10.625,8.5,8.75],
			"rotation":{"angle":-45,"axis":"y","origin":[8,6,8]},
			"faces":{
				"north":{"uv":[12,10,10,11],"texture":"#0"},
				"east":{"uv":[11,10,12,11],"texture":"#0"},
				"south":{"uv":[10,10,12,11],"texture":"#0"},
				"up":{"uv":[10,10,12,11],"texture":"#0"},
				"down":{"uv":[10,10,12,11],"texture":"#0"}
			}
		},
		{
			"from":[7.25,7.75,5.375],
			"to":[8.75,8.5,6.875],
			"rotation":{"angle":-45,"axis":"y","origin":[8,6,8]},
			"faces":{
				"north":{"uv":[11,10,12,11],"texture":"#0"},
				"east":{"uv":[10,10,12,11],"texture":"#0"},
				"west":{"uv":[12,10,10,11],"texture":"#0"},
				"up":{"uv":[10,10,12,11],"rotation":270,"texture":"#0"},
				"down":{"uv":[10,10,12,11],"rotation":90,"texture":"#0"}
			}
		},
		{
			"from":[9.875,7,7.625],
			"to":[10.625,9.25,8.375],
			"rotation":{"angle":-45,"axis":"y","origin":[8,6,8]},
			"faces":{
				"north":{"uv":[11,9,12,12],"texture":"#0"},
				"east":{"uv":[11,9,12,12],"texture":"#0"},
				"south":{"uv":[11,9,12,12],"texture":"#0"},
				"down":{"uv":[11,11,12,12],"texture":"#0"}
			}
		},
		{
			"from":[7.625,7,5.375],
			"to":[8.375,9.25,6.125],
			"rotation":{"angle":-45,"axis":"y","origin":[8,6,8]},
			"faces":{
				"north":{"uv":[11,9,12,12],"texture":"#0"},
				"east":{"uv":[11,9,12,12],"texture":"#0"},
				"west":{"uv":[11,9,12,12],"texture":"#0"},
				"down":{"uv":[11,11,12,12],"rotation":90,"texture":"#0"}
			}
		},
		{
			"from":[9.875,9.25,7.625],
			"to":[11.375,10,8.375],
			"rotation":{"angle":-45,"axis":"y","origin":[8,6,8]},
			"faces":{
				"north":{"uv":[13,8,11,9],"texture":"#0"},
				"east":{"uv":[12,8,13,9],"texture":"#0"},
				"south":{"uv":[11,8,13,9],"texture":"#0"},
				"west":{"uv":[11,8,12,9],"texture":"#0"},
				"up":{"uv":[11,8,13,9],"texture":"#0"}
			}
		},
		{
			"from":[7.625,9.25,4.625],
			"to":[8.375,10,6.125],
			"rotation":{"angle":-45,"axis":"y","origin":[8,6,8]},
			"faces":{
				"north":{"uv":[12,8,13,9],"texture":"#0"},
				"east":{"uv":[11,8,13,9],"texture":"#0"},
				"south":{"uv":[11,8,12,9],"texture":"#0"},
				"west":{"uv":[13,8,11,9],"texture":"#0"},
				"up":{"uv":[11,8,13,9],"rotation":270,"texture":"#0"}
			}
		},
		{
			"from":[10.625,7.75,7.625],
			"to":[12.125,9.25,8.375],
			"rotation":{"angle":-45,"axis":"y","origin":[8,6,8]},
			"faces":{
				"north":{"uv":[14,9,12,11],"texture":"#0"},
				"east":{"uv":[13,9,14,11],"texture":"#0"},
				"south":{"uv":[12,9,14,11],"texture":"#0"},
				"up":{"uv":[12,9,14,10],"texture":"#0"},
				"down":{"uv":[12,10,14,11],"texture":"#0"}
			}
		},
		{
			"from":[7.625,7.75,3.875],
			"to":[8.375,9.25,5.375],
			"rotation":{"angle":-45,"axis":"y","origin":[8,6,8]},
			"faces":{
				"north":{"uv":[13,9,14,11],"texture":"#0"},
				"east":{"uv":[12,9,14,11],"texture":"#0"},
				"west":{"uv":[14,9,12,11],"texture":"#0"},
				"up":{"uv":[12,9,14,10],"rotation":270,"texture":"#0"},
				"down":{"uv":[12,10,14,11],"rotation":90,"texture":"#0"}
			}
		},
		{
			"from":[11.375,7,7.25],
			"to":[12.875,8.5,8.75],
			"rotation":{"angle":-45,"axis":"y","origin":[8,6,8]},
			"faces":{
				"north":{"uv":[15,10,13,12],"texture":"#0"},
				"east":{"uv":[14,10,15,13],"texture":"#0"},
				"south":{"uv":[13,10,15,12],"texture":"#0"},
				"west":{"uv":[13,10,14,12],"texture":"#0"},
				"up":{"uv":[13,10,15,11],"texture":"#0"},
				"down":{"uv":[13,11,14,12],"texture":"#0"}
			}
		},
		{
			"from":[7.25,7,3.125],
			"to":[8.75,8.5,4.625],
			"rotation":{"angle":-45,"axis":"y","origin":[8,6,8]},
			"faces":{
				"north":{"uv":[14,10,15,13],"texture":"#0"},
				"east":{"uv":[13,10,15,12],"texture":"#0"},
				"south":{"uv":[13,10,14,12],"texture":"#0"},
				"west":{"uv":[15,10,13,12],"texture":"#0"},
				"up":{"uv":[13,10,15,11],"rotation":270,"texture":"#0"},
				"down":{"uv":[13,11,14,12],"rotation":90,"texture":"#0"}
			}
		},
		{
			"from":[12.125,6.25,7.625],
			"to":[12.875,8.5,8.375],
			"rotation":{"angle":-45,"axis":"y","origin":[8,6,8]},
			"faces":{
				"north":{"uv":[14,10,15,13],"texture":"#0"},
				"east":{"uv":[14,10,15,13],"texture":"#0"},
				"south":{"uv":[14,10,15,13],"texture":"#0"},
				"west":{"uv":[14,10,15,13],"texture":"#0"},
				"down":{"uv":[14,12,15,13],"texture":"#0"}
			}
		},
		{
			"from":[7.625,6.25,3.125],
			"to":[8.375,8.5,3.875],
			"rotation":{"angle":-45,"axis":"y","origin":[8,6,8]},
			"faces":{
				"north":{"uv":[14,10,15,13],"texture":"#0"},
				"east":{"uv":[14,10,15,13],"texture":"#0"},
				"south":{"uv":[14,10,15,13],"texture":"#0"},
				"west":{"uv":[14,10,15,13],"texture":"#0"},
				"down":{"uv":[14,12,15,13],"rotation":90,"texture":"#0"}
			}
		},
		{
			"from":[9.875,8.5,7.25],
			"to":[11.375,9.25,8.75],
			"rotation":{"angle":-45,"axis":"y","origin":[8,6,8]},
			"faces":{
				"north":{"uv":[13,9,11,10],"texture":"#0"},
				"east":{"uv":[12,9,13,10],"texture":"#0"},
				"south":{"uv":[11,9,13,10],"texture":"#0"},
				"west":{"uv":[11,9,12,10],"texture":"#0"},
				"up":{"uv":[11,9,13,10],"texture":"#0"},
				"down":{"uv":[11,9,13,10],"texture":"#0"}
			}
		},
		{
			"from":[7.25,8.5,4.625],
			"to":[8.75,9.25,6.125],
			"rotation":{"angle":-45,"axis":"y","origin":[8,6,8]},
			"faces":{
				"north":{"uv":[12,9,13,10],"texture":"#0"},
				"east":{"uv":[11,9,13,10],"texture":"#0"},
				"south":{"uv":[11,9,12,10],"texture":"#0"},
				"west":{"uv":[13,9,11,10],"texture":"#0"},
				"up":{"uv":[11,9,13,10],"rotation":270,"texture":"#0"},
				"down":{"uv":[11,9,13,10],"rotation":90,"texture":"#0"}
			}
		},
		{
			"from":[8.375,10.75,7.625],
			"to":[9.875,12.25,8.375],
			"rotation":{"angle":-45,"axis":"y","origin":[8,6,8]},
			"faces":{
				"north":{"uv":[11,5,9,7],"texture":"#0"},
				"east":{"uv":[10,5,11,7],"texture":"#0"},
				"south":{"uv":[9,5,11,7],"texture":"#0"},
				"down":{"uv":[9,6,11,7],"texture":"#0"}
			}
		},
		{
			"from":[7.625,10.75,6.125],
			"to":[8.375,12.25,7.625],
			"rotation":{"angle":-45,"axis":"y","origin":[8,6,8]},
			"faces":{
				"north":{"uv":[10,5,11,7],"texture":"#0"},
				"east":{"uv":[9,5,11,7],"texture":"#0"},
				"west":{"uv":[11,5,9,7],"texture":"#0"},
				"down":{"uv":[9,6,11,7],"rotation":90,"texture":"#0"}
			}
		},
		{
			"from":[9.125,11.5,7.625],
			"to":[12.125,13.75,8.375],
			"rotation":{"angle":-45,"axis":"y","origin":[8,6,8]},
			"faces":{
				"north":{"uv":[14,3,10,6],"texture":"#0"},
				"east":{"uv":[13,3,14,6],"texture":"#0"},
				"south":{"uv":[10,3,14,6],"texture":"#0"},
				"west":{"uv":[10,3,11,6],"texture":"#0"},
				"up":{"uv":[10,3,14,4],"texture":"#0"},
				"down":{"uv":[10,5,14,6],"texture":"#0"}
			}
		},
		{
			"from":[7.625,11.5,3.875],
			"to":[8.375,13.75,6.875],
			"rotation":{"angle":-45,"axis":"y","origin":[8,6,8]},
			"faces":{
				"north":{"uv":[13,3,14,6],"texture":"#0"},
				"east":{"uv":[10,3,14,6],"texture":"#0"},
				"south":{"uv":[10,3,11,6],"texture":"#0"},
				"west":{"uv":[14,3,10,6],"texture":"#0"},
				"up":{"uv":[10,3,14,4],"rotation":270,"texture":"#0"},
				"down":{"uv":[10,5,14,6],"rotation":90,"texture":"#0"}
			}
		},
		{
			"from":[8.375,10.75,7.25],
			"to":[9.125,11.5,8.75],
			"rotation":{"angle":-45,"axis":"y","origin":[8,6,8]},
			"faces":{
				"north":{"uv":[9,6,10,7],"texture":"#0"},
				"east":{"uv":[9,6,10,7],"texture":"#0"},
				"south":{"uv":[9,6,10,7],"texture":"#0"},
				"up":{"uv":[9,6,10,7],"texture":"#0"},
				"down":{"uv":[9,6,10,7],"texture":"#0"}
			}
		},
		{
			"from":[7.25,10.75,6.875],
			"to":[8.75,11.5,7.625],
			"rotation":{"angle":-45,"axis":"y","origin":[8,6,8]},
			"faces":{
				"north":{"uv":[9,6,10,7],"texture":"#0"},
				"east":{"uv":[9,6,10,7],"texture":"#0"},
				"west":{"uv":[9,6,10,7],"texture":"#0"},
				"up":{"uv":[9,6,10,7],"rotation":270,"texture":"#0"},
				"down":{"uv":[9,6,10,7],"rotation":90,"texture":"#0"}
			}
		},
		{
			"from":[9.125,11.5,7.25],
			"to":[9.875,12.25,8.75],
			"rotation":{"angle":-45,"axis":"y","origin":[8,6,8]},
			"faces":{
				"north":{"uv":[10,5,11,6],"texture":"#0"},
				"east":{"uv":[10,5,11,6],"texture":"#0"},
				"south":{"uv":[10,5,11,6],"texture":"#0"},
				"west":{"uv":[10,5,11,6],"texture":"#0"},
				"up":{"uv":[10,5,11,6],"texture":"#0"},
				"down":{"uv":[10,5,11,6],"texture":"#0"}
			}
		},
		{
			"from":[7.25,11.5,6.125],
			"to":[8.75,12.25,6.875],
			"rotation":{"angle":-45,"axis":"y","origin":[8,6,8]},
			"faces":{
				"north":{"uv":[10,5,11,6],"texture":"#0"},
				"east":{"uv":[10,5,11,6],"texture":"#0"},
				"south":{"uv":[10,5,11,6],"texture":"#0"},
				"west":{"uv":[10,5,11,6],"texture":"#0"},
				"up":{"uv":[10,5,11,6],"rotation":270,"texture":"#0"},
				"down":{"uv":[10,5,11,6],"rotation":90,"texture":"#0"}
			}
		},
		{
			"from":[9.875,12.25,7.25],
			"to":[11.375,13,8.75],
			"rotation":{"angle":-45,"axis":"y","origin":[8,6,8]},
			"faces":{
				"north":{"uv":[13,4,11,5],"texture":"#0"},
				"east":{"uv":[12,4,13,5],"texture":"#0"},
				"south":{"uv":[11,4,13,5],"texture":"#0"},
				"west":{"uv":[11,4,12,5],"texture":"#0"},
				"up":{"uv":[11,4,13,5],"texture":"#0"},
				"down":{"uv":[11,4,13,5],"texture":"#0"}
			}
		},
		{
			"from":[7.25,12.25,4.625],
			"to":[8.75,13,6.125],
			"rotation":{"angle":-45,"axis":"y","origin":[8,6,8]},
			"faces":{
				"north":{"uv":[12,4,13,5],"texture":"#0"},
				"east":{"uv":[11,4,13,5],"texture":"#0"},
				"south":{"uv":[11,4,12,5],"texture":"#0"},
				"west":{"uv":[13,4,11,5],"texture":"#0"},
				"up":{"uv":[11,4,13,5],"rotation":270,"texture":"#0"},
				"down":{"uv":[11,4,13,5],"rotation":90,"texture":"#0"}
			}
		},
		{
			"from":[10.625,10.75,6.875],
			"to":[12.125,12.25,9.125],
			"rotation":{"angle":-45,"axis":"y","origin":[8,6,8]},
			"faces":{
				"north":{"uv":[14,5,12,7],"texture":"#0"},
				"east":{"uv":[13,5,14,7],"texture":"#0"},
				"south":{"uv":[12,5,14,7],"texture":"#0"},
				"west":{"uv":[12,5,13,7],"texture":"#0"},
				"up":{"uv":[12,5,14,6],"texture":"#0"},
				"down":{"uv":[12,6,14,7],"texture":"#0"}
			}
		},
		{
			"from":[6.875,10.75,3.875],
			"to":[9.125,12.25,5.375],
			"rotation":{"angle":-45,"axis":"y","origin":[8,6,8]},
			"faces":{
				"north":{"uv":[13,5,14,7],"texture":"#0"},
				"east":{"uv":[12,5,14,7],"texture":"#0"},
				"south":{"uv":[12,5,13,7],"texture":"#0"},
				"west":{"uv":[14,5,12,7],"texture":"#0"},
				"up":{"uv":[12,5,14,6],"rotation":270,"texture":"#0"},
				"down":{"uv":[12,6,14,7],"rotation":90,"texture":"#0"}
			}
		},
		{
			"from":[11.375,10,7.625],
			"to":[12.875,11.5,8.375],
			"rotation":{"angle":-45,"axis":"y","origin":[8,6,8]},
			"faces":{
				"north":{"uv":[15,6,13,8],"texture":"#0"},
				"east":{"uv":[14,6,15,8],"texture":"#0"},
				"south":{"uv":[13,6,15,8],"texture":"#0"},
				"west":{"uv":[13,6,14,8],"texture":"#0"},
				"up":{"uv":[13,6,15,7],"texture":"#0"},
				"down":{"uv":[12,6,14,7],"texture":"#0"}
			}
		},
		{
			"from":[7.625,10,3.125],
			"to":[8.375,11.5,4.625],
			"rotation":{"angle":-45,"axis":"y","origin":[8,6,8]},
			"faces":{
				"north":{"uv":[14,6,15,8],"texture":"#0"},
				"east":{"uv":[13,6,15,8],"texture":"#0"},
				"south":{"uv":[13,6,14,8],"texture":"#0"},
				"west":{"uv":[15,6,13,8],"texture":"#0"},
				"up":{"uv":[13,6,15,7],"rotation":270,"texture":"#0"},
				"down":{"uv":[12,6,14,7],"rotation":90,"texture":"#0"}
			}
		},
		{
			"from":[9.125,13.75,7.625],
			"to":[9.875,14.5,8.375],
			"rotation":{"angle":-45,"axis":"y","origin":[8,6,8]},
			"faces":{
				"north":{"uv":[10,2,11,3],"texture":"#0"},
				"south":{"uv":[10,2,11,3],"texture":"#0"},
				"west":{"uv":[10,2,11,3],"texture":"#0"},
				"up":{"uv":[10,2,11,3],"texture":"#0"}
			}
		},
		{
			"from":[7.625,13.75,6.125],
			"to":[8.375,14.5,6.875],
			"rotation":{"angle":-45,"axis":"y","origin":[8,6,8]},
			"faces":{
				"east":{"uv":[10,2,11,3],"texture":"#0"},
				"south":{"uv":[10,2,11,3],"texture":"#0"},
				"west":{"uv":[10,2,11,3],"texture":"#0"},
				"up":{"uv":[10,2,11,3],"rotation":270,"texture":"#0"}
			}
		},
		{
			"from":[9.875,13.75,7.625],
			"to":[10.625,15.25,8.375],
			"rotation":{"angle":-45,"axis":"y","origin":[8,6,8]},
			"faces":{
				"north":{"uv":[11,1,12,3],"texture":"#0"},
				"east":{"uv":[11,1,12,3],"texture":"#0"},
				"south":{"uv":[11,1,12,3],"texture":"#0"},
				"west":{"uv":[11,1,12,3],"texture":"#0"},
				"up":{"uv":[11,1,12,2],"texture":"#0"}
			}
		},
		{
			"from":[7.625,13.75,5.375],
			"to":[8.375,15.25,6.125],
			"rotation":{"angle":-45,"axis":"y","origin":[8,6,8]},
			"faces":{
				"north":{"uv":[11,1,12,3],"texture":"#0"},
				"east":{"uv":[11,1,12,3],"texture":"#0"},
				"south":{"uv":[11,1,12,3],"texture":"#0"},
				"west":{"uv":[11,1,12,3],"texture":"#0"},
				"up":{"uv":[11,1,12,2],"rotation":270,"texture":"#0"}
			}
		},
		{
			"from":[7.625,11.5,7.625],
			"to":[8.375,13,8.375],
			"rotation":{"angle":-45,"axis":"y","origin":[8,6,8]},
			"faces":{
				"south":{"uv":[8,4,9,6],"texture":"#0"},
				"west":{"uv":[8,4,9,6],"texture":"#0"},
				"up":{"uv":[8,4,9,5],"texture":"#0"}
			}
		},
		{
			"from":[8.375,12.25,7.25],
			"to":[9.125,13,8.75],
			"rotation":{"angle":-45,"axis":"y","origin":[8,6,8]},
			"faces":{
				"north":{"uv":[9,4,10,5],"texture":"#0"},
				"east":{"uv":[9,4,10,5],"texture":"#0"},
				"south":{"uv":[9,4,10,5],"texture":"#0"},
				"west":{"uv":[9,4,10,5],"texture":"#0"},
				"up":{"uv":[9,4,10,5],"texture":"#0"},
				"down":{"uv":[9,4,10,5],"texture":"#0"}
			}
		},
		{
			"from":[7.25,12.25,6.875],
			"to":[8.75,13,7.625],
			"rotation":{"angle":-45,"axis":"y","origin":[8,6,8]},
			"faces":{
				"north":{"uv":[9,4,10,5],"texture":"#0"},
				"east":{"uv":[9,4,10,5],"texture":"#0"},
				"south":{"uv":[9,4,10,5],"texture":"#0"},
				"west":{"uv":[9,4,10,5],"texture":"#0"},
				"up":{"uv":[9,4,10,5],"rotation":270,"texture":"#0"},
				"down":{"uv":[9,4,10,5],"rotation":90,"texture":"#0"}
			}
		},
		{
			"from":[5.375,5.5,7.25],
			"to":[6.875,7,8.75],
			"rotation":{"angle":-45,"axis":"y","origin":[8,6,8]},
			"faces":{
				"north":{"uv":[5,12,7,14],"texture":"#0"},
				"east":{"uv":[7,12,5,14],"texture":"#0"},
				"south":{"uv":[5,12,7,14],"texture":"#0"},
				"west":{"uv":[7,12,5,14],"texture":"#0"},
				"up":{"uv":[7,12,5,14],"texture":"#0"},
				"down":{"uv":[7,12,5,14],"texture":"#0"}
			}
		},
		{
			"from":[7.25,5.5,9.125],
			"to":[8.75,7,10.625],
			"rotation":{"angle":-45,"axis":"y","origin":[8,6,8]},
			"faces":{
				"north":{"uv":[7,12,5,14],"texture":"#0"},
				"east":{"uv":[5,12,7,14],"texture":"#0"},
				"south":{"uv":[7,12,5,14],"texture":"#0"},
				"west":{"uv":[5,12,7,14],"texture":"#0"},
				"up":{"uv":[7,12,5,14],"rotation":270,"texture":"#0"},
				"down":{"uv":[7,12,5,14],"rotation":90,"texture":"#0"}
			}
		},
		{
			"from":[6.125,7,7.625],
			"to":[6.875,13.75,8.375],
			"rotation":{"angle":-45,"axis":"y","origin":[8,6,8]},
			"faces":{
				"north":{"uv":[6,3,7,12],"texture":"#0"},
				"east":{"uv":[6,3,7,12],"texture":"#0"},
				"south":{"uv":[6,3,7,12],"texture":"#0"},
				"west":{"uv":[6,3,7,12],"texture":"#0"},
				"up":{"uv":[6,3,7,4],"texture":"#0"}
			}
		},
		{
			"from":[7.625,7,9.125],
			"to":[8.375,13.75,9.875],
			"rotation":{"angle":-45,"axis":"y","origin":[8,6,8]},
			"faces":{
				"north":{"uv":[6,3,7,12],"texture":"#0"},
				"east":{"uv":[6,3,7,12],"texture":"#0"},
				"south":{"uv":[6,3,7,12],"texture":"#0"},
				"west":{"uv":[6,3,7,12],"texture":"#0"},
				"up":{"uv":[6,3,7,4],"rotation":270,"texture":"#0"}
			}
		},
		{
			"from":[7.625,12.25,8.375],
			"to":[8.375,14.5,9.125],
			"rotation":{"angle":-45,"axis":"y","origin":[8,6,8]},
			"faces":{
				"north":{"uv":[7,2,8,5],"texture":"#0"},
				"east":{"uv":[7,2,8,5],"texture":"#0"},
				"south":{"uv":[7,2,8,5],"texture":"#0"},
				"west":{"uv":[7,2,8,5],"texture":"#0"},
				"up":{"uv":[7,2,8,3],"texture":"#0"},
				"down":{"uv":[7,4,8,5],"texture":"#0"}
			}
		},
		{
			"from":[6.875,12.25,7.625],
			"to":[7.625,14.5,8.375],
			"rotation":{"angle":-45,"axis":"y","origin":[8,6,8]},
			"faces":{
				"north":{"uv":[7,2,8,5],"texture":"#0"},
				"east":{"uv":[7,2,8,5],"texture":"#0"},
				"south":{"uv":[7,2,8,5],"texture":"#0"},
				"west":{"uv":[7,2,8,5],"texture":"#0"},
				"up":{"uv":[7,2,8,3],"texture":"#0"},
				"down":{"uv":[7,4,8,5],"texture":"#0"}
			}
		},
		{
			"from":[5.375,7,7.625],
			"to":[6.125,10,8.375],
			"rotation":{"angle":-45,"axis":"y","origin":[8,6,8]},
			"faces":{
				"north":{"uv":[5,8,6,12],"texture":"#0"},
				"south":{"uv":[5,8,6,12],"texture":"#0"},
				"west":{"uv":[5,8,6,12],"texture":"#0"},
				"up":{"uv":[5,8,6,9],"texture":"#0"}
			}
		},
		{
			"from":[7.625,7,9.875],
			"to":[8.375,10,10.625],
			"rotation":{"angle":-45,"axis":"y","origin":[8,6,8]},
			"faces":{
				"east":{"uv":[5,8,6,12],"texture":"#0"},
				"south":{"uv":[5,8,6,12],"texture":"#0"},
				"west":{"uv":[5,8,6,12],"texture":"#0"},
				"up":{"uv":[5,8,6,9],"rotation":270,"texture":"#0"}
			}
		},
		{
			"from":[3.875,7.75,7.625],
			"to":[5.375,9.25,8.375],
			"rotation":{"angle":-45,"axis":"y","origin":[8,6,8]},
			"faces":{
				"north":{"uv":[5,9,3,11],"texture":"#0"},
				"south":{"uv":[3,9,5,11],"texture":"#0"},
				"west":{"uv":[3,9,4,11],"texture":"#0"},
				"up":{"uv":[3,9,5,10],"texture":"#0"}
			}
		},
		{
			"from":[7.625,7.75,10.625],
			"to":[8.375,9.25,12.125],
			"rotation":{"angle":-45,"axis":"y","origin":[8,6,8]},
			"faces":{
				"east":{"uv":[3,9,5,11],"texture":"#0"},
				"south":{"uv":[3,9,4,11],"texture":"#0"},
				"west":{"uv":[5,9,3,11],"texture":"#0"},
				"up":{"uv":[3,9,5,10],"rotation":270,"texture":"#0"}
			}
		},
		{
			"from":[3.125,7.75,7.625],
			"to":[3.875,8.5,8.375],
			"rotation":{"angle":-45,"axis":"y","origin":[8,6,8]},
			"faces":{
				"north":{"uv":[2,10,3,11],"texture":"#0"},
				"south":{"uv":[2,10,3,11],"texture":"#0"},
				"west":{"uv":[2,10,3,11],"texture":"#0"},
				"up":{"uv":[2,10,3,11],"texture":"#0"}
			}
		},
		{
			"from":[7.625,7.75,12.125],
			"to":[8.375,8.5,12.875],
			"rotation":{"angle":-45,"axis":"y","origin":[8,6,8]},
			"faces":{
				"east":{"uv":[2,10,3,11],"texture":"#0"},
				"south":{"uv":[2,10,3,11],"texture":"#0"},
				"west":{"uv":[2,10,3,11],"texture":"#0"},
				"up":{"uv":[2,10,3,11],"rotation":270,"texture":"#0"}
			}
		},
		{
			"from":[2.375,7,7.625],
			"to":[4.625,7.75,8.375],
			"rotation":{"angle":-45,"axis":"y","origin":[8,6,8]},
			"faces":{
				"north":{"uv":[1,11,2,12],"texture":"#0"},
				"east":{"uv":[1,11,2,12],"texture":"#0"},
				"south":{"uv":[1,11,2,12],"texture":"#0"},
				"west":{"uv":[1,11,2,12],"texture":"#0"},
				"up":{"uv":[1,11,2,12],"texture":"#0"},
				"down":{"uv":[1,11,2,12],"texture":"#0"}
			}
		},
		{
			"from":[7.625,7,11.375],
			"to":[8.375,7.75,13.625],
			"rotation":{"angle":-45,"axis":"y","origin":[8,6,8]},
			"faces":{
				"north":{"uv":[1,11,2,12],"texture":"#0"},
				"east":{"uv":[1,11,2,12],"texture":"#0"},
				"south":{"uv":[1,11,2,12],"texture":"#0"},
				"west":{"uv":[1,11,2,12],"texture":"#0"},
				"up":{"uv":[1,11,2,12],"rotation":270,"texture":"#0"},
				"down":{"uv":[1,11,2,12],"rotation":90,"texture":"#0"}
			}
		},
		{
			"from":[3.875,7.75,6.875],
			"to":[5.375,8.5,9.125],
			"rotation":{"angle":-45,"axis":"y","origin":[8,6,8]},
			"faces":{
				"north":{"uv":[3,10,5,11],"texture":"#0"},
				"east":{"uv":[3,10,5,11],"texture":"#0"},
				"south":{"uv":[3,10,5,11],"texture":"#0"},
				"west":{"uv":[3,10,5,11],"texture":"#0"},
				"up":{"uv":[3,10,5,11],"texture":"#0"},
				"down":{"uv":[3,10,5,11],"texture":"#0"}
			}
		},
		{
			"from":[6.875,7.75,10.625],
			"to":[9.125,8.5,12.125],
			"rotation":{"angle":-45,"axis":"y","origin":[8,6,8]},
			"faces":{
				"north":{"uv":[3,10,5,11],"texture":"#0"},
				"east":{"uv":[3,10,5,11],"texture":"#0"},
				"south":{"uv":[3,10,5,11],"texture":"#0"},
				"west":{"uv":[3,10,5,11],"texture":"#0"},
				"up":{"uv":[3,10,5,11],"rotation":270,"texture":"#0"},
				"down":{"uv":[3,10,5,11],"rotation":90,"texture":"#0"}
			}
		},
		{
			"from":[5.375,7.75,7.25],
			"to":[6.875,8.5,8.75],
			"rotation":{"angle":-45,"axis":"y","origin":[8,6,8]},
			"faces":{
				"north":{"uv":[7,10,5,11],"texture":"#0"},
				"south":{"uv":[5,10,7,11],"texture":"#0"},
				"up":{"uv":[5,10,7,11],"texture":"#0"},
				"down":{"uv":[5,10,7,11],"texture":"#0"}
			}
		},
		{
			"from":[7.25,7.75,9.125],
			"to":[8.75,8.5,10.625],
			"rotation":{"angle":-45,"axis":"y","origin":[8,6,8]},
			"faces":{
				"east":{"uv":[5,10,7,11],"texture":"#0"},
				"west":{"uv":[7,10,5,11],"texture":"#0"},
				"up":{"uv":[5,10,7,11],"rotation":270,"texture":"#0"},
				"down":{"uv":[5,10,7,11],"rotation":90,"texture":"#0"}
			}
		},
		{
			"from":[6.125,8.5,6.875],
			"to":[7.625,9.25,9.125],
			"rotation":{"angle":-45,"axis":"y","origin":[8,6,8]},
			"faces":{
				"north":{"uv":[8,9,6,10],"texture":"#0"},
				"south":{"uv":[6,9,8,10],"texture":"#0"},
				"west":{"uv":[6,9,7,10],"texture":"#0"},
				"up":{"uv":[6,9,8,10],"texture":"#0"},
				"down":{"uv":[6,9,8,10],"texture":"#0"}
			}
		},
		{
			"from":[6.875,8.5,8.375],
			"to":[9.125,9.25,9.875],
			"rotation":{"angle":-45,"axis":"y","origin":[8,6,8]},
			"faces":{
				"east":{"uv":[6,9,8,10],"texture":"#0"},
				"south":{"uv":[6,9,7,10],"texture":"#0"},
				"west":{"uv":[8,9,6,10],"texture":"#0"},
				"up":{"uv":[6,9,8,10],"rotation":270,"texture":"#0"},
				"down":{"uv":[6,9,8,10],"rotation":90,"texture":"#0"}
			}
		},
		{
			"from":[6.875,10,7.25],
			"to":[7.625,10.75,8.75],
			"rotation":{"angle":-45,"axis":"y","origin":[8,6,8]},
			"faces":{
				"north":{"uv":[7,7,8,8],"texture":"#0"},
				"south":{"uv":[7,7,8,8],"texture":"#0"},
				"west":{"uv":[7,7,8,8],"texture":"#0"},
				"up":{"uv":[7,7,8,8],"texture":"#0"},
				"down":{"uv":[7,7,8,8],"texture":"#0"}
			}
		},
		{
			"from":[7.25,10,8.375],
			"to":[8.75,10.75,9.125],
			"rotation":{"angle":-45,"axis":"y","origin":[8,6,8]},
			"faces":{
				"east":{"uv":[7,7,8,8],"texture":"#0"},
				"south":{"uv":[7,7,8,8],"texture":"#0"},
				"west":{"uv":[7,7,8,8],"texture":"#0"},
				"up":{"uv":[7,7,8,8],"rotation":270,"texture":"#0"},
				"down":{"uv":[7,7,8,8],"rotation":90,"texture":"#0"}
			}
		},
		{
			"from":[6.125,10.75,7.25],
			"to":[6.875,11.5,8.75],
			"rotation":{"angle":-45,"axis":"y","origin":[8,6,8]},
			"faces":{
				"north":{"uv":[6,6,7,7],"texture":"#0"},
				"east":{"uv":[6,6,7,7],"texture":"#0"},
				"south":{"uv":[6,6,7,7],"texture":"#0"},
				"west":{"uv":[6,6,7,7],"texture":"#0"},
				"up":{"uv":[6,6,7,7],"texture":"#0"},
				"down":{"uv":[6,6,7,7],"texture":"#0"}
			}
		},
		{
			"from":[7.25,10.75,9.125],
			"to":[8.75,11.5,9.875],
			"rotation":{"angle":-45,"axis":"y","origin":[8,6,8]},
			"faces":{
				"north":{"uv":[6,6,7,7],"texture":"#0"},
				"east":{"uv":[6,6,7,7],"texture":"#0"},
				"south":{"uv":[6,6,7,7],"texture":"#0"},
				"west":{"uv":[6,6,7,7],"texture":"#0"},
				"up":{"uv":[6,6,7,7],"rotation":270,"texture":"#0"},
				"down":{"uv":[6,6,7,7],"rotation":90,"texture":"#0"}
			}
		},
		{
			"from":[5.375,12.25,7.625],
			"to":[6.125,13,8.375],
			"rotation":{"angle":-45,"axis":"y","origin":[8,6,8]},
			"faces":{
				"north":{"uv":[4,4,5,5],"texture":"#0"},
				"south":{"uv":[4,4,5,5],"texture":"#0"},
				"up":{"uv":[4,4,5,5],"texture":"#0"}
			}
		},
		{
			"from":[7.625,12.25,9.875],
			"to":[8.375,13,10.625],
			"rotation":{"angle":-45,"axis":"y","origin":[8,6,8]},
			"faces":{
				"east":{"uv":[4,4,5,5],"texture":"#0"},
				"west":{"uv":[4,4,5,5],"texture":"#0"},
				"up":{"uv":[4,4,5,5],"rotation":270,"texture":"#0"}
			}
		},
		{
			"from":[4.625,12.25,7.625],
			"to":[5.375,13.75,8.375],
			"rotation":{"angle":-45,"axis":"y","origin":[8,6,8]},
			"faces":{
				"north":{"uv":[4,3,5,5],"texture":"#0"},
				"east":{"uv":[4,3,5,5],"texture":"#0"},
				"south":{"uv":[4,3,5,5],"texture":"#0"},
				"west":{"uv":[4,3,5,5],"texture":"#0"},
				"up":{"uv":[4,3,5,4],"texture":"#0"}
			}
		},
		{
			"from":[7.625,12.25,10.625],
			"to":[8.375,13.75,11.375],
			"rotation":{"angle":-45,"axis":"y","origin":[8,6,8]},
			"faces":{
				"north":{"uv":[4,3,5,5],"texture":"#0"},
				"east":{"uv":[4,3,5,5],"texture":"#0"},
				"south":{"uv":[4,3,5,5],"texture":"#0"},
				"west":{"uv":[4,3,5,5],"texture":"#0"},
				"up":{"uv":[4,3,5,4],"rotation":270,"texture":"#0"}
			}
		},
		{
			"from":[3.125,11.5,7.625],
			"to":[6.125,12.25,8.375],
			"rotation":{"angle":-45,"axis":"y","origin":[8,6,8]},
			"faces":{
				"north":{"uv":[6,5,2,6],"texture":"#0"},
				"south":{"uv":[2,5,6,6],"texture":"#0"},
				"west":{"uv":[2,5,3,6],"texture":"#0"},
				"up":{"uv":[2,5,6,6],"texture":"#0"},
				"down":{"uv":[2,5,6,6],"texture":"#0"}
			}
		},
		{
			"from":[7.625,11.5,9.875],
			"to":[8.375,12.25,12.875],
			"rotation":{"angle":-45,"axis":"y","origin":[8,6,8]},
			"faces":{
				"east":{"uv":[2,5,6,6],"texture":"#0"},
				"south":{"uv":[2,5,3,6],"texture":"#0"},
				"west":{"uv":[6,5,2,6],"texture":"#0"},
				"up":{"uv":[2,5,6,6],"rotation":270,"texture":"#0"},
				"down":{"uv":[2,5,6,6],"rotation":90,"texture":"#0"}
			}
		},
		{
			"from":[3.875,10.75,7.625],
			"to":[6.125,11.5,8.375],
			"rotation":{"angle":-45,"axis":"y","origin":[8,6,8]},
			"faces":{
				"north":{"uv":[6,6,3,7],"texture":"#0"},
				"south":{"uv":[3,6,6,7],"texture":"#0"},
				"west":{"uv":[3,6,4,7],"texture":"#0"},
				"down":{"uv":[3,6,6,7],"texture":"#0"}
			}
		},
		{
			"from":[7.625,10.75,9.875],
			"to":[8.375,11.5,12.125],
			"rotation":{"angle":-45,"axis":"y","origin":[8,6,8]},
			"faces":{
				"east":{"uv":[3,6,6,7],"texture":"#0"},
				"south":{"uv":[3,6,4,7],"texture":"#0"},
				"west":{"uv":[6,6,3,7],"texture":"#0"},
				"down":{"uv":[3,6,6,7],"rotation":90,"texture":"#0"}
			}
		},
		{
			"from":[4.625,11.5,6.875],
			"to":[6.125,12.25,9.125],
			"rotation":{"angle":-45,"axis":"y","origin":[8,6,8]},
			"faces":{
				"north":{"uv":[6,5,4,6],"texture":"#0"},
				"east":{"uv":[5,5,6,6],"texture":"#0"},
				"south":{"uv":[4,5,6,6],"texture":"#0"},
				"west":{"uv":[4,5,5,6],"texture":"#0"},
				"up":{"uv":[4,5,6,6],"texture":"#0"},
				"down":{"uv":[4,5,6,6],"texture":"#0"}
			}
		},
		{
			"from":[6.875,11.5,9.875],
			"to":[9.125,12.25,11.375],
			"rotation":{"angle":-45,"axis":"y","origin":[8,6,8]},
			"faces":{
				"north":{"uv":[5,5,6,6],"texture":"#0"},
				"east":{"uv":[4,5,6,6],"texture":"#0"},
				"south":{"uv":[4,5,5,6],"texture":"#0"},
				"west":{"uv":[6,5,4,6],"texture":"#0"},
				"up":{"uv":[4,5,6,6],"rotation":270,"texture":"#0"},
				"down":{"uv":[4,5,6,6],"rotation":90,"texture":"#0"}
			}
		},
		{
			"from":[6,6,6],
			"to":[10,4,10],
			"faces":{
				"north":{"uv":[6,10,10,12],"texture":"#flowerpot"},
				"east":{"uv":[6,10,10,12],"texture":"#flowerpot"},
				"south":{"uv":[6,10,10,12],"texture":"#flowerpot"},
				"west":{"uv":[6,10,10,12],"texture":"#flowerpot"},
				"up":{"uv":[6,6,10,10],"texture":"#dirt"}
			}
		},
		{
			"from":[5,0,5],
			"to":[11,6,11],
			"faces":{
				"north":{"uv":[5,10,11,16],"texture":"#flowerpot"},
				"east":{"uv":[5,10,11,16],"texture":"#flowerpot"},
				"south":{"uv":[5,10,11,16],"texture":"#flowerpot"},
				"west":{"uv":[5,10,11,16],"texture":"#flowerpot"},
				"up":{"uv":[4.9882,4.9882,11.0118,11.0118],"texture":"#flowerpot"},
				"down":{"uv":[5,10,11,16],"texture":"#flowerpot","cullface":"down"}
			}
		}
	]
}