{
	"__comment":"Designed by GeForceLegend",
	"ambientocclusion":false,
	"textures":{
		"cross":"block/red_mushroom",
		"flowerpot":"block/flower_pot",
		"particle":"block/flower_pot",
		"dirt":"block/dirt"
	},
	"elements":[
		{
			"from":[7.25,4,7.25],
			"to":[8.75,9.25,8.75],
			"rotation":{"angle":-45,"axis":"y","origin":[8,8,8]},
			"faces":{
				"north":{"uv":[7,9,9,16],"texture":"#cross"},
				"east":{"uv":[7,9,9,16],"texture":"#cross"},
				"south":{"uv":[7,9,9,16],"texture":"#cross"},
				"west":{"uv":[7,9,9,16],"texture":"#cross"}
			}
		},
		{
			"from":[7.25,6.25,5],
			"to":[8.75,7.75,11],
			"rotation":{"angle":-45,"axis":"y","origin":[8,8,8]},
			"faces":{
				"north":{"uv":[6,11,4,13],"texture":"#cross"},
				"east":{"uv":[11,11,5,13],"texture":"#cross"},
				"south":{"uv":[12,11,10,13],"texture":"#cross"},
				"west":{"uv":[4,11,12,13],"texture":"#cross"},
				"up":{"uv":[4,11,8,13],"rotation":270,"texture":"#cross"},
				"down":{"uv":[12,11,4,13],"rotation":90,"texture":"#cross"}
			}
		},
		{
			"from":[5,6.25,7.25],
			"to":[11,7.75,8.75],
			"rotation":{"angle":-45,"axis":"y","origin":[8,8,8]},
			"faces":{
				"north":{"uv":[4,11,12,13],"texture":"#cross"},
				"east":{"uv":[6,11,4,13],"texture":"#cross"},
				"south":{"uv":[11,11,5,13],"texture":"#cross"},
				"west":{"uv":[12,11,10,13],"texture":"#cross"},
				"up":{"uv":[4,11,8,13],"texture":"#cross"},
				"down":{"uv":[12,11,4,13],"texture":"#cross"}
			}
		},
		{
			"from":[5.75,6.2575,6.5],
			"to":[10.25,7.75,9.5],
			"rotation":{"angle":-45,"axis":"y","origin":[8,13.375,8]},
			"faces":{
				"north":{"uv":[6,11,10,13],"texture":"#cross"},
				"east":{"uv":[6,9,10,11],"texture":"#cross"},
				"south":{"uv":[10,9,6,11],"texture":"#cross"},
				"west":{"uv":[9,11,7,13],"texture":"#cross"},
				"up":{"uv":[10,11,6,9],"texture":"#cross"},
				"down":{"uv":[5,13,11,10],"rotation":180,"texture":"#cross"}
			}
		},
		{
			"from":[6.5,6.265,5.75],
			"to":[9.5,7.75,10.25],
			"rotation":{"angle":-45,"axis":"y","origin":[8,13.375,8]},
			"faces":{
				"north":{"uv":[9,11,7,13],"texture":"#cross"},
				"east":{"uv":[6,11,10,13],"texture":"#cross"},
				"south":{"uv":[6,9,10,11],"texture":"#cross"},
				"west":{"uv":[10,9,6,11],"texture":"#cross"},
				"up":{"uv":[10,11,6,9],"rotation":90,"texture":"#cross"},
				"down":{"uv":[5,13,11,10],"rotation":90,"texture":"#cross"}
			}
		},
		{
			"from":[5.75,7.75,7.25],
			"to":[10.25,8.5,8.75],
			"rotation":{"angle":-45,"axis":"y","origin":[8,8,8]},
			"faces":{
				"north":{"uv":[11,11,5,12],"texture":"#cross"},
				"east":{"uv":[9,11,11,12],"texture":"#cross"},
				"south":{"uv":[11,10,5,11],"texture":"#cross"},
				"west":{"uv":[6,11,4,12],"texture":"#cross"},
				"up":{"uv":[5,12,11,10],"texture":"#cross"}
			}
		},
		{
			"from":[7.25,7.75,5.75],
			"to":[8.75,8.5,10.25],
			"rotation":{"angle":-45,"axis":"y","origin":[8,8,8]},
			"faces":{
				"north":{"uv":[11,11,9,12],"texture":"#cross"},
				"east":{"uv":[5,11,11,12],"texture":"#cross"},
				"south":{"uv":[4,11,6,12],"texture":"#cross"},
				"west":{"uv":[5,10,11,11],"texture":"#cross"},
				"up":{"uv":[11,12,5,10],"rotation":90,"texture":"#cross"}
			}
		},
		{
			"from":[6.5,7.75,6.5],
			"to":[9.5,8.5,9.5],
			"rotation":{"angle":-45,"axis":"y","origin":[8,8,8]},
			"faces":{
				"north":{"uv":[10,9,6,10],"texture":"#cross"},
				"east":{"uv":[9,9,10,13],"rotation":90,"texture":"#cross"},
				"south":{"uv":[6,12,10,13],"texture":"#cross"},
				"west":{"uv":[6,13,7,9],"rotation":90,"texture":"#cross"},
				"up":{"uv":[6,9,10,13],"texture":"#cross"}
			}
		},
		{
			"from":[7.25,8.5,6.5],
			"to":[8.75,9.25,9.5],
			"rotation":{"angle":-45,"axis":"y","origin":[8,8,8]},
			"faces":{
				"north":{"uv":[7,9,9,10],"texture":"#cross"},
				"east":{"uv":[8,9,9,13],"rotation":90,"texture":"#cross"},
				"south":{"uv":[7,12,9,13],"texture":"#cross"},
				"west":{"uv":[7,13,8,9],"rotation":90,"texture":"#cross"},
				"up":{"uv":[7,9,9,13],"texture":"#cross"}
			}
		},
		{
			"from":[6.5,8.5,7.25],
			"to":[9.5,9.25,8.75],
			"rotation":{"angle":-45,"axis":"y","origin":[8,8,8]},
			"faces":{
				"north":{"uv":[10,10,6,11],"texture":"#cross"},
				"east":{"uv":[4,11,6,12],"texture":"#cross"},
				"south":{"uv":[6,11,10,12],"texture":"#cross"},
				"west":{"uv":[7,9,9,10],"texture":"#cross"},
				"up":{"uv":[6,10,10,12],"texture":"#cross"}
			}
		},
		{
			"from":[5,0,5],
			"to":[11,6,11],
			"faces":{
				"north":{"uv":[5,10,11,16],"texture":"#flowerpot"},
				"east":{"uv":[5,10,11,16],"texture":"#flowerpot"},
				"south":{"uv":[5,10,11,16],"texture":"#flowerpot"},
				"west":{"uv":[5,10,11,16],"texture":"#flowerpot"},
				"up":{"uv":[4.9882,4.9882,11.0118,11.0118],"texture":"#flowerpot"},
				"down":{"uv":[5,10,11,16],"texture":"#flowerpot","cullface":"down"}
			}
		},
		{
			"from":[6,6,6],
			"to":[10,4,10],
			"faces":{
				"north":{"uv":[6,10,10,12],"texture":"#flowerpot"},
				"east":{"uv":[6,10,10,12],"texture":"#flowerpot"},
				"south":{"uv":[6,10,10,12],"texture":"#flowerpot"},
				"west":{"uv":[6,10,10,12],"texture":"#flowerpot"},
				"up":{"uv":[6,6,10,10],"texture":"#dirt"}
			}
		}
	]
}