{
	"__comment":"Designed by GeForceLegend",
	"ambientocclusion":false,
	"textures":{
		"0":"block/acacia_sapling",
		"flowerpot":"block/flower_pot",
		"particle":"block/flower_pot",
		"dirt":"block/dirt"
	},
	"elements":[
		{
			"from":[7.25,4,6.5],
			"to":[8.75,11.5,9.5],
			"rotation":{"angle":-45,"axis":"y","origin":[8,6,8]},
			"faces":{
				"north":{"uv":[8,6,10,16],"texture":"#0"},
				"east":{"uv":[6,6,10,16],"texture":"#0"},
				"south":{"uv":[6,6,8,16],"texture":"#0"},
				"west":{"uv":[10,6,6,16],"texture":"#0"},
				"up":{"uv":[9,4,7,8],"texture":"#0"}
			}
		},
		{
			"from":[6.5,4,7.25],
			"to":[9.5,11.5,8.75],
			"rotation":{"angle":-45,"axis":"y","origin":[8,6,8]},
			"faces":{
				"north":{"uv":[10,6,6,16],"texture":"#0"},
				"east":{"uv":[8,6,10,16],"texture":"#0"},
				"south":{"uv":[6,6,10,16],"texture":"#0"},
				"west":{"uv":[6,6,8,16],"texture":"#0"},
				"up":{"uv":[10,5,6,7],"texture":"#0"}
			}
		},
		{
			"from":[7.625,5.5,5.75],
			"to":[8.375,11.5,6.5],
			"rotation":{"angle":-45,"axis":"y","origin":[8,6,8]},
			"faces":{
				"north":{"uv":[10,6,11,14],"texture":"#0"},
				"east":{"uv":[10,6,11,14],"texture":"#0"},
				"west":{"uv":[10,6,11,14],"texture":"#0"},
				"down":{"uv":[10,13,11,14],"texture":"#0"}
			}
		},
		{
			"from":[7.625,7.75,5],
			"to":[8.375,8.5,5.75],
			"rotation":{"angle":-45,"axis":"y","origin":[8,6,8]},
			"faces":{
				"north":{"uv":[10,10,12,11],"texture":"#0"},
				"east":{"uv":[10,10,12,11],"texture":"#0"},
				"west":{"uv":[10,10,12,11],"texture":"#0"},
				"up":{"uv":[10,10,12,11],"texture":"#0"},
				"down":{"uv":[10,10,12,11],"texture":"#0"}
			}
		},
		{
			"from":[5.75,6.25,7.625],
			"to":[6.5,10.75,8.375],
			"rotation":{"angle":-45,"axis":"y","origin":[8,6,8]},
			"faces":{
				"north":{"uv":[10,8,11,14],"texture":"#0"},
				"south":{"uv":[10,8,11,14],"texture":"#0"},
				"west":{"uv":[10,8,11,14],"texture":"#0"},
				"down":{"uv":[10,13,11,14],"texture":"#0"}
			}
		},
		{
			"from":[5,7.75,7.625],
			"to":[5.75,9.25,8.375],
			"rotation":{"angle":-45,"axis":"y","origin":[8,6,8]},
			"faces":{
				"north":{"uv":[10,10,12,11],"texture":"#0"},
				"south":{"uv":[10,10,12,11],"texture":"#0"},
				"west":{"uv":[10,10,12,11],"texture":"#0"},
				"up":{"uv":[10,10,12,11],"texture":"#0"},
				"down":{"uv":[10,10,12,11],"texture":"#0"}
			}
		},
		{
			"from":[7.625,6.25,9.5],
			"to":[8.375,7,11],
			"rotation":{"angle":-45,"axis":"y","origin":[8,6,8]},
			"faces":{
				"east":{"uv":[4,12,6,13],"texture":"#0"},
				"south":{"uv":[4,12,5,13],"texture":"#0"},
				"west":{"uv":[6,12,4,13],"texture":"#0"},
				"down":{"uv":[6,12,4,13],"rotation":270,"texture":"#0"}
			}
		},
		{
			"from":[7.25,7,9.5],
			"to":[8.75,7.75,11.75],
			"rotation":{"angle":-45,"axis":"y","origin":[8,6,8]},
			"faces":{
				"east":{"uv":[3,11,6,12],"texture":"#0"},
				"south":{"uv":[3,11,4,12],"texture":"#0"},
				"west":{"uv":[6,11,3,12],"texture":"#0"},
				"up":{"uv":[6,2,3,4],"rotation":270,"texture":"#0"},
				"down":{"uv":[3,4,6,2],"rotation":270,"texture":"#0"}
			}
		},
		{
			"from":[9.5,6.25,7.625],
			"to":[11,7,8.375],
			"rotation":{"angle":-45,"axis":"y","origin":[8,6,8]},
			"faces":{
				"north":{"uv":[4,12,6,13],"texture":"#0"},
				"east":{"uv":[4,12,5,13],"texture":"#0"},
				"south":{"uv":[6,12,4,13],"texture":"#0"},
				"up":{"uv":[6,12,4,13],"texture":"#0"},
				"down":{"uv":[6,12,4,13],"texture":"#0"}
			}
		},
		{
			"from":[7.625,7.75,9.5],
			"to":[8.375,9.25,10.25],
			"rotation":{"angle":-45,"axis":"y","origin":[8,6,8]},
			"faces":{
				"east":{"uv":[5,9,6,11],"texture":"#0"},
				"south":{"uv":[5,9,6,11],"texture":"#0"},
				"west":{"uv":[5,9,6,11],"texture":"#0"}
			}
		},
		{
			"from":[9.5,7,7.625],
			"to":[10.25,10,8.375],
			"rotation":{"angle":-45,"axis":"y","origin":[8,6,8]},
			"faces":{
				"north":{"uv":[5,8,6,12],"texture":"#0"},
				"east":{"uv":[5,8,6,12],"texture":"#0"},
				"south":{"uv":[5,8,6,12],"texture":"#0"},
				"up":{"uv":[5,8,6,9],"texture":"#0"}
			}
		},
		{
			"from":[7.625,9.25,8.75],
			"to":[8.375,12.25,11],
			"rotation":{"angle":-45,"axis":"y","origin":[8,6,8]},
			"faces":{
				"east":{"uv":[4,5,7,9],"texture":"#0"},
				"south":{"uv":[4,5,5,9],"texture":"#0"},
				"west":{"uv":[7,5,4,9],"texture":"#0"},
				"down":{"uv":[4,8,5,9],"texture":"#0"}
			}
		},
		{
			"from":[6.875,10,8.75],
			"to":[9.125,10.75,11],
			"rotation":{"angle":-45,"axis":"y","origin":[8,6,8]},
			"faces":{
				"east":{"uv":[8,6,5,7],"texture":"#0"},
				"south":{"uv":[6,6,9,7],"texture":"#0"},
				"west":{"uv":[7,6,4,7],"texture":"#0"},
				"up":{"uv":[4,6,7,3],"texture":"#0"},
				"down":{"uv":[4,3,7,6],"texture":"#0"}
			}
		},
		{
			"from":[7.625,10,11],
			"to":[8.375,10.75,11.75],
			"rotation":{"angle":-45,"axis":"y","origin":[8,6,8]},
			"faces":{
				"east":{"uv":[3,7,4,8],"texture":"#0"},
				"south":{"uv":[3,7,4,8],"texture":"#0"},
				"west":{"uv":[3,7,4,8],"texture":"#0"},
				"up":{"uv":[3,7,4,8],"texture":"#0"},
				"down":{"uv":[3,7,4,8],"texture":"#0"}
			}
		},
		{
			"from":[7.625,12.25,8.75],
			"to":[8.375,13,11.75],
			"rotation":{"angle":-45,"axis":"y","origin":[8,6,8]},
			"faces":{
				"east":{"uv":[3,4,7,5],"texture":"#0"},
				"south":{"uv":[3,4,4,5],"texture":"#0"},
				"west":{"uv":[7,4,3,5],"texture":"#0"},
				"down":{"uv":[3,4,4,5],"texture":"#0"}
			}
		},
		{
			"from":[7.625,13,8.75],
			"to":[8.375,13.75,12.5],
			"rotation":{"angle":-45,"axis":"y","origin":[8,6,8]},
			"faces":{
				"east":{"uv":[2,3,7,4],"texture":"#0"},
				"south":{"uv":[3,4,4,5],"texture":"#0"},
				"west":{"uv":[2,3,7,4],"texture":"#0"},
				"up":{"uv":[2,3,7,4],"rotation":90,"texture":"#0"},
				"down":{"uv":[2,3,3,4],"texture":"#0"}
			}
		},
		{
			"from":[6.875,13,9.5],
			"to":[9.125,13.75,11.75],
			"rotation":{"angle":-45,"axis":"y","origin":[8,6,8]},
			"faces":{
				"north":{"uv":[5,3,6,4],"texture":"#0"},
				"east":{"uv":[3,3,6,4],"texture":"#0"},
				"south":{"uv":[3,3,4,4],"texture":"#0"},
				"west":{"uv":[3,3,6,4],"texture":"#0"},
				"up":{"uv":[6,3,3,4],"rotation":90,"texture":"#0"},
				"down":{"uv":[3,3,6,4],"rotation":90,"texture":"#0"}
			}
		},
		{
			"from":[7.625,13.75,9.5],
			"to":[8.375,14.5,11.75],
			"rotation":{"angle":-45,"axis":"y","origin":[8,6,8]},
			"faces":{
				"north":{"uv":[5,2,6,3],"texture":"#0"},
				"east":{"uv":[3,2,6,3],"texture":"#0"},
				"south":{"uv":[3,2,4,3],"texture":"#0"},
				"west":{"uv":[6,2,3,3],"texture":"#0"},
				"up":{"uv":[6,2,3,3],"rotation":90,"texture":"#0"}
			}
		},
		{
			"from":[7.625,14.5,10.25],
			"to":[8.375,15.25,11],
			"rotation":{"angle":-45,"axis":"y","origin":[8,6,8]},
			"faces":{
				"north":{"uv":[4,1,5,2],"texture":"#0"},
				"east":{"uv":[4,1,5,2],"texture":"#0"},
				"south":{"uv":[4,1,5,2],"texture":"#0"},
				"west":{"uv":[4,1,5,2],"texture":"#0"},
				"up":{"uv":[4,1,5,2],"texture":"#0"}
			}
		},
		{
			"from":[7.25,11.5,7.25],
			"to":[8.75,14.5,8.75],
			"rotation":{"angle":-45,"axis":"y","origin":[8,6,8]},
			"faces":{
				"north":{"uv":[7,2,9,6],"texture":"#0"},
				"east":{"uv":[7,2,9,6],"texture":"#0"},
				"south":{"uv":[7,2,9,6],"texture":"#0"},
				"west":{"uv":[7,2,9,6],"texture":"#0"},
				"up":{"uv":[4,1,5,2],"texture":"#0"}
			}
		},
		{
			"from":[8.75,10.75,7.625],
			"to":[10.25,12.25,8.375],
			"rotation":{"angle":-45,"axis":"y","origin":[8,6,8]},
			"faces":{
				"north":{"uv":[5,5,7,7],"texture":"#0"},
				"east":{"uv":[5,5,6,7],"texture":"#0"},
				"south":{"uv":[7,5,5,7],"texture":"#0"},
				"up":{"uv":[7,5,5,6],"texture":"#0"},
				"down":{"uv":[7,6,5,7],"texture":"#0"}
			}
		},
		{
			"from":[9.5,11.5,7.25],
			"to":[11,13,8.75],
			"rotation":{"angle":-45,"axis":"y","origin":[8,6,8]},
			"faces":{
				"north":{"uv":[3,2,5,4],"texture":"#0"},
				"east":{"uv":[3,2,5,4],"texture":"#0"},
				"south":{"uv":[3,2,5,4],"texture":"#0"},
				"west":{"uv":[3,2,5,4],"texture":"#0"},
				"up":{"uv":[3,2,5,4],"texture":"#0"},
				"down":{"uv":[3,2,5,4],"texture":"#0"}
			}
		},
		{
			"from":[10.25,10.75,8],
			"to":[11.75,12.25,9.5],
			"rotation":{"angle":-45,"axis":"y","origin":[8,6,8]},
			"faces":{
				"north":{"uv":[3,2,5,4],"texture":"#0"},
				"east":{"uv":[6,6,8,8],"texture":"#0"},
				"south":{"uv":[3,2,5,4],"texture":"#0"},
				"west":{"uv":[3,2,5,4],"texture":"#0"},
				"up":{"uv":[3,2,5,4],"texture":"#0"},
				"down":{"uv":[3,2,5,4],"texture":"#0"}
			}
		},
		{
			"from":[7.625,14.5,6.5],
			"to":[8.375,15.25,8.75],
			"rotation":{"angle":-45,"axis":"y","origin":[8,6,8]},
			"faces":{
				"north":{"uv":[9,1,10,2],"texture":"#0"},
				"east":{"uv":[7,1,10,2],"texture":"#0"},
				"south":{"uv":[7,1,8,2],"texture":"#0"},
				"west":{"uv":[10,1,7,2],"texture":"#0"},
				"up":{"uv":[10,1,7,2],"rotation":90,"texture":"#0"},
				"down":{"uv":[9,1,10,2],"texture":"#0"}
			}
		},
		{
			"from":[6.875,14.5,7.25],
			"to":[9.125,15.25,8],
			"rotation":{"angle":-45,"axis":"y","origin":[8,6,8]},
			"faces":{
				"north":{"uv":[10,1,7,2],"texture":"#0"},
				"east":{"uv":[9,1,10,2],"texture":"#0"},
				"south":{"uv":[7,1,10,2],"texture":"#0"},
				"west":{"uv":[7,1,8,2],"texture":"#0"},
				"up":{"uv":[10,1,7,2],"rotation":180,"texture":"#0"},
				"down":{"uv":[9,1,10,2],"rotation":270,"texture":"#0"}
			}
		},
		{
			"from":[7.625,15.25,7.25],
			"to":[8.375,16,8],
			"rotation":{"angle":-45,"axis":"y","origin":[8,6,8]},
			"faces":{
				"north":{"uv":[8,0,9,1],"texture":"#0"},
				"east":{"uv":[8,0,9,1],"texture":"#0"},
				"south":{"uv":[8,0,9,1],"texture":"#0"},
				"west":{"uv":[8,0,9,1],"texture":"#0"},
				"up":{"uv":[8,0,9,1],"texture":"#0","cullface":"up"}
			}
		},
		{
			"from":[7.625,9.25,5],
			"to":[8.375,12.25,5.75],
			"rotation":{"angle":-45,"axis":"y","origin":[8,6,8]},
			"faces":{
				"north":{"uv":[11,5,12,9],"texture":"#0"},
				"east":{"uv":[11,5,12,9],"texture":"#0"},
				"west":{"uv":[11,5,12,9],"texture":"#0"},
				"down":{"uv":[11,8,12,9],"texture":"#0"}
			}
		},
		{
			"from":[7.25,10,4.25],
			"to":[8.75,10.75,6.5],
			"rotation":{"angle":-45,"axis":"y","origin":[8,6,8]},
			"faces":{
				"north":{"uv":[11,8,12,9],"texture":"#0"},
				"east":{"uv":[10,7,13,8],"texture":"#0"},
				"west":{"uv":[13,7,10,8],"texture":"#0"},
				"up":{"uv":[3,4,6,2],"rotation":90,"texture":"#0"},
				"down":{"uv":[3,2,6,4],"rotation":90,"texture":"#0"}
			}
		},
		{
			"from":[7.625,10,3.5],
			"to":[8.375,10.75,4.25],
			"rotation":{"angle":-45,"axis":"y","origin":[8,6,8]},
			"faces":{
				"north":{"uv":[13,7,14,8],"texture":"#0"},
				"east":{"uv":[13,7,14,8],"texture":"#0"},
				"west":{"uv":[13,7,14,8],"texture":"#0"},
				"up":{"uv":[13,7,14,8],"texture":"#0"},
				"down":{"uv":[13,7,14,8],"texture":"#0"}
			}
		},
		{
			"from":[7.625,10.75,4.25],
			"to":[8.375,11.5,5],
			"rotation":{"angle":-45,"axis":"y","origin":[8,6,8]},
			"faces":{
				"north":{"uv":[12,6,13,7],"texture":"#0"},
				"east":{"uv":[12,6,13,7],"texture":"#0"},
				"west":{"uv":[12,6,13,7],"texture":"#0"},
				"up":{"uv":[12,6,13,7],"texture":"#0"}
			}
		},
		{
			"from":[7.25,11.5,5.75],
			"to":[8.75,12.25,7.25],
			"rotation":{"angle":-45,"axis":"y","origin":[8,6,8]},
			"faces":{
				"north":{"uv":[11,4,12,5],"texture":"#0"},
				"east":{"uv":[9,5,11,6],"texture":"#0"},
				"west":{"uv":[11,5,9,6],"texture":"#0"},
				"up":{"uv":[8,13,10,15],"rotation":90,"texture":"#0"},
				"down":{"uv":[7,8,9,10],"texture":"#0"}
			}
		},
		{
			"from":[7.625,12.25,3.5],
			"to":[8.375,13,7.25],
			"rotation":{"angle":-45,"axis":"y","origin":[8,6,8]},
			"faces":{
				"north":{"uv":[13,4,14,5],"texture":"#0"},
				"east":{"uv":[9,4,14,5],"texture":"#0"},
				"west":{"uv":[14,4,9,5],"texture":"#0"},
				"up":{"uv":[14,4,9,5],"rotation":90,"texture":"#0"},
				"down":{"uv":[9,4,14,5],"rotation":90,"texture":"#0"}
			}
		},
		{
			"from":[7.625,13,4.25],
			"to":[8.375,13.75,5.75],
			"rotation":{"angle":-45,"axis":"y","origin":[8,6,8]},
			"faces":{
				"north":{"uv":[12,3,13,4],"texture":"#0"},
				"east":{"uv":[11,3,13,4],"texture":"#0"},
				"west":{"uv":[13,3,11,4],"texture":"#0"},
				"up":{"uv":[12,3,13,4],"texture":"#0"}
			}
		},
		{
			"from":[6.875,13,5.75],
			"to":[9.125,13.75,7.25],
			"rotation":{"angle":-45,"axis":"y","origin":[8,6,8]},
			"faces":{
				"north":{"uv":[6,2,3,3],"texture":"#0"},
				"east":{"uv":[9,3,11,4],"texture":"#0"},
				"south":{"uv":[6,2,3,3],"texture":"#0"},
				"west":{"uv":[11,3,9,4],"texture":"#0"},
				"up":{"uv":[3,2,6,4],"texture":"#0"},
				"down":{"uv":[3,2,6,4],"texture":"#0"}
			}
		},
		{
			"from":[7.625,13.75,5],
			"to":[8.375,14.5,6.5],
			"rotation":{"angle":-45,"axis":"y","origin":[8,6,8]},
			"faces":{
				"north":{"uv":[11,2,12,3],"texture":"#0"},
				"east":{"uv":[10,2,12,3],"texture":"#0"},
				"south":{"uv":[10,2,11,3],"texture":"#0"},
				"west":{"uv":[12,2,10,3],"texture":"#0"},
				"up":{"uv":[12,2,10,3],"rotation":90,"texture":"#0"}
			}
		},
		{
			"from":[5,10.75,7.625],
			"to":[7.25,12.25,8.375],
			"rotation":{"angle":-45,"axis":"y","origin":[8,6,8]},
			"faces":{
				"north":{"uv":[9,5,12,7],"texture":"#0"},
				"south":{"uv":[12,5,9,7],"texture":"#0"},
				"west":{"uv":[11,5,12,7],"texture":"#0"},
				"up":{"uv":[12,5,9,6],"texture":"#0"},
				"down":{"uv":[11,6,12,7],"texture":"#0"}
			}
		},
		{
			"from":[5,12.25,7.625],
			"to":[6.5,13,8.375],
			"rotation":{"angle":-45,"axis":"y","origin":[8,6,8]},
			"faces":{
				"north":{"uv":[10,4,12,5],"texture":"#0"},
				"east":{"uv":[10,4,11,5],"texture":"#0"},
				"south":{"uv":[12,4,10,5],"texture":"#0"},
				"up":{"uv":[12,4,10,5],"texture":"#0"}
			}
		},
		{
			"from":[4.25,11.5,7.25],
			"to":[5.75,13.75,8.75],
			"rotation":{"angle":-45,"axis":"y","origin":[8,6,8]},
			"faces":{
				"north":{"uv":[3,2,6,4],"rotation":90,"texture":"#0"},
				"east":{"uv":[3,2,6,4],"rotation":90,"texture":"#0"},
				"south":{"uv":[3,2,6,4],"rotation":90,"texture":"#0"},
				"west":{"uv":[3,2,6,4],"rotation":90,"texture":"#0"},
				"up":{"uv":[3,2,5,4],"texture":"#0"},
				"down":{"uv":[3,2,5,4],"texture":"#0"}
			}
		},
		{
			"from":[5,13.75,7.625],
			"to":[5.75,14.5,8.375],
			"rotation":{"angle":-45,"axis":"y","origin":[8,6,8]},
			"faces":{
				"north":{"uv":[4,1,5,2],"texture":"#0"},
				"east":{"uv":[4,1,5,2],"texture":"#0"},
				"south":{"uv":[4,1,5,2],"texture":"#0"},
				"west":{"uv":[4,1,5,2],"texture":"#0"},
				"up":{"uv":[4,1,5,2],"texture":"#0"}
			}
		},
		{
			"from":[6,6,6],
			"to":[10,4,10],
			"faces":{
				"north":{"uv":[6,10,10,12],"texture":"#flowerpot"},
				"east":{"uv":[6,10,10,12],"texture":"#flowerpot"},
				"south":{"uv":[6,10,10,12],"texture":"#flowerpot"},
				"west":{"uv":[6,10,10,12],"texture":"#flowerpot"},
				"up":{"uv":[6,6,10,10],"texture":"#dirt"}
			}
		},
		{
			"from":[5,0,5],
			"to":[11,6,11],
			"faces":{
				"north":{"uv":[5,10,11,16],"texture":"#flowerpot"},
				"east":{"uv":[5,10,11,16],"texture":"#flowerpot"},
				"south":{"uv":[5,10,11,16],"texture":"#flowerpot"},
				"west":{"uv":[5,10,11,16],"texture":"#flowerpot"},
				"up":{"uv":[4.9882,4.9882,11.0118,11.0118],"texture":"#flowerpot"},
				"down":{"uv":[5,10,11,16],"texture":"#flowerpot","cullface":"down"}
			}
		}
	]
}