{
	"__comment":"Designed by GeForceLegend",
	"parent":"block/cross",
	"ambientocclusion":false,
	"textures":{
		"cross":"block/wither_rose",
		"flowerpot":"block/flower_pot",
		"particle":"block/flower_pot",
		"dirt":"block/dirt"
	},
	"elements":[
		{
			"from":[7.625,4,7.625],
			"to":[8.375,12.25,8.375],
			"rotation":{"angle":-45,"axis":"y","origin":[8,5.5,8]},
			"faces":{
				"north":{"uv":[8,5,9,16],"texture":"#cross"},
				"east":{"uv":[8,5,9,16],"texture":"#cross"},
				"south":{"uv":[8,5,9,16],"texture":"#cross"},
				"west":{"uv":[8,5,9,16],"texture":"#cross"},
				"down":{"uv":[9,15,10,16],"rotation":90,"texture":"#cross"}
			}
		},
		{
			"from":[7.625,4,6.875],
			"to":[8.375,4.75,9.125],
			"rotation":{"angle":-45,"axis":"y","origin":[8,5.5,8]},
			"faces":{
				"north":{"uv":[9,15,10,16],"texture":"#cross"},
				"east":{"uv":[7,15,10,16],"texture":"#cross"},
				"south":{"uv":[7,15,8,16],"texture":"#cross"},
				"west":{"uv":[10,15,7,16],"texture":"#cross"},
				"up":{"uv":[7,15,10,16],"rotation":270,"texture":"#cross"}
			}
		},
		{
			"from":[6.875,4,7.625],
			"to":[9.125,4.75,8.375],
			"rotation":{"angle":-45,"axis":"y","origin":[8,5.5,8]},
			"faces":{
				"north":{"uv":[10,15,7,16],"texture":"#cross"},
				"east":{"uv":[9,15,10,16],"texture":"#cross"},
				"south":{"uv":[7,15,10,16],"texture":"#cross"},
				"west":{"uv":[7,15,8,16],"texture":"#cross"},
				"up":{"uv":[7,15,10,16],"texture":"#cross"}
			}
		},
		{
			"from":[8.375,6.25,7.625],
			"to":[9.875,7.75,8.375],
			"rotation":{"angle":-45,"axis":"y","origin":[8,5.5,8]},
			"faces":{
				"north":{"uv":[6,11,8,13],"texture":"#cross"},
				"east":{"uv":[6,11,7,12],"texture":"#cross"},
				"south":{"uv":[8,11,6,13],"texture":"#cross"},
				"up":{"uv":[8,11,6,12],"texture":"#cross"},
				"down":{"uv":[8,12,6,13],"texture":"#cross"}
			}
		},
		{
			"from":[9.875,5.5,7.625],
			"to":[10.625,7,8.375],
			"rotation":{"angle":-45,"axis":"y","origin":[8,5.5,8]},
			"faces":{
				"north":{"uv":[5,13,6,14],"texture":"#cross"},
				"east":{"uv":[5,12,6,14],"texture":"#cross"},
				"south":{"uv":[5,13,6,14],"texture":"#cross"},
				"west":{"uv":[5,13,6,14],"texture":"#cross"},
				"up":{"uv":[5,12,6,13],"texture":"#cross"},
				"down":{"uv":[5,13,6,14],"texture":"#cross"}
			}
		},
		{
			"from":[5.375,5.5,7.625],
			"to":[6.125,7,8.375],
			"rotation":{"angle":-45,"axis":"y","origin":[8,5.5,8]},
			"faces":{
				"north":{"uv":[5,13,6,14],"texture":"#cross"},
				"east":{"uv":[5,13,6,14],"texture":"#cross"},
				"south":{"uv":[5,13,6,14],"texture":"#cross"},
				"west":{"uv":[5,13,6,14],"texture":"#cross"},
				"up":{"uv":[5,13,6,14],"texture":"#cross"},
				"down":{"uv":[5,13,6,14],"texture":"#cross"}
			}
		},
		{
			"from":[6.125,6.25,7.625],
			"to":[7.625,7.75,8.375],
			"rotation":{"angle":-45,"axis":"y","origin":[8,5.5,8]},
			"faces":{
				"north":{"uv":[8,11,6,13],"texture":"#cross"},
				"south":{"uv":[6,11,8,13],"texture":"#cross"},
				"west":{"uv":[6,11,7,12],"texture":"#cross"},
				"up":{"uv":[6,11,8,12],"texture":"#cross"},
				"down":{"uv":[6,12,8,13],"texture":"#cross"}
			}
		},
		{
			"from":[7.625,7,6.125],
			"to":[8.375,8.5,7.625],
			"rotation":{"angle":-45,"axis":"y","origin":[8,5.5,8]},
			"faces":{
				"north":{"uv":[10,10,11,11],"texture":"#cross"},
				"east":{"uv":[9,10,11,12],"texture":"#cross"},
				"west":{"uv":[11,10,9,12],"texture":"#cross"},
				"up":{"uv":[9,10,11,11],"rotation":270,"texture":"#cross"},
				"down":{"uv":[9,11,11,12],"rotation":90,"texture":"#cross"}
			}
		},
		{
			"from":[7.625,6.25,5.375],
			"to":[8.375,7.75,6.125],
			"rotation":{"angle":-45,"axis":"y","origin":[8,5.5,8]},
			"faces":{
				"north":{"uv":[11,11,12,13],"texture":"#cross"},
				"east":{"uv":[11,11,12,13],"texture":"#cross"},
				"south":{"uv":[11,11,12,13],"texture":"#cross"},
				"west":{"uv":[11,11,12,13],"texture":"#cross"},
				"up":{"uv":[11,11,12,12],"texture":"#cross"},
				"down":{"uv":[11,12,12,13],"texture":"#cross"}
			}
		},
		{
			"from":[7.625,6.25,9.875],
			"to":[8.375,7.75,10.625],
			"rotation":{"angle":-45,"axis":"y","origin":[8,5.5,8]},
			"faces":{
				"north":{"uv":[11,11,12,13],"texture":"#cross"},
				"east":{"uv":[11,12,12,13],"texture":"#cross"},
				"south":{"uv":[11,11,12,13],"texture":"#cross"},
				"west":{"uv":[11,11,12,13],"texture":"#cross"},
				"up":{"uv":[11,11,12,12],"texture":"#cross"},
				"down":{"uv":[11,12,12,13],"texture":"#cross"}
			}
		},
		{
			"from":[7.625,7,8.375],
			"to":[8.375,8.5,9.875],
			"rotation":{"angle":-45,"axis":"y","origin":[8,5.5,8]},
			"faces":{
				"east":{"uv":[11,10,9,12],"texture":"#cross"},
				"south":{"uv":[10,10,11,11],"texture":"#cross"},
				"west":{"uv":[9,10,11,12],"texture":"#cross"},
				"up":{"uv":[9,10,11,11],"rotation":90,"texture":"#cross"},
				"down":{"uv":[9,11,11,12],"rotation":270,"texture":"#cross"}
			}
		},
		{
			"from":[7.625,9.25,6.875],
			"to":[8.375,10,9.125],
			"rotation":{"angle":-45,"axis":"y","origin":[8,5.5,8]},
			"faces":{
				"north":{"uv":[9,8,10,9],"texture":"#cross"},
				"east":{"uv":[7,8,10,9],"texture":"#cross"},
				"south":{"uv":[7,8,8,9],"texture":"#cross"},
				"west":{"uv":[10,8,7,9],"texture":"#cross"},
				"up":{"uv":[7,8,10,9],"rotation":270,"texture":"#cross"},
				"down":{"uv":[7,8,10,9],"rotation":90,"texture":"#cross"}
			}
		},
		{
			"from":[6.875,9.25,7.625],
			"to":[9.125,10,8.375],
			"rotation":{"angle":-45,"axis":"y","origin":[8,5.5,8]},
			"faces":{
				"north":{"uv":[10,8,7,9],"texture":"#cross"},
				"east":{"uv":[9,8,10,9],"texture":"#cross"},
				"south":{"uv":[7,8,10,9],"texture":"#cross"},
				"west":{"uv":[7,8,8,9],"texture":"#cross"},
				"up":{"uv":[7,8,10,9],"texture":"#cross"},
				"down":{"uv":[7,8,10,9],"texture":"#cross"}
			}
		},
		{
			"from":[7.625,10,6.125],
			"to":[8.375,11.5,9.875],
			"rotation":{"angle":-45,"axis":"y","origin":[8,5.5,8]},
			"faces":{
				"north":{"uv":[10,6,11,8],"texture":"#cross"},
				"east":{"uv":[6,6,11,8],"texture":"#cross"},
				"south":{"uv":[6,6,7,8],"texture":"#cross"},
				"west":{"uv":[11,6,6,8],"texture":"#cross"},
				"up":{"uv":[6,6,11,7],"rotation":270,"texture":"#cross"},
				"down":{"uv":[6,7,11,8],"rotation":90,"texture":"#cross"}
			}
		},
		{
			"from":[6.125,10,7.625],
			"to":[9.875,11.5,8.375],
			"rotation":{"angle":-45,"axis":"y","origin":[8,5.5,8]},
			"faces":{
				"north":{"uv":[6,6,11,8],"texture":"#cross"},
				"east":{"uv":[6,6,7,8],"texture":"#cross"},
				"south":{"uv":[11,6,6,8],"texture":"#cross"},
				"west":{"uv":[10,6,11,8],"texture":"#cross"},
				"up":{"uv":[6,6,11,7],"rotation":180,"texture":"#cross"},
				"down":{"uv":[6,7,11,8],"rotation":180,"texture":"#cross"}
			}
		},
		{
			"from":[6.875,10,6.875],
			"to":[9.125,11.5,9.125],
			"rotation":{"angle":-45,"axis":"y","origin":[8,5.5,8]},
			"faces":{
				"north":{"uv":[7,6,10,8],"texture":"#cross"},
				"east":{"uv":[7,6,10,8],"texture":"#cross"},
				"south":{"uv":[7,6,10,8],"texture":"#cross"},
				"west":{"uv":[7,6,10,8],"texture":"#cross"},
				"up":{"uv":[7,6,10,9],"rotation":270,"texture":"#cross"},
				"down":{"uv":[7,9,10,6],"rotation":90,"texture":"#cross"}
			}
		},
		{
			"from":[7.625,11.5,6.875],
			"to":[8.375,12.25,9.125],
			"rotation":{"angle":-45,"axis":"y","origin":[8,5.5,8]},
			"faces":{
				"north":{"uv":[9,5,10,6],"texture":"#cross"},
				"east":{"uv":[7,5,10,6],"texture":"#cross"},
				"south":{"uv":[7,5,8,6],"texture":"#cross"},
				"west":{"uv":[10,5,7,6],"texture":"#cross"},
				"up":{"uv":[7,5,10,6],"rotation":270,"texture":"#cross"},
				"down":{"uv":[7,5,10,6],"rotation":90,"texture":"#cross"}
			}
		},
		{
			"from":[6.875,11.5,7.625],
			"to":[9.125,12.25,8.375],
			"rotation":{"angle":-45,"axis":"y","origin":[8,5.5,8]},
			"faces":{
				"north":{"uv":[10,5,7,6],"texture":"#cross"},
				"east":{"uv":[9,5,10,6],"texture":"#cross"},
				"south":{"uv":[7,5,10,6],"texture":"#cross"},
				"west":{"uv":[7,5,8,6],"texture":"#cross"},
				"up":{"uv":[7,5,10,6],"texture":"#cross"},
				"down":{"uv":[7,5,10,6],"texture":"#cross"}
			}
		},
		{
			"from":[6,6,6],
			"to":[10,4,10],
			"faces":{
				"north":{"uv":[6,10,10,12],"texture":"#flowerpot"},
				"east":{"uv":[6,10,10,12],"texture":"#flowerpot"},
				"south":{"uv":[6,10,10,12],"texture":"#flowerpot"},
				"west":{"uv":[6,10,10,12],"texture":"#flowerpot"},
				"up":{"uv":[6,6,10,10],"texture":"#dirt"}
			}
		},
		{
			"from":[5,0,5],
			"to":[11,6,11],
			"faces":{
				"north":{"uv":[5,10,11,16],"texture":"#flowerpot"},
				"east":{"uv":[5,10,11,16],"texture":"#flowerpot"},
				"south":{"uv":[5,10,11,16],"texture":"#flowerpot"},
				"west":{"uv":[5,10,11,16],"texture":"#flowerpot"},
				"up":{"uv":[4.9882,4.9882,11.0118,11.0118],"texture":"#flowerpot"},
				"down":{"uv":[5,10,11,16],"texture":"#flowerpot","cullface":"down"}
			}
		}
	]
}