{
	"__comment":"Designed by GeForceLegend",
	"ambientocclusion":false,
	"textures":{
		"cross":"block/lily_of_the_valley",
		"flowerpot":"block/flower_pot",
		"particle":"block/flower_pot",
		"dirt":"block/dirt"
	},
	"elements":[
		{
			"from":[7.625,4,7.625],
			"to":[8.375,11.5,8.375],
			"rotation":{"angle":-45,"axis":"y","origin":[8,7.5,8]},
			"faces":{
				"north":{"uv":[8,6,9,16],"texture":"#cross"},
				"east":{"uv":[8,6,9,16],"texture":"#cross"},
				"south":{"uv":[8,6,9,16],"texture":"#cross"},
				"west":{"uv":[8,6,9,16],"texture":"#cross"},
				"up":{"uv":[8,6,9,7],"texture":"#cross"}
			}
		},
		{
			"from":[6.875,8.5,7.625],
			"to":[7.625,9.25,8.375],
			"rotation":{"angle":-45,"axis":"y","origin":[8,7.5,8]},
			"faces":{
				"north":{"uv":[9,9,10,10],"texture":"#cross"},
				"south":{"uv":[9,9,10,10],"texture":"#cross"},
				"west":{"uv":[9,9,10,10],"texture":"#cross"},
				"up":{"uv":[9,9,10,10],"texture":"#cross"}
			}
		},
		{
			"from":[6.125,4.75,7.625],
			"to":[7.625,8.5,8.375],
			"rotation":{"angle":-45,"axis":"y","origin":[8,7.5,8]},
			"faces":{
				"north":{"uv":[9,10,11,15],"texture":"#cross"},
				"south":{"uv":[11,10,9,15],"texture":"#cross"},
				"west":{"uv":[10,10,11,15],"texture":"#cross"},
				"up":{"uv":[10,10,11,11],"texture":"#cross"},
				"down":{"uv":[9,14,11,15],"texture":"#cross"}
			}
		},
		{
			"from":[5.375,5.5,7.625],
			"to":[6.125,10,8.375],
			"rotation":{"angle":-45,"axis":"y","origin":[8,7.5,8]},
			"faces":{
				"north":{"uv":[11,8,12,14],"texture":"#cross"},
				"east":{"uv":[11,8,12,14],"texture":"#cross"},
				"south":{"uv":[11,8,12,14],"texture":"#cross"},
				"west":{"uv":[11,8,12,14],"texture":"#cross"},
				"up":{"uv":[11,8,12,9],"texture":"#cross"},
				"down":{"uv":[11,13,12,14],"texture":"#cross"}
			}
		},
		{
			"from":[4.625,7,7.625],
			"to":[5.375,10.75,8.375],
			"rotation":{"angle":-45,"axis":"y","origin":[8,7.5,8]},
			"faces":{
				"north":{"uv":[12,7,13,12],"texture":"#cross"},
				"east":{"uv":[12,7,13,12],"texture":"#cross"},
				"south":{"uv":[12,7,13,12],"texture":"#cross"},
				"west":{"uv":[12,7,13,12],"texture":"#cross"},
				"up":{"uv":[12,7,13,8],"texture":"#cross"},
				"down":{"uv":[12,11,13,12],"texture":"#cross"}
			}
		},
		{
			"from":[7.625,7.75,10.625],
			"to":[8.375,11.5,11.375],
			"rotation":{"angle":-45,"axis":"y","origin":[8,7.5,8]},
			"faces":{
				"north":{"uv":[12,7,13,12],"texture":"#cross"},
				"east":{"uv":[12,7,13,12],"texture":"#cross"},
				"south":{"uv":[12,7,13,12],"texture":"#cross"},
				"west":{"uv":[12,7,13,12],"texture":"#cross"},
				"up":{"uv":[12,7,13,8],"texture":"#cross"},
				"down":{"uv":[12,11,13,12],"texture":"#cross"}
			}
		},
		{
			"from":[7.625,9.25,8.375],
			"to":[8.375,10,9.125],
			"rotation":{"angle":-45,"axis":"y","origin":[8,7.5,8]},
			"faces":{
				"east":{"uv":[9,9,10,10],"texture":"#cross"},
				"south":{"uv":[9,9,10,10],"texture":"#cross"},
				"west":{"uv":[9,9,10,10],"texture":"#cross"},
				"up":{"uv":[9,9,10,10],"texture":"#cross"}
			}
		},
		{
			"from":[7.625,5.5,8.375],
			"to":[8.375,9.25,9.875],
			"rotation":{"angle":-45,"axis":"y","origin":[8,7.5,8]},
			"faces":{
				"east":{"uv":[11,10,9,15],"texture":"#cross"},
				"south":{"uv":[10,10,11,15],"texture":"#cross"},
				"west":{"uv":[9,10,11,15],"texture":"#cross"},
				"up":{"uv":[10,10,11,11],"texture":"#cross"},
				"down":{"uv":[9,14,11,15],"texture":"#cross"}
			}
		},
		{
			"from":[7.625,6.25,9.875],
			"to":[8.375,10.75,10.625],
			"rotation":{"angle":-45,"axis":"y","origin":[8,7.5,8]},
			"faces":{
				"north":{"uv":[11,8,12,14],"texture":"#cross"},
				"east":{"uv":[11,8,12,14],"texture":"#cross"},
				"south":{"uv":[11,8,12,14],"texture":"#cross"},
				"west":{"uv":[11,8,12,14],"texture":"#cross"},
				"up":{"uv":[11,8,12,9],"texture":"#cross"},
				"down":{"uv":[11,13,12,14],"texture":"#cross"}
			}
		},
		{
			"from":[8.375,11.5,7.625],
			"to":[9.125,12.25,8.375],
			"rotation":{"angle":-45,"axis":"y","origin":[8,7.5,8]},
			"faces":{
				"north":{"uv":[7,5,8,6],"texture":"#cross"},
				"east":{"uv":[7,5,8,6],"texture":"#cross"},
				"south":{"uv":[7,5,8,6],"texture":"#cross"},
				"west":{"uv":[7,5,8,6],"texture":"#cross"},
				"up":{"uv":[7,5,8,6],"texture":"#cross"},
				"down":{"uv":[7,5,8,6],"rotation":90,"texture":"#cross"}
			}
		},
		{
			"from":[9.125,10.75,7.625],
			"to":[9.875,11.5,8.375],
			"rotation":{"angle":-45,"axis":"y","origin":[8,7.5,8]},
			"faces":{
				"north":{"uv":[6,6,7,7],"texture":"#cross"},
				"east":{"uv":[7,5,8,6],"texture":"#cross"},
				"south":{"uv":[7,5,8,6],"texture":"#cross"},
				"west":{"uv":[7,5,8,6],"texture":"#cross"},
				"up":{"uv":[7,5,8,6],"texture":"#cross"}
			}
		},
		{
			"from":[9.125,12.25,7.625],
			"to":[11.375,13,8.375],
			"rotation":{"angle":-45,"axis":"y","origin":[8,7.5,8]},
			"faces":{
				"north":{"uv":[4,4,7,5],"texture":"#cross"},
				"east":{"uv":[7,5,8,6],"texture":"#cross"},
				"south":{"uv":[7,4,4,5],"texture":"#cross"},
				"west":{"uv":[7,5,8,6],"texture":"#cross"},
				"up":{"uv":[7,4,4,5],"texture":"#cross"},
				"down":{"uv":[7,4,4,5],"texture":"#cross"}
			}
		},
		{
			"from":[8.375,9.25,7.625],
			"to":[9.125,10,8.375],
			"rotation":{"angle":-45,"axis":"y","origin":[8,7.5,8]},
			"faces":{
				"north":{"uv":[7,8,8,9],"texture":"#cross"},
				"east":{"uv":[7,8,8,9],"texture":"#cross"},
				"south":{"uv":[7,8,8,9],"texture":"#cross"},
				"up":{"uv":[7,8,8,9],"texture":"#cross"},
				"down":{"uv":[7,8,8,9],"texture":"#cross"}
			}
		},
		{
			"from":[8.375,7,7.625],
			"to":[9.125,8.5,8.375],
			"rotation":{"angle":-45,"axis":"y","origin":[8,7.5,8]},
			"faces":{
				"north":{"uv":[7,10,8,12],"texture":"#cross"},
				"east":{"uv":[7,10,8,12],"texture":"#cross"},
				"south":{"uv":[7,10,8,12],"texture":"#cross"},
				"up":{"uv":[7,10,8,11],"texture":"#cross"},
				"down":{"uv":[7,11,8,12],"texture":"#cross"}
			}
		},
		{
			"from":[9.125,9.25,6.875],
			"to":[10.625,10.75,8.375],
			"rotation":{"angle":-45,"axis":"y","origin":[8,7.5,8]},
			"faces":{
				"north":{"uv":[5,7,7,9],"texture":"#cross"},
				"east":{"uv":[5,7,7,9],"texture":"#cross"},
				"south":{"uv":[5,7,7,9],"texture":"#cross"},
				"west":{"uv":[5,7,7,9],"texture":"#cross"},
				"up":{"uv":[5,7,7,9],"texture":"#cross"},
				"down":{"uv":[5,7,7,9],"rotation":90,"texture":"#cross"}
			}
		},
		{
			"from":[10.625,10.75,7.625],
			"to":[12.125,12.25,9.125],
			"rotation":{"angle":-45,"axis":"y","origin":[8,7.5,8]},
			"faces":{
				"north":{"uv":[5,7,7,9],"texture":"#cross"},
				"east":{"uv":[5,7,7,9],"texture":"#cross"},
				"south":{"uv":[5,7,7,9],"texture":"#cross"},
				"west":{"uv":[5,7,7,9],"texture":"#cross"},
				"up":{"uv":[5,7,7,9],"texture":"#cross"},
				"down":{"uv":[5,7,7,9],"rotation":90,"texture":"#cross"}
			}
		},
		{
			"from":[10.625,8.5,7.625],
			"to":[12.125,10,9.125],
			"rotation":{"angle":-45,"axis":"y","origin":[8,7.5,8]},
			"faces":{
				"north":{"uv":[5,7,7,9],"texture":"#cross"},
				"east":{"uv":[5,7,7,9],"texture":"#cross"},
				"south":{"uv":[5,7,7,9],"texture":"#cross"},
				"west":{"uv":[5,7,7,9],"texture":"#cross"},
				"up":{"uv":[5,7,7,9],"texture":"#cross"},
				"down":{"uv":[5,7,7,9],"rotation":90,"texture":"#cross"}
			}
		},
		{
			"from":[7.625,8.5,3.875],
			"to":[9.125,10,5.375],
			"rotation":{"angle":-45,"axis":"y","origin":[8,7.5,8]},
			"faces":{
				"north":{"uv":[5,7,7,9],"texture":"#cross"},
				"east":{"uv":[5,7,7,9],"texture":"#cross"},
				"south":{"uv":[5,7,7,9],"texture":"#cross"},
				"west":{"uv":[5,7,7,9],"texture":"#cross"},
				"up":{"uv":[5,7,7,9],"texture":"#cross"},
				"down":{"uv":[5,7,7,9],"rotation":180,"texture":"#cross"}
			}
		},
		{
			"from":[7.625,11.5,6.875],
			"to":[8.375,12.25,7.625],
			"rotation":{"angle":-45,"axis":"y","origin":[8,7.5,8]},
			"faces":{
				"north":{"uv":[7,5,8,6],"texture":"#cross"},
				"east":{"uv":[7,5,8,6],"texture":"#cross"},
				"south":{"uv":[7,5,8,6],"texture":"#cross"},
				"west":{"uv":[7,5,8,6],"texture":"#cross"},
				"up":{"uv":[7,5,8,6],"texture":"#cross"},
				"down":{"uv":[7,5,8,6],"rotation":180,"texture":"#cross"}
			}
		},
		{
			"from":[7.625,10.75,6.125],
			"to":[8.375,11.5,6.875],
			"rotation":{"angle":-45,"axis":"y","origin":[8,7.5,8]},
			"faces":{
				"north":{"uv":[7,5,8,6],"texture":"#cross"},
				"east":{"uv":[7,5,8,6],"texture":"#cross"},
				"south":{"uv":[7,5,8,6],"texture":"#cross"},
				"west":{"uv":[6,6,7,7],"texture":"#cross"},
				"up":{"uv":[7,5,8,6],"texture":"#cross"}
			}
		},
		{
			"from":[7.625,12.25,4.625],
			"to":[8.375,13,6.875],
			"rotation":{"angle":-45,"axis":"y","origin":[8,7.5,8]},
			"faces":{
				"north":{"uv":[7,5,8,6],"texture":"#cross"},
				"east":{"uv":[7,4,4,5],"texture":"#cross"},
				"south":{"uv":[7,5,8,6],"texture":"#cross"},
				"west":{"uv":[4,4,7,5],"texture":"#cross"},
				"up":{"uv":[7,4,4,5],"rotation":270,"texture":"#cross"},
				"down":{"uv":[4,4,7,5],"rotation":270,"texture":"#cross"}
			}
		},
		{
			"from":[7.625,9.25,6.875],
			"to":[8.375,10,7.625],
			"rotation":{"angle":-45,"axis":"y","origin":[8,7.5,8]},
			"faces":{
				"north":{"uv":[7,8,8,9],"texture":"#cross"},
				"east":{"uv":[7,8,8,9],"texture":"#cross"},
				"west":{"uv":[7,8,8,9],"texture":"#cross"},
				"up":{"uv":[7,8,8,9],"texture":"#cross"},
				"down":{"uv":[7,8,8,9],"texture":"#cross"}
			}
		},
		{
			"from":[7.625,7,6.875],
			"to":[8.375,8.5,7.625],
			"rotation":{"angle":-45,"axis":"y","origin":[8,7.5,8]},
			"faces":{
				"north":{"uv":[7,10,8,12],"texture":"#cross"},
				"east":{"uv":[7,10,8,12],"texture":"#cross"},
				"west":{"uv":[7,10,8,12],"texture":"#cross"},
				"up":{"uv":[7,10,8,11],"texture":"#cross"},
				"down":{"uv":[7,11,8,12],"texture":"#cross"}
			}
		},
		{
			"from":[6.875,9.25,5.375],
			"to":[8.375,10.75,6.875],
			"rotation":{"angle":-45,"axis":"y","origin":[8,7.5,8]},
			"faces":{
				"north":{"uv":[5,7,7,9],"texture":"#cross"},
				"east":{"uv":[5,7,7,9],"texture":"#cross"},
				"south":{"uv":[5,7,7,9],"texture":"#cross"},
				"west":{"uv":[5,7,7,9],"texture":"#cross"},
				"up":{"uv":[5,7,7,9],"texture":"#cross"},
				"down":{"uv":[5,7,7,9],"rotation":180,"texture":"#cross"}
			}
		},
		{
			"from":[7.625,10.75,3.875],
			"to":[9.125,12.25,5.375],
			"rotation":{"angle":-45,"axis":"y","origin":[8,7.5,8]},
			"faces":{
				"north":{"uv":[5,7,7,9],"texture":"#cross"},
				"east":{"uv":[5,7,7,9],"texture":"#cross"},
				"south":{"uv":[5,7,7,9],"texture":"#cross"},
				"west":{"uv":[5,7,7,9],"texture":"#cross"},
				"up":{"uv":[5,7,7,9],"texture":"#cross"},
				"down":{"uv":[5,7,7,9],"rotation":180,"texture":"#cross"}
			}
		},
		{
			"from":[6,6,6],
			"to":[10,4,10],
			"faces":{
				"north":{"uv":[6,10,10,12],"texture":"#flowerpot"},
				"east":{"uv":[6,10,10,12],"texture":"#flowerpot"},
				"south":{"uv":[6,10,10,12],"texture":"#flowerpot"},
				"west":{"uv":[6,10,10,12],"texture":"#flowerpot"},
				"up":{"uv":[6,6,10,10],"texture":"#dirt"}
			}
		},
		{
			"from":[5,0,5],
			"to":[11,6,11],
			"faces":{
				"north":{"uv":[5,10,11,16],"texture":"#flowerpot"},
				"east":{"uv":[5,10,11,16],"texture":"#flowerpot"},
				"south":{"uv":[5,10,11,16],"texture":"#flowerpot"},
				"west":{"uv":[5,10,11,16],"texture":"#flowerpot"},
				"up":{"uv":[4.9882,4.9882,11.0118,11.0118],"texture":"#flowerpot"},
				"down":{"uv":[5,10,11,16],"texture":"#flowerpot","cullface":"down"}
			}
		}
	]
}