{
	"__comment":"Designed by GeForceLegend",
	"ambientocclusion":false,
	"textures":{
		"cross":"block/pink_tulip",
		"flowerpot":"block/flower_pot",
		"particle":"block/flower_pot",
		"dirt":"block/dirt"
	},
	"elements":[
		{
			"from":[7.625,4,7.625],
			"to":[8.375,12.25,8.375],
			"rotation":{"angle":-45,"axis":"y","origin":[8,7,8]},
			"faces":{
				"north":{"uv":[7,5,8,16],"texture":"#cross"},
				"east":{"uv":[7,5,8,16],"texture":"#cross"},
				"south":{"uv":[7,5,8,16],"texture":"#cross"},
				"west":{"uv":[7,5,8,16],"texture":"#cross"},
				"up":{"uv":[7,4,8,5],"texture":"#cross"}
			}
		},
		{
			"from":[8.375,11.5,7.625],
			"to":[9.125,13.75,8.375],
			"rotation":{"angle":-45,"axis":"y","origin":[8,7,8]},
			"faces":{
				"north":{"uv":[6,3,7,6],"texture":"#cross"},
				"east":{"uv":[6,3,7,6],"texture":"#cross"},
				"south":{"uv":[6,3,7,6],"texture":"#cross"},
				"west":{"uv":[8,3,9,6],"texture":"#cross"},
				"up":{"uv":[6,3,7,4],"texture":"#cross"},
				"down":{"uv":[8,5,9,6],"texture":"#cross"}
			}
		},
		{
			"from":[7.625,11.5,6.875],
			"to":[8.375,13.75,7.625],
			"rotation":{"angle":-45,"axis":"y","origin":[8,7,8]},
			"faces":{
				"north":{"uv":[8,3,9,6],"texture":"#cross"},
				"east":{"uv":[8,3,9,6],"texture":"#cross"},
				"south":{"uv":[8,3,9,6],"texture":"#cross"},
				"west":{"uv":[8,3,9,6],"texture":"#cross"},
				"up":{"uv":[8,3,9,4],"texture":"#cross"},
				"down":{"uv":[8,5,9,6],"texture":"#cross"}
			}
		},
		{
			"from":[7.625,11.5,8.375],
			"to":[8.375,13.75,9.125],
			"rotation":{"angle":-45,"axis":"y","origin":[8,7,8]},
			"faces":{
				"north":{"uv":[8,3,9,6],"texture":"#cross"},
				"east":{"uv":[8,3,9,6],"texture":"#cross"},
				"south":{"uv":[8,3,9,6],"texture":"#cross"},
				"west":{"uv":[8,3,9,6],"texture":"#cross"},
				"up":{"uv":[8,3,9,4],"texture":"#cross"},
				"down":{"uv":[8,5,9,6],"texture":"#cross"}
			}
		},
		{
			"from":[6.875,11.5,7.625],
			"to":[7.625,13.75,8.375],
			"rotation":{"angle":-45,"axis":"y","origin":[8,7,8]},
			"faces":{
				"north":{"uv":[6,3,7,6],"texture":"#cross"},
				"east":{"uv":[6,3,7,6],"texture":"#cross"},
				"south":{"uv":[6,3,7,6],"texture":"#cross"},
				"west":{"uv":[6,3,7,6],"texture":"#cross"},
				"up":{"uv":[6,3,7,4],"texture":"#cross"},
				"down":{"uv":[8,5,9,6],"texture":"#cross"}
			}
		},
		{
			"from":[6.125,6.25,7.625],
			"to":[6.875,10.75,8.375],
			"rotation":{"angle":-45,"axis":"y","origin":[8,7,8]},
			"faces":{
				"north":{"uv":[5,7,6,13],"texture":"#cross"},
				"east":{"uv":[5,7,6,13],"texture":"#cross"},
				"south":{"uv":[5,7,6,13],"texture":"#cross"},
				"west":{"uv":[5,7,6,13],"texture":"#cross"},
				"up":{"uv":[5,7,6,8],"texture":"#cross"},
				"down":{"uv":[5,12,6,13],"texture":"#cross"}
			}
		},
		{
			"from":[6.875,4.75,7.625],
			"to":[7.625,10,8.375],
			"rotation":{"angle":-45,"axis":"y","origin":[8,7,8]},
			"faces":{
				"north":{"uv":[6,8,7,15],"texture":"#cross"},
				"south":{"uv":[6,8,7,15],"texture":"#cross"},
				"west":{"uv":[6,8,7,15],"texture":"#cross"},
				"up":{"uv":[6,8,7,9],"texture":"#cross"},
				"down":{"uv":[6,14,7,15],"texture":"#cross"}
			}
		},
		{
			"from":[9.125,6.25,7.625],
			"to":[9.875,10.75,8.375],
			"rotation":{"angle":-45,"axis":"y","origin":[8,7,8]},
			"faces":{
				"north":{"uv":[5,7,6,13],"texture":"#cross"},
				"east":{"uv":[5,7,6,13],"texture":"#cross"},
				"south":{"uv":[5,7,6,13],"texture":"#cross"},
				"west":{"uv":[5,7,6,13],"texture":"#cross"},
				"up":{"uv":[5,7,6,8],"texture":"#cross"},
				"down":{"uv":[5,12,6,13],"texture":"#cross"}
			}
		},
		{
			"from":[8.375,4.75,7.625],
			"to":[9.125,10,8.375],
			"rotation":{"angle":-45,"axis":"y","origin":[8,7,8]},
			"faces":{
				"north":{"uv":[6,8,7,15],"texture":"#cross"},
				"east":{"uv":[6,8,7,15],"texture":"#cross"},
				"south":{"uv":[6,8,7,15],"texture":"#cross"},
				"up":{"uv":[6,8,7,9],"texture":"#cross"},
				"down":{"uv":[6,14,7,15],"texture":"#cross"}
			}
		},
		{
			"from":[7.625,6.25,6.125],
			"to":[8.375,10,6.875],
			"rotation":{"angle":-45,"axis":"y","origin":[8,7,8]},
			"faces":{
				"north":{"uv":[9,8,10,13],"texture":"#cross"},
				"east":{"uv":[9,8,10,13],"texture":"#cross"},
				"south":{"uv":[9,8,10,13],"texture":"#cross"},
				"west":{"uv":[9,8,10,13],"texture":"#cross"},
				"up":{"uv":[9,8,10,9],"texture":"#cross"},
				"down":{"uv":[9,12,10,13],"texture":"#cross"}
			}
		},
		{
			"from":[7.625,6.25,9.125],
			"to":[8.375,10,9.875],
			"rotation":{"angle":-45,"axis":"y","origin":[8,7,8]},
			"faces":{
				"north":{"uv":[9,8,10,13],"texture":"#cross"},
				"east":{"uv":[9,8,10,13],"texture":"#cross"},
				"south":{"uv":[9,8,10,13],"texture":"#cross"},
				"west":{"uv":[9,8,10,13],"texture":"#cross"},
				"up":{"uv":[9,8,10,9],"texture":"#cross"},
				"down":{"uv":[9,12,10,13],"texture":"#cross"}
			}
		},
		{
			"from":[7.625,4.75,6.875],
			"to":[8.375,8.5,9.125],
			"rotation":{"angle":-45,"axis":"y","origin":[8,7,8]},
			"faces":{
				"north":{"uv":[8,10,9,15],"texture":"#cross"},
				"east":{"uv":[8,10,9,15],"texture":"#cross"},
				"south":{"uv":[8,10,9,15],"texture":"#cross"},
				"west":{"uv":[8,10,9,15],"texture":"#cross"},
				"up":{"uv":[8,10,9,11],"texture":"#cross"},
				"down":{"uv":[8,14,9,15],"texture":"#cross"}
			}
		},
		{
			"from":[6,6,6],
			"to":[10,4,10],
			"faces":{
				"north":{"uv":[6,10,10,12],"texture":"#flowerpot"},
				"east":{"uv":[6,10,10,12],"texture":"#flowerpot"},
				"south":{"uv":[6,10,10,12],"texture":"#flowerpot"},
				"west":{"uv":[6,10,10,12],"texture":"#flowerpot"},
				"up":{"uv":[6,6,10,10],"texture":"#dirt"}
			}
		},
		{
			"from":[5,0,5],
			"to":[11,6,11],
			"faces":{
				"north":{"uv":[5,10,11,16],"texture":"#flowerpot"},
				"east":{"uv":[5,10,11,16],"texture":"#flowerpot"},
				"south":{"uv":[5,10,11,16],"texture":"#flowerpot"},
				"west":{"uv":[5,10,11,16],"texture":"#flowerpot"},
				"up":{"uv":[4.9882,4.9882,11.0118,11.0118],"texture":"#flowerpot"},
				"down":{"uv":[5,10,11,16],"texture":"#flowerpot","cullface":"down"}
			}
		}
	]
}