{
	"__comment":"Designed by GeForceLegend",
	"ambientocclusion":false,
	"textures":{
		"cross":"block/blue_orchid",
		"flowerpot":"block/flower_pot",
		"particle":"block/flower_pot",
		"dirt":"block/dirt"
	},
	"elements":[
		{
			"from":[7.625,4,7.625],
			"to":[8.375,6.25,8.375],
			"rotation":{"angle":-45,"axis":"y","origin":[8,8,8]},
			"faces":{
				"north":{"uv":[8,13,9,16],"texture":"#cross"},
				"east":{"uv":[8,13,9,16],"texture":"#cross"},
				"south":{"uv":[8,13,9,16],"texture":"#cross"},
				"west":{"uv":[8,13,9,16],"texture":"#cross"}
			}
		},
		{
			"from":[7.625,6.25,7.625],
			"to":[8.375,8.5,8.375],
			"rotation":{"angle":-45,"axis":"y","origin":[8,8,8]},
			"faces":{
				"north":{"uv":[8,16,9,13],"texture":"#cross"},
				"east":{"uv":[8,16,9,13],"texture":"#cross"},
				"south":{"uv":[8,16,9,13],"texture":"#cross"},
				"west":{"uv":[8,16,9,13],"texture":"#cross"}
			}
		},
		{
			"from":[7.625,8.5,7.625],
			"to":[8.375,10,8.375],
			"rotation":{"angle":-45,"axis":"y","origin":[8,8,8]},
			"faces":{
				"north":{"uv":[8,14,9,16],"texture":"#cross"},
				"east":{"uv":[8,14,9,16],"texture":"#cross"},
				"south":{"uv":[8,14,9,16],"texture":"#cross"},
				"west":{"uv":[8,14,9,16],"texture":"#cross"},
				"up":{"uv":[8,8,9,9],"texture":"#cross"}
			}
		},
		{
			"from":[6.875,4.75,7.625],
			"to":[7.625,5.5,8.375],
			"rotation":{"angle":-45,"axis":"y","origin":[8,8,8]},
			"faces":{
				"north":{"uv":[9,14,10,15],"texture":"#cross"},
				"south":{"uv":[9,14,10,15],"texture":"#cross"},
				"west":{"uv":[9,14,10,15],"texture":"#cross"},
				"up":{"uv":[9,14,10,15],"texture":"#cross"},
				"down":{"uv":[9,14,10,15],"texture":"#cross"}
			}
		},
		{
			"from":[7.625,5.5,8.375],
			"to":[8.375,7,9.125],
			"rotation":{"angle":-45,"axis":"y","origin":[8,8,8]},
			"faces":{
				"east":{"uv":[7,12,8,14],"texture":"#cross"},
				"south":{"uv":[7,12,8,14],"texture":"#cross"},
				"west":{"uv":[7,12,8,14],"texture":"#cross"},
				"up":{"uv":[7,12,8,13],"texture":"#cross"},
				"down":{"uv":[7,13,8,14],"texture":"#cross"}
			}
		},
		{
			"from":[7.625,6.25,9.125],
			"to":[8.375,7.75,9.875],
			"rotation":{"angle":-45,"axis":"y","origin":[8,8,8]},
			"faces":{
				"north":{"uv":[6,11,7,13],"texture":"#cross"},
				"east":{"uv":[6,11,7,13],"texture":"#cross"},
				"south":{"uv":[6,11,7,13],"texture":"#cross"},
				"west":{"uv":[6,11,7,13],"texture":"#cross"},
				"up":{"uv":[6,11,7,12],"texture":"#cross"},
				"down":{"uv":[6,12,7,13],"texture":"#cross"}
			}
		},
		{
			"from":[7.625,7.75,9.875],
			"to":[8.375,8.5,11.375],
			"rotation":{"angle":-45,"axis":"y","origin":[8,8,8]},
			"faces":{
				"north":{"uv":[5,10,6,11],"texture":"#cross"},
				"east":{"uv":[4,10,6,11],"texture":"#cross"},
				"south":{"uv":[3,10,4,11],"texture":"#cross"},
				"west":{"uv":[6,10,4,11],"texture":"#cross"},
				"up":{"uv":[4,10,6,11],"rotation":270,"texture":"#cross"},
				"down":{"uv":[4,10,6,11],"rotation":90,"texture":"#cross"}
			}
		},
		{
			"from":[8.375,7.75,11.375],
			"to":[9.125,8.5,12.125],
			"rotation":{"angle":-45,"axis":"y","origin":[8,8,8]},
			"faces":{
				"north":{"uv":[4,10,5,11],"texture":"#cross"},
				"east":{"uv":[4,10,5,11],"texture":"#cross"},
				"south":{"uv":[4,10,5,11],"texture":"#cross"},
				"west":{"uv":[4,10,5,11],"texture":"#cross"},
				"up":{"uv":[4,10,5,11],"texture":"#cross"},
				"down":{"uv":[4,10,5,11],"texture":"#cross"}
			}
		},
		{
			"from":[6.875,7.75,11.375],
			"to":[7.625,8.5,12.125],
			"rotation":{"angle":-45,"axis":"y","origin":[8,8,8]},
			"faces":{
				"north":{"uv":[2,10,3,11],"texture":"#cross"},
				"east":{"uv":[2,10,3,11],"texture":"#cross"},
				"south":{"uv":[2,10,3,11],"texture":"#cross"},
				"west":{"uv":[2,10,3,11],"texture":"#cross"},
				"up":{"uv":[2,10,3,11],"texture":"#cross"},
				"down":{"uv":[2,10,3,11],"texture":"#cross"}
			}
		},
		{
			"from":[7.625,8.5,11.375],
			"to":[8.375,9.25,12.125],
			"rotation":{"angle":-45,"axis":"y","origin":[8,8,8]},
			"faces":{
				"north":{"uv":[3,9,4,10],"texture":"#cross"},
				"east":{"uv":[3,9,4,10],"texture":"#cross"},
				"south":{"uv":[3,9,4,10],"texture":"#cross"},
				"west":{"uv":[3,9,4,10],"texture":"#cross"},
				"up":{"uv":[3,9,4,10],"texture":"#cross"},
				"down":{"uv":[3,9,4,10],"texture":"#cross"}
			}
		},
		{
			"from":[7.625,7,11.375],
			"to":[8.375,7.75,12.125],
			"rotation":{"angle":-45,"axis":"y","origin":[8,8,8]},
			"faces":{
				"north":{"uv":[3,11,4,12],"texture":"#cross"},
				"east":{"uv":[3,11,4,12],"texture":"#cross"},
				"south":{"uv":[3,11,4,12],"texture":"#cross"},
				"west":{"uv":[3,11,4,12],"texture":"#cross"},
				"up":{"uv":[3,11,4,12],"texture":"#cross"},
				"down":{"uv":[3,11,4,12],"texture":"#cross"}
			}
		},
		{
			"from":[7.625,6.25,6.875],
			"to":[8.375,7.75,7.625],
			"rotation":{"angle":-45,"axis":"y","origin":[8,8,8]},
			"faces":{
				"north":{"uv":[7,12,8,14],"texture":"#cross"},
				"east":{"uv":[7,12,8,14],"texture":"#cross"},
				"west":{"uv":[7,12,8,14],"texture":"#cross"},
				"up":{"uv":[7,12,8,13],"texture":"#cross"},
				"down":{"uv":[7,13,8,14],"texture":"#cross"}
			}
		},
		{
			"from":[7.625,7,6.125],
			"to":[8.375,8.5,6.875],
			"rotation":{"angle":-45,"axis":"y","origin":[8,8,8]},
			"faces":{
				"north":{"uv":[6,11,7,13],"texture":"#cross"},
				"east":{"uv":[6,11,7,13],"texture":"#cross"},
				"south":{"uv":[6,11,7,13],"texture":"#cross"},
				"west":{"uv":[6,11,7,13],"texture":"#cross"},
				"up":{"uv":[6,11,7,12],"texture":"#cross"},
				"down":{"uv":[6,12,7,13],"texture":"#cross"}
			}
		},
		{
			"from":[7.625,8.5,4.625],
			"to":[8.375,9.25,6.125],
			"rotation":{"angle":-45,"axis":"y","origin":[8,8,8]},
			"faces":{
				"north":{"uv":[3,10,4,11],"texture":"#cross"},
				"east":{"uv":[6,10,4,11],"texture":"#cross"},
				"south":{"uv":[5,10,6,11],"texture":"#cross"},
				"west":{"uv":[4,10,6,11],"texture":"#cross"},
				"up":{"uv":[6,10,4,11],"rotation":270,"texture":"#cross"},
				"down":{"uv":[6,10,4,11],"rotation":90,"texture":"#cross"}
			}
		},
		{
			"from":[6.875,8.5,3.875],
			"to":[7.625,9.25,4.625],
			"rotation":{"angle":-45,"axis":"y","origin":[8,8,8]},
			"faces":{
				"north":{"uv":[4,10,5,11],"texture":"#cross"},
				"east":{"uv":[4,10,5,11],"texture":"#cross"},
				"south":{"uv":[4,10,5,11],"texture":"#cross"},
				"west":{"uv":[4,10,5,11],"texture":"#cross"},
				"up":{"uv":[4,10,5,11],"texture":"#cross"},
				"down":{"uv":[4,10,5,11],"texture":"#cross"}
			}
		},
		{
			"from":[7.625,7.75,3.875],
			"to":[8.375,8.5,4.625],
			"rotation":{"angle":-45,"axis":"y","origin":[8,8,8]},
			"faces":{
				"north":{"uv":[3,11,4,12],"texture":"#cross"},
				"east":{"uv":[3,11,4,12],"texture":"#cross"},
				"south":{"uv":[3,11,4,12],"texture":"#cross"},
				"west":{"uv":[3,11,4,12],"texture":"#cross"},
				"up":{"uv":[3,11,4,12],"texture":"#cross"},
				"down":{"uv":[3,11,4,12],"texture":"#cross"}
			}
		},
		{
			"from":[7.625,9.25,3.875],
			"to":[8.375,10,4.625],
			"rotation":{"angle":-45,"axis":"y","origin":[8,8,8]},
			"faces":{
				"north":{"uv":[3,9,4,10],"texture":"#cross"},
				"east":{"uv":[3,9,4,10],"texture":"#cross"},
				"south":{"uv":[3,9,4,10],"texture":"#cross"},
				"west":{"uv":[3,9,4,10],"texture":"#cross"},
				"up":{"uv":[3,9,4,10],"texture":"#cross"},
				"down":{"uv":[3,9,4,10],"texture":"#cross"}
			}
		},
		{
			"from":[8.375,8.5,3.875],
			"to":[9.125,9.25,4.625],
			"rotation":{"angle":-45,"axis":"y","origin":[8,8,8]},
			"faces":{
				"north":{"uv":[2,10,3,11],"texture":"#cross"},
				"east":{"uv":[2,10,3,11],"texture":"#cross"},
				"south":{"uv":[2,10,3,11],"texture":"#cross"},
				"west":{"uv":[2,10,3,11],"texture":"#cross"},
				"up":{"uv":[2,10,3,11],"texture":"#cross"},
				"down":{"uv":[2,10,3,11],"texture":"#cross"}
			}
		},
		{
			"from":[8.375,7.75,7.625],
			"to":[9.125,8.5,8.375],
			"rotation":{"angle":-45,"axis":"y","origin":[8,8,8]},
			"faces":{
				"north":{"uv":[10,9,11,10],"texture":"#cross"},
				"east":{"uv":[10,9,11,10],"texture":"#cross"},
				"south":{"uv":[10,9,11,10],"texture":"#cross"},
				"up":{"uv":[10,9,11,10],"texture":"#cross"},
				"down":{"uv":[10,9,11,10],"texture":"#cross"}
			}
		},
		{
			"from":[9.125,8.5,7.625],
			"to":[9.875,9.25,8.375],
			"rotation":{"angle":-45,"axis":"y","origin":[8,8,8]},
			"faces":{
				"north":{"uv":[11,8,12,9],"texture":"#cross"},
				"east":{"uv":[11,8,12,9],"texture":"#cross"},
				"south":{"uv":[11,8,12,9],"texture":"#cross"},
				"west":{"uv":[11,8,12,9],"texture":"#cross"},
				"up":{"uv":[11,8,12,9],"texture":"#cross"},
				"down":{"uv":[11,8,12,9],"texture":"#cross"}
			}
		},
		{
			"from":[9.875,9.25,7.625],
			"to":[10.625,10,8.375],
			"rotation":{"angle":-45,"axis":"y","origin":[8,8,8]},
			"faces":{
				"north":{"uv":[12,7,13,8],"texture":"#cross"},
				"east":{"uv":[12,7,13,8],"texture":"#cross"},
				"south":{"uv":[12,7,13,8],"texture":"#cross"},
				"west":{"uv":[12,7,13,8],"texture":"#cross"},
				"up":{"uv":[12,7,13,8],"texture":"#cross"},
				"down":{"uv":[12,7,13,8],"texture":"#cross"}
			}
		},
		{
			"from":[10.625,10,7.625],
			"to":[11.375,10.75,8.375],
			"rotation":{"angle":-45,"axis":"y","origin":[8,8,8]},
			"faces":{
				"north":{"uv":[13,6,14,7],"texture":"#cross"},
				"east":{"uv":[13,6,14,7],"texture":"#cross"},
				"south":{"uv":[13,6,14,7],"texture":"#cross"},
				"west":{"uv":[13,6,14,7],"texture":"#cross"},
				"up":{"uv":[13,6,14,7],"texture":"#cross"},
				"down":{"uv":[13,6,14,7],"texture":"#cross"}
			}
		},
		{
			"from":[11.375,10,6.875],
			"to":[12.125,10.75,7.625],
			"rotation":{"angle":-45,"axis":"y","origin":[8,8,8]},
			"faces":{
				"north":{"uv":[14,6,15,7],"texture":"#cross"},
				"east":{"uv":[14,6,15,7],"texture":"#cross"},
				"south":{"uv":[14,6,15,7],"texture":"#cross"},
				"west":{"uv":[14,6,15,7],"texture":"#cross"},
				"up":{"uv":[14,6,15,7],"texture":"#cross"},
				"down":{"uv":[14,6,15,7],"texture":"#cross"}
			}
		},
		{
			"from":[11.375,10,8.375],
			"to":[12.125,10.75,9.125],
			"rotation":{"angle":-45,"axis":"y","origin":[8,8,8]},
			"faces":{
				"north":{"uv":[12,6,13,7],"texture":"#cross"},
				"east":{"uv":[12,6,13,7],"texture":"#cross"},
				"south":{"uv":[12,6,13,7],"texture":"#cross"},
				"west":{"uv":[12,6,13,7],"texture":"#cross"},
				"up":{"uv":[12,6,13,7],"texture":"#cross"},
				"down":{"uv":[12,6,13,7],"texture":"#cross"}
			}
		},
		{
			"from":[11.375,10.75,7.625],
			"to":[12.125,11.5,8.375],
			"rotation":{"angle":-45,"axis":"y","origin":[8,8,8]},
			"faces":{
				"north":{"uv":[13,5,14,6],"texture":"#cross"},
				"east":{"uv":[13,5,14,6],"texture":"#cross"},
				"south":{"uv":[13,5,14,6],"texture":"#cross"},
				"west":{"uv":[13,5,14,6],"texture":"#cross"},
				"up":{"uv":[13,5,14,6],"texture":"#cross"},
				"down":{"uv":[13,5,14,6],"texture":"#cross"}
			}
		},
		{
			"from":[11.375,9.25,7.625],
			"to":[12.125,10,8.375],
			"rotation":{"angle":-45,"axis":"y","origin":[8,8,8]},
			"faces":{
				"north":{"uv":[13,7,14,8],"texture":"#cross"},
				"east":{"uv":[13,7,14,8],"texture":"#cross"},
				"south":{"uv":[13,7,14,8],"texture":"#cross"},
				"west":{"uv":[13,7,14,8],"texture":"#cross"},
				"up":{"uv":[13,7,14,8],"texture":"#cross"},
				"down":{"uv":[13,7,14,8],"texture":"#cross"}
			}
		},
		{
			"from":[6.875,8.5,7.625],
			"to":[7.625,9.25,8.375],
			"rotation":{"angle":-45,"axis":"y","origin":[8,8,8]},
			"faces":{
				"north":{"uv":[10,9,11,10],"texture":"#cross"},
				"south":{"uv":[10,9,11,10],"texture":"#cross"},
				"west":{"uv":[10,9,11,10],"texture":"#cross"},
				"up":{"uv":[10,9,11,10],"texture":"#cross"},
				"down":{"uv":[10,9,11,10],"texture":"#cross"}
			}
		},
		{
			"from":[3.875,11.5,7.625],
			"to":[4.625,12.25,8.375],
			"rotation":{"angle":-45,"axis":"y","origin":[8,8,8]},
			"faces":{
				"north":{"uv":[13,5,14,6],"texture":"#cross"},
				"east":{"uv":[13,5,14,6],"texture":"#cross"},
				"south":{"uv":[13,5,14,6],"texture":"#cross"},
				"west":{"uv":[13,5,14,6],"texture":"#cross"},
				"up":{"uv":[13,5,14,6],"texture":"#cross"},
				"down":{"uv":[13,5,14,6],"texture":"#cross"}
			}
		},
		{
			"from":[3.875,10.75,6.875],
			"to":[4.625,11.5,7.625],
			"rotation":{"angle":-45,"axis":"y","origin":[8,8,8]},
			"faces":{
				"north":{"uv":[12,6,13,7],"texture":"#cross"},
				"east":{"uv":[12,6,13,7],"texture":"#cross"},
				"south":{"uv":[12,6,13,7],"texture":"#cross"},
				"west":{"uv":[12,6,13,7],"texture":"#cross"},
				"up":{"uv":[12,6,13,7],"texture":"#cross"},
				"down":{"uv":[12,6,13,7],"texture":"#cross"}
			}
		},
		{
			"from":[3.875,10.75,8.375],
			"to":[4.625,11.5,9.125],
			"rotation":{"angle":-45,"axis":"y","origin":[8,8,8]},
			"faces":{
				"north":{"uv":[14,6,15,7],"texture":"#cross"},
				"east":{"uv":[14,6,15,7],"texture":"#cross"},
				"south":{"uv":[14,6,15,7],"texture":"#cross"},
				"west":{"uv":[14,6,15,7],"texture":"#cross"},
				"up":{"uv":[14,6,15,7],"texture":"#cross"},
				"down":{"uv":[14,6,15,7],"texture":"#cross"}
			}
		},
		{
			"from":[4.625,10.75,7.625],
			"to":[5.375,11.5,8.375],
			"rotation":{"angle":-45,"axis":"y","origin":[8,8,8]},
			"faces":{
				"north":{"uv":[13,6,14,7],"texture":"#cross"},
				"east":{"uv":[13,6,14,7],"texture":"#cross"},
				"south":{"uv":[13,6,14,7],"texture":"#cross"},
				"west":{"uv":[13,6,14,7],"texture":"#cross"},
				"up":{"uv":[13,6,14,7],"texture":"#cross"},
				"down":{"uv":[13,6,14,7],"texture":"#cross"}
			}
		},
		{
			"from":[5.375,10,7.625],
			"to":[6.125,10.75,8.375],
			"rotation":{"angle":-45,"axis":"y","origin":[8,8,8]},
			"faces":{
				"north":{"uv":[12,7,13,8],"texture":"#cross"},
				"east":{"uv":[12,7,13,8],"texture":"#cross"},
				"south":{"uv":[12,7,13,8],"texture":"#cross"},
				"west":{"uv":[12,7,13,8],"texture":"#cross"},
				"up":{"uv":[12,7,13,8],"texture":"#cross"},
				"down":{"uv":[12,7,13,8],"texture":"#cross"}
			}
		},
		{
			"from":[6.125,9.25,7.625],
			"to":[6.875,10,8.375],
			"rotation":{"angle":-45,"axis":"y","origin":[8,8,8]},
			"faces":{
				"north":{"uv":[11,8,12,9],"texture":"#cross"},
				"east":{"uv":[11,8,12,9],"texture":"#cross"},
				"south":{"uv":[11,8,12,9],"texture":"#cross"},
				"west":{"uv":[11,8,12,9],"texture":"#cross"},
				"up":{"uv":[11,8,12,9],"texture":"#cross"},
				"down":{"uv":[11,8,12,9],"texture":"#cross"}
			}
		},
		{
			"from":[3.875,10,7.625],
			"to":[4.625,10.75,8.375],
			"rotation":{"angle":-45,"axis":"y","origin":[8,8,8]},
			"faces":{
				"north":{"uv":[13,7,14,8],"texture":"#cross"},
				"east":{"uv":[13,7,14,8],"texture":"#cross"},
				"south":{"uv":[13,7,14,8],"texture":"#cross"},
				"west":{"uv":[13,7,14,8],"texture":"#cross"},
				"up":{"uv":[13,7,14,8],"texture":"#cross"},
				"down":{"uv":[13,7,14,8],"texture":"#cross"}
			}
		},
		{
			"from":[9.875,7.75,7.625],
			"to":[10.625,8.5,8.375],
			"rotation":{"angle":-45,"axis":"y","origin":[8,8,8]},
			"faces":{
				"north":{"uv":[14,6,15,7],"texture":"#cross"},
				"east":{"uv":[14,6,15,7],"texture":"#cross"},
				"south":{"uv":[14,6,15,7],"texture":"#cross"},
				"west":{"uv":[14,6,15,7],"texture":"#cross"},
				"up":{"uv":[14,6,15,7],"texture":"#cross"},
				"down":{"uv":[14,6,15,7],"texture":"#cross"}
			}
		},
		{
			"from":[9.875,7,8.375],
			"to":[10.625,7.75,9.125],
			"rotation":{"angle":-45,"axis":"y","origin":[8,8,8]},
			"faces":{
				"north":{"uv":[13,7,14,8],"texture":"#cross"},
				"east":{"uv":[13,7,14,8],"texture":"#cross"},
				"south":{"uv":[13,7,14,8],"texture":"#cross"},
				"west":{"uv":[13,7,14,8],"texture":"#cross"},
				"up":{"uv":[13,7,14,8],"texture":"#cross"},
				"down":{"uv":[13,7,14,8],"texture":"#cross"}
			}
		},
		{
			"from":[9.875,7.75,9.125],
			"to":[10.625,8.5,9.875],
			"rotation":{"angle":-45,"axis":"y","origin":[8,8,8]},
			"faces":{
				"north":{"uv":[12,6,13,7],"texture":"#cross"},
				"east":{"uv":[12,6,13,7],"texture":"#cross"},
				"south":{"uv":[12,6,13,7],"texture":"#cross"},
				"west":{"uv":[12,6,13,7],"texture":"#cross"},
				"up":{"uv":[12,6,13,7],"texture":"#cross"},
				"down":{"uv":[12,6,13,7],"texture":"#cross"}
			}
		},
		{
			"from":[9.875,8.5,8.375],
			"to":[10.625,9.25,9.125],
			"rotation":{"angle":-45,"axis":"y","origin":[8,8,8]},
			"faces":{
				"north":{"uv":[13,5,14,6],"texture":"#cross"},
				"east":{"uv":[13,5,14,6],"texture":"#cross"},
				"south":{"uv":[13,5,14,6],"texture":"#cross"},
				"west":{"uv":[13,5,14,6],"texture":"#cross"},
				"up":{"uv":[13,5,14,6],"texture":"#cross"},
				"down":{"uv":[13,5,14,6],"texture":"#cross"}
			}
		},
		{
			"from":[9.125,7.75,8.375],
			"to":[9.875,8.5,9.125],
			"rotation":{"angle":-45,"axis":"y","origin":[8,8,8]},
			"faces":{
				"north":{"uv":[13,6,14,7],"texture":"#cross"},
				"east":{"uv":[13,6,14,7],"texture":"#cross"},
				"south":{"uv":[13,6,14,7],"texture":"#cross"},
				"west":{"uv":[13,6,14,7],"texture":"#cross"},
				"up":{"uv":[13,6,14,7],"texture":"#cross"},
				"down":{"uv":[13,6,14,7],"texture":"#cross"}
			}
		},
		{
			"from":[5.375,9.25,6.875],
			"to":[6.125,10,7.625],
			"rotation":{"angle":-45,"axis":"y","origin":[8,8,8]},
			"faces":{
				"north":{"uv":[13,5,14,6],"texture":"#cross"},
				"east":{"uv":[13,5,14,6],"texture":"#cross"},
				"south":{"uv":[13,5,14,6],"texture":"#cross"},
				"west":{"uv":[13,5,14,6],"texture":"#cross"},
				"up":{"uv":[13,5,14,6],"texture":"#cross"},
				"down":{"uv":[13,5,14,6],"texture":"#cross"}
			}
		},
		{
			"from":[5.375,8.5,6.125],
			"to":[6.125,9.25,6.875],
			"rotation":{"angle":-45,"axis":"y","origin":[8,8,8]},
			"faces":{
				"north":{"uv":[12,6,13,7],"texture":"#cross"},
				"east":{"uv":[12,6,13,7],"texture":"#cross"},
				"south":{"uv":[12,6,13,7],"texture":"#cross"},
				"west":{"uv":[12,6,13,7],"texture":"#cross"},
				"up":{"uv":[12,6,13,7],"texture":"#cross"},
				"down":{"uv":[12,6,13,7],"texture":"#cross"}
			}
		},
		{
			"from":[5.375,7.75,6.875],
			"to":[6.125,8.5,7.625],
			"rotation":{"angle":-45,"axis":"y","origin":[8,8,8]},
			"faces":{
				"north":{"uv":[13,7,14,8],"texture":"#cross"},
				"east":{"uv":[13,7,14,8],"texture":"#cross"},
				"south":{"uv":[13,7,14,8],"texture":"#cross"},
				"west":{"uv":[13,7,14,8],"texture":"#cross"},
				"up":{"uv":[13,7,14,8],"texture":"#cross"},
				"down":{"uv":[13,7,14,8],"texture":"#cross"}
			}
		},
		{
			"from":[5.375,8.5,7.625],
			"to":[6.125,9.25,8.375],
			"rotation":{"angle":-45,"axis":"y","origin":[8,8,8]},
			"faces":{
				"north":{"uv":[14,6,15,7],"texture":"#cross"},
				"east":{"uv":[14,6,15,7],"texture":"#cross"},
				"south":{"uv":[14,6,15,7],"texture":"#cross"},
				"west":{"uv":[14,6,15,7],"texture":"#cross"},
				"up":{"uv":[14,6,15,7],"texture":"#cross"},
				"down":{"uv":[14,6,15,7],"texture":"#cross"}
			}
		},
		{
			"from":[6.125,8.5,6.875],
			"to":[6.875,9.25,7.625],
			"rotation":{"angle":-45,"axis":"y","origin":[8,8,8]},
			"faces":{
				"north":{"uv":[13,6,14,7],"texture":"#cross"},
				"east":{"uv":[13,6,14,7],"texture":"#cross"},
				"south":{"uv":[13,6,14,7],"texture":"#cross"},
				"west":{"uv":[13,6,14,7],"texture":"#cross"},
				"up":{"uv":[13,6,14,7],"texture":"#cross"},
				"down":{"uv":[13,6,14,7],"texture":"#cross"}
			}
		},
		{
			"from":[7.625,10,6.875],
			"to":[8.375,11.5,7.625],
			"rotation":{"angle":-45,"axis":"y","origin":[8,8,8]},
			"faces":{
				"north":{"uv":[7,6,8,8],"texture":"#cross"},
				"east":{"uv":[7,6,8,8],"texture":"#cross"},
				"south":{"uv":[7,6,8,8],"texture":"#cross"},
				"west":{"uv":[7,6,8,8],"texture":"#cross"},
				"up":{"uv":[7,6,8,7],"texture":"#cross"},
				"down":{"uv":[7,7,8,8],"texture":"#cross"}
			}
		},
		{
			"from":[7.625,11.5,6.125],
			"to":[8.375,12.25,6.875],
			"rotation":{"angle":-45,"axis":"y","origin":[8,8,8]},
			"faces":{
				"north":{"uv":[6,5,7,6],"texture":"#cross"},
				"east":{"uv":[6,5,7,6],"texture":"#cross"},
				"south":{"uv":[6,5,7,6],"texture":"#cross"},
				"west":{"uv":[6,5,7,6],"texture":"#cross"},
				"up":{"uv":[6,5,7,6],"texture":"#cross"},
				"down":{"uv":[6,5,7,6],"texture":"#cross"}
			}
		},
		{
			"from":[7.625,10.75,5.375],
			"to":[8.375,11.5,6.125],
			"rotation":{"angle":-45,"axis":"y","origin":[8,8,8]},
			"faces":{
				"north":{"uv":[6,6,7,7],"texture":"#cross"},
				"east":{"uv":[6,6,7,7],"texture":"#cross"},
				"south":{"uv":[6,6,7,7],"texture":"#cross"},
				"west":{"uv":[6,6,7,7],"texture":"#cross"},
				"up":{"uv":[6,6,7,7],"texture":"#cross"},
				"down":{"uv":[6,6,7,7],"texture":"#cross"}
			}
		},
		{
			"from":[7.625,12.25,5.375],
			"to":[8.375,13,6.125],
			"rotation":{"angle":-45,"axis":"y","origin":[8,8,8]},
			"faces":{
				"north":{"uv":[6,4,7,5],"texture":"#cross"},
				"east":{"uv":[6,4,7,5],"texture":"#cross"},
				"south":{"uv":[6,4,7,5],"texture":"#cross"},
				"west":{"uv":[6,4,7,5],"texture":"#cross"},
				"up":{"uv":[6,4,7,5],"texture":"#cross"},
				"down":{"uv":[6,4,7,5],"texture":"#cross"}
			}
		},
		{
			"from":[6.875,11.5,5.375],
			"to":[7.625,12.25,6.125],
			"rotation":{"angle":-45,"axis":"y","origin":[8,8,8]},
			"faces":{
				"north":{"uv":[7,5,8,6],"texture":"#cross"},
				"east":{"uv":[7,5,8,6],"texture":"#cross"},
				"south":{"uv":[7,5,8,6],"texture":"#cross"},
				"west":{"uv":[7,5,8,6],"texture":"#cross"},
				"up":{"uv":[7,5,8,6],"texture":"#cross"},
				"down":{"uv":[7,5,8,6],"texture":"#cross"}
			}
		},
		{
			"from":[8.375,11.5,5.375],
			"to":[9.125,12.25,6.125],
			"rotation":{"angle":-45,"axis":"y","origin":[8,8,8]},
			"faces":{
				"north":{"uv":[5,5,6,6],"texture":"#cross"},
				"east":{"uv":[5,5,6,6],"texture":"#cross"},
				"south":{"uv":[5,5,6,6],"texture":"#cross"},
				"west":{"uv":[5,5,6,6],"texture":"#cross"},
				"up":{"uv":[5,5,6,6],"texture":"#cross"},
				"down":{"uv":[5,5,6,6],"texture":"#cross"}
			}
		},
		{
			"from":[6,6,6],
			"to":[10,4,10],
			"faces":{
				"north":{"uv":[6,10,10,12],"texture":"#flowerpot"},
				"east":{"uv":[6,10,10,12],"texture":"#flowerpot"},
				"south":{"uv":[6,10,10,12],"texture":"#flowerpot"},
				"west":{"uv":[6,10,10,12],"texture":"#flowerpot"},
				"up":{"uv":[6,6,10,10],"texture":"#dirt"}
			}
		},
		{
			"from":[5,0,5],
			"to":[11,6,11],
			"faces":{
				"north":{"uv":[5,10,11,16],"texture":"#flowerpot"},
				"east":{"uv":[5,10,11,16],"texture":"#flowerpot"},
				"south":{"uv":[5,10,11,16],"texture":"#flowerpot"},
				"west":{"uv":[5,10,11,16],"texture":"#flowerpot"},
				"up":{"uv":[4.9882,4.9882,11.0118,11.0118],"texture":"#flowerpot"},
				"down":{"uv":[5,10,11,16],"texture":"#flowerpot","cullface":"down"}
			}
		}
	]
}