{
	"__comment":"Designed by GeForceLegend",
	"ambientocclusion":false,
	"textures":{
		"cross":"block/red_tulip",
		"flowerpot":"block/flower_pot",
		"particle":"block/flower_pot",
		"dirt":"block/dirt"
	},
	"elements":[
		{
			"from":[7.625,4,7.625],
			"to":[8.375,12.25,8.375],
			"rotation":{"angle":-45,"axis":"y","origin":[8,6.5,8]},
			"faces":{
				"north":{"uv":[7,5,8,16],"texture":"#cross"},
				"east":{"uv":[7,5,8,16],"texture":"#cross"},
				"south":{"uv":[7,5,8,16],"texture":"#cross"},
				"west":{"uv":[7,5,8,16],"texture":"#cross"},
				"up":{"uv":[7,5,8,6],"texture":"#cross"}
			}
		},
		{
			"from":[6.875,11.5,7.625],
			"to":[7.625,13.75,8.375],
			"rotation":{"angle":-45,"axis":"y","origin":[8,6.5,8]},
			"faces":{
				"north":{"uv":[6,3,7,6],"texture":"#cross"},
				"east":{"uv":[8,3,9,6],"texture":"#cross"},
				"south":{"uv":[6,3,7,6],"texture":"#cross"},
				"west":{"uv":[6,3,7,6],"texture":"#cross"},
				"up":{"uv":[8,3,9,4],"texture":"#cross"},
				"down":{"uv":[6,5,7,6],"texture":"#cross"}
			}
		},
		{
			"from":[7.625,11.5,8.375],
			"to":[8.375,13.75,9.125],
			"rotation":{"angle":-45,"axis":"y","origin":[8,6.5,8]},
			"faces":{
				"north":{"uv":[8,3,9,6],"texture":"#cross"},
				"east":{"uv":[8,3,9,6],"texture":"#cross"},
				"south":{"uv":[8,3,9,6],"texture":"#cross"},
				"west":{"uv":[8,3,9,6],"texture":"#cross"},
				"up":{"uv":[8,3,9,4],"texture":"#cross"},
				"down":{"uv":[8,5,9,6],"texture":"#cross"}
			}
		},
		{
			"from":[7.625,11.5,6.875],
			"to":[8.375,13.75,7.625],
			"rotation":{"angle":-45,"axis":"y","origin":[8,6.5,8]},
			"faces":{
				"north":{"uv":[8,3,9,6],"texture":"#cross"},
				"east":{"uv":[8,3,9,6],"texture":"#cross"},
				"south":{"uv":[8,3,9,6],"texture":"#cross"},
				"west":{"uv":[8,3,9,6],"texture":"#cross"},
				"up":{"uv":[8,3,9,4],"texture":"#cross"},
				"down":{"uv":[8,5,9,6],"texture":"#cross"}
			}
		},
		{
			"from":[8.375,11.5,7.625],
			"to":[9.125,13.75,8.375],
			"rotation":{"angle":-45,"axis":"y","origin":[8,6.5,8]},
			"faces":{
				"north":{"uv":[6,3,7,6],"texture":"#cross"},
				"east":{"uv":[6,3,7,6],"texture":"#cross"},
				"south":{"uv":[6,3,7,6],"texture":"#cross"},
				"west":{"uv":[6,3,7,6],"texture":"#cross"},
				"up":{"uv":[8,3,9,4],"texture":"#cross"},
				"down":{"uv":[6,5,7,6],"texture":"#cross"}
			}
		},
		{
			"from":[6.125,6.25,7.625],
			"to":[6.875,11.5,8.375],
			"rotation":{"angle":-45,"axis":"y","origin":[8,6.5,8]},
			"faces":{
				"north":{"uv":[5,6,6,13],"texture":"#cross"},
				"east":{"uv":[5,6,6,13],"texture":"#cross"},
				"south":{"uv":[5,6,6,13],"texture":"#cross"},
				"west":{"uv":[5,6,6,13],"texture":"#cross"},
				"up":{"uv":[5,6,6,7],"texture":"#cross"},
				"down":{"uv":[5,12,6,13],"texture":"#cross"}
			}
		},
		{
			"from":[6.875,4.75,7.625],
			"to":[7.625,10.75,8.375],
			"rotation":{"angle":-45,"axis":"y","origin":[8,6.5,8]},
			"faces":{
				"north":{"uv":[6,7,7,15],"texture":"#cross"},
				"south":{"uv":[6,7,7,15],"texture":"#cross"},
				"west":{"uv":[6,7,7,15],"texture":"#cross"},
				"up":{"uv":[6,7,7,8],"texture":"#cross"},
				"down":{"uv":[6,14,7,15],"texture":"#cross"}
			}
		},
		{
			"from":[5.375,10,7.625],
			"to":[6.125,12.25,8.375],
			"rotation":{"angle":-45,"axis":"y","origin":[8,6.5,8]},
			"faces":{
				"north":{"uv":[4,5,5,8],"texture":"#cross"},
				"east":{"uv":[4,5,5,8],"texture":"#cross"},
				"south":{"uv":[4,5,5,8],"texture":"#cross"},
				"west":{"uv":[4,5,5,8],"texture":"#cross"},
				"up":{"uv":[4,5,5,6],"texture":"#cross"},
				"down":{"uv":[4,7,5,8],"texture":"#cross"}
			}
		},
		{
			"from":[8.375,4.75,7.625],
			"to":[9.125,10.75,8.375],
			"rotation":{"angle":-45,"axis":"y","origin":[8,6.5,8]},
			"faces":{
				"north":{"uv":[6,7,7,15],"texture":"#cross"},
				"east":{"uv":[6,7,7,15],"texture":"#cross"},
				"south":{"uv":[6,7,7,15],"texture":"#cross"},
				"up":{"uv":[6,7,7,8],"texture":"#cross"},
				"down":{"uv":[6,14,7,15],"texture":"#cross"}
			}
		},
		{
			"from":[9.125,6.25,7.625],
			"to":[9.875,11.5,8.375],
			"rotation":{"angle":-45,"axis":"y","origin":[8,6.5,8]},
			"faces":{
				"north":{"uv":[5,6,6,13],"texture":"#cross"},
				"east":{"uv":[5,6,6,13],"texture":"#cross"},
				"south":{"uv":[5,6,6,13],"texture":"#cross"},
				"west":{"uv":[5,6,6,13],"texture":"#cross"},
				"up":{"uv":[5,6,6,7],"texture":"#cross"},
				"down":{"uv":[5,12,6,13],"texture":"#cross"}
			}
		},
		{
			"from":[9.875,10,7.625],
			"to":[10.625,12.25,8.375],
			"rotation":{"angle":-45,"axis":"y","origin":[8,6.5,8]},
			"faces":{
				"north":{"uv":[4,5,5,8],"texture":"#cross"},
				"east":{"uv":[4,5,5,8],"texture":"#cross"},
				"south":{"uv":[4,5,5,8],"texture":"#cross"},
				"west":{"uv":[4,5,5,8],"texture":"#cross"},
				"up":{"uv":[4,5,5,6],"texture":"#cross"},
				"down":{"uv":[4,7,5,8],"texture":"#cross"}
			}
		},
		{
			"from":[7.625,6.25,6.125],
			"to":[8.375,9.25,6.875],
			"rotation":{"angle":-45,"axis":"y","origin":[8,6.5,8]},
			"faces":{
				"north":{"uv":[9,9,10,13],"texture":"#cross"},
				"east":{"uv":[9,9,10,13],"texture":"#cross"},
				"south":{"uv":[9,9,10,13],"texture":"#cross"},
				"west":{"uv":[9,9,10,13],"texture":"#cross"},
				"up":{"uv":[9,9,10,10],"texture":"#cross"},
				"down":{"uv":[9,12,10,13],"texture":"#cross"}
			}
		},
		{
			"from":[7.625,4.75,6.875],
			"to":[8.375,8.5,9.125],
			"rotation":{"angle":-45,"axis":"y","origin":[8,6.5,8]},
			"faces":{
				"north":{"uv":[8,10,9,15],"texture":"#cross"},
				"east":{"uv":[8,10,9,15],"texture":"#cross"},
				"south":{"uv":[8,10,9,15],"texture":"#cross"},
				"west":{"uv":[8,10,9,15],"texture":"#cross"},
				"up":{"uv":[8,10,9,11],"texture":"#cross"},
				"down":{"uv":[8,14,9,15],"texture":"#cross"}
			}
		},
		{
			"from":[7.625,7.75,5.375],
			"to":[8.375,10,6.125],
			"rotation":{"angle":-45,"axis":"y","origin":[8,6.5,8]},
			"faces":{
				"north":{"uv":[10,8,11,11],"texture":"#cross"},
				"east":{"uv":[10,8,11,11],"texture":"#cross"},
				"south":{"uv":[10,8,11,11],"texture":"#cross"},
				"west":{"uv":[10,8,11,11],"texture":"#cross"},
				"up":{"uv":[10,8,11,9],"texture":"#cross"},
				"down":{"uv":[10,10,11,11],"texture":"#cross"}
			}
		},
		{
			"from":[7.625,9.25,4.625],
			"to":[8.375,10,5.375],
			"rotation":{"angle":-45,"axis":"y","origin":[8,6.5,8]},
			"faces":{
				"north":{"uv":[11,8,12,9],"texture":"#cross"},
				"east":{"uv":[11,8,12,9],"texture":"#cross"},
				"west":{"uv":[11,8,12,9],"texture":"#cross"},
				"up":{"uv":[11,8,12,9],"texture":"#cross"},
				"down":{"uv":[11,8,12,9],"texture":"#cross"}
			}
		},
		{
			"from":[7.625,6.25,9.125],
			"to":[8.375,9.25,9.875],
			"rotation":{"angle":-45,"axis":"y","origin":[8,6.5,8]},
			"faces":{
				"north":{"uv":[9,9,10,13],"texture":"#cross"},
				"east":{"uv":[9,9,10,13],"texture":"#cross"},
				"south":{"uv":[9,9,10,13],"texture":"#cross"},
				"west":{"uv":[9,9,10,13],"texture":"#cross"},
				"up":{"uv":[9,9,10,10],"texture":"#cross"},
				"down":{"uv":[9,12,10,13],"texture":"#cross"}
			}
		},
		{
			"from":[7.625,7.75,9.875],
			"to":[8.375,10,10.625],
			"rotation":{"angle":-45,"axis":"y","origin":[8,6.5,8]},
			"faces":{
				"north":{"uv":[10,8,11,11],"texture":"#cross"},
				"east":{"uv":[10,8,11,11],"texture":"#cross"},
				"south":{"uv":[10,8,11,11],"texture":"#cross"},
				"west":{"uv":[10,8,11,11],"texture":"#cross"},
				"up":{"uv":[10,8,11,9],"texture":"#cross"},
				"down":{"uv":[10,10,11,11],"texture":"#cross"}
			}
		},
		{
			"from":[7.625,9.25,10.625],
			"to":[8.375,10,11.375],
			"rotation":{"angle":-45,"axis":"y","origin":[8,6.5,8]},
			"faces":{
				"east":{"uv":[11,8,12,9],"texture":"#cross"},
				"south":{"uv":[11,8,12,9],"texture":"#cross"},
				"west":{"uv":[11,8,12,9],"texture":"#cross"},
				"up":{"uv":[11,8,12,9],"texture":"#cross"},
				"down":{"uv":[11,8,12,9],"texture":"#cross"}
			}
		},
		{
			"from":[6,6,6],
			"to":[10,4,10],
			"faces":{
				"north":{"uv":[6,10,10,12],"texture":"#flowerpot"},
				"east":{"uv":[6,10,10,12],"texture":"#flowerpot"},
				"south":{"uv":[6,10,10,12],"texture":"#flowerpot"},
				"west":{"uv":[6,10,10,12],"texture":"#flowerpot"},
				"up":{"uv":[6,6,10,10],"texture":"#dirt"}
			}
		},
		{
			"from":[5,0,5],
			"to":[11,6,11],
			"faces":{
				"north":{"uv":[5,10,11,16],"texture":"#flowerpot"},
				"east":{"uv":[5,10,11,16],"texture":"#flowerpot"},
				"south":{"uv":[5,10,11,16],"texture":"#flowerpot"},
				"west":{"uv":[5,10,11,16],"texture":"#flowerpot"},
				"up":{"uv":[4.9882,4.9882,11.0118,11.0118],"texture":"#flowerpot"},
				"down":{"uv":[5,10,11,16],"texture":"#flowerpot","cullface":"down"}
			}
		}
	]
}