{
	"__comment":"Designed by GeForceLegend",
	"ambientocclusion":false,
	"textures":{
		"cross":"block/cornflower",
		"flowerpot":"block/flower_pot",
		"particle":"block/flower_pot",
		"dirt":"block/dirt"
	},
	"elements":[
		{
			"from":[7.625,4,7.625],
			"to":[8.375,11.5,8.375],
			"rotation":{"angle":-45,"axis":"y","origin":[8,10,8]},
			"faces":{
				"north":{"uv":[8,6,9,16],"texture":"#cross"},
				"east":{"uv":[8,6,9,16],"texture":"#cross"},
				"south":{"uv":[8,6,9,16],"texture":"#cross"},
				"west":{"uv":[8,6,9,16],"texture":"#cross"}
			}
		},
		{
			"from":[7.625,5.5,8.375],
			"to":[8.375,7,9.125],
			"rotation":{"angle":-45,"axis":"y","origin":[8,10,8]},
			"faces":{
				"east":{"uv":[7,13,8,15],"texture":"#cross"},
				"south":{"uv":[7,13,8,15],"texture":"#cross"},
				"west":{"uv":[7,13,8,15],"texture":"#cross"},
				"up":{"uv":[7,13,8,14],"rotation":270,"texture":"#cross"},
				"down":{"uv":[7,14,8,15],"rotation":90,"texture":"#cross"}
			}
		},
		{
			"from":[7.625,6.25,9.125],
			"to":[8.375,7.75,9.875],
			"rotation":{"angle":-45,"axis":"y","origin":[8,10,8]},
			"faces":{
				"north":{"uv":[6,12,7,14],"texture":"#cross"},
				"east":{"uv":[6,12,7,14],"texture":"#cross"},
				"south":{"uv":[6,12,7,14],"texture":"#cross"},
				"west":{"uv":[6,12,7,14],"texture":"#cross"},
				"up":{"uv":[6,12,7,13],"rotation":270,"texture":"#cross"},
				"down":{"uv":[6,13,7,14],"rotation":90,"texture":"#cross"}
			}
		},
		{
			"from":[7.625,7,9.875],
			"to":[8.375,8.5,10.625],
			"rotation":{"angle":-45,"axis":"y","origin":[8,10,8]},
			"faces":{
				"north":{"uv":[5,11,6,13],"texture":"#cross"},
				"east":{"uv":[5,11,6,13],"texture":"#cross"},
				"south":{"uv":[5,11,6,13],"texture":"#cross"},
				"west":{"uv":[5,11,6,13],"texture":"#cross"},
				"up":{"uv":[5,11,6,12],"rotation":270,"texture":"#cross"},
				"down":{"uv":[5,12,6,13],"rotation":90,"texture":"#cross"}
			}
		},
		{
			"from":[7.625,8.5,10.625],
			"to":[8.375,9.25,11.375],
			"rotation":{"angle":-45,"axis":"y","origin":[8,10,8]},
			"faces":{
				"north":{"uv":[4,10,5,11],"texture":"#cross"},
				"east":{"uv":[4,10,5,11],"texture":"#cross"},
				"south":{"uv":[4,10,5,11],"texture":"#cross"},
				"west":{"uv":[4,10,5,11],"texture":"#cross"},
				"up":{"uv":[4,10,5,11],"rotation":270,"texture":"#cross"},
				"down":{"uv":[4,10,5,11],"rotation":90,"texture":"#cross"}
			}
		},
		{
			"from":[7.625,7.75,4.625],
			"to":[8.375,8.5,5.375],
			"rotation":{"angle":-45,"axis":"y","origin":[8,10,8]},
			"faces":{
				"north":{"uv":[4,10,5,11],"texture":"#cross"},
				"east":{"uv":[4,10,5,11],"texture":"#cross"},
				"south":{"uv":[4,10,5,11],"texture":"#cross"},
				"west":{"uv":[4,10,5,11],"texture":"#cross"},
				"up":{"uv":[4,10,5,11],"rotation":270,"texture":"#cross"},
				"down":{"uv":[4,10,5,11],"rotation":90,"texture":"#cross"}
			}
		},
		{
			"from":[7.625,4.75,6.875],
			"to":[8.375,6.25,7.625],
			"rotation":{"angle":-45,"axis":"y","origin":[8,10,8]},
			"faces":{
				"north":{"uv":[7,13,8,15],"texture":"#cross"},
				"east":{"uv":[7,13,8,15],"texture":"#cross"},
				"west":{"uv":[7,13,8,15],"texture":"#cross"},
				"up":{"uv":[7,13,8,14],"rotation":270,"texture":"#cross"},
				"down":{"uv":[7,14,8,15],"rotation":90,"texture":"#cross"}
			}
		},
		{
			"from":[7.625,5.5,6.125],
			"to":[8.375,7,6.875],
			"rotation":{"angle":-45,"axis":"y","origin":[8,10,8]},
			"faces":{
				"north":{"uv":[6,12,7,14],"texture":"#cross"},
				"east":{"uv":[6,12,7,14],"texture":"#cross"},
				"south":{"uv":[6,12,7,14],"texture":"#cross"},
				"west":{"uv":[6,12,7,14],"texture":"#cross"},
				"up":{"uv":[6,12,7,13],"rotation":270,"texture":"#cross"},
				"down":{"uv":[6,13,7,14],"rotation":90,"texture":"#cross"}
			}
		},
		{
			"from":[7.625,6.25,5.375],
			"to":[8.375,7.75,6.125],
			"rotation":{"angle":-45,"axis":"y","origin":[8,10,8]},
			"faces":{
				"north":{"uv":[5,11,6,13],"texture":"#cross"},
				"east":{"uv":[5,11,6,13],"texture":"#cross"},
				"south":{"uv":[5,11,6,13],"texture":"#cross"},
				"west":{"uv":[5,11,6,13],"texture":"#cross"},
				"up":{"uv":[5,11,6,12],"rotation":270,"texture":"#cross"},
				"down":{"uv":[5,12,6,13],"rotation":90,"texture":"#cross"}
			}
		},
		{
			"from":[8.375,10,7.625],
			"to":[9.125,10.75,8.375],
			"rotation":{"angle":-45,"axis":"y","origin":[8,10,8]},
			"faces":{
				"north":{"uv":[7,7,8,8],"texture":"#cross"},
				"east":{"uv":[7,7,8,8],"texture":"#cross"},
				"south":{"uv":[7,7,8,8],"texture":"#cross"},
				"down":{"uv":[7,7,8,8],"rotation":90,"texture":"#cross"}
			}
		},
		{
			"from":[6.875,9.25,7.625],
			"to":[7.625,10.75,8.375],
			"rotation":{"angle":-45,"axis":"y","origin":[8,10,8]},
			"faces":{
				"north":{"uv":[7,7,8,9],"texture":"#cross"},
				"south":{"uv":[7,7,8,9],"texture":"#cross"},
				"west":{"uv":[7,7,8,9],"texture":"#cross"},
				"down":{"uv":[7,8,8,9],"rotation":90,"texture":"#cross"}
			}
		},
		{
			"from":[7.625,10.7575,6.125],
			"to":[8.375,11.5075,9.875],
			"rotation":{"angle":-45,"axis":"y","origin":[8,10,8]},
			"faces":{
				"north":{"uv":[10,6,11,7],"texture":"#cross"},
				"east":{"uv":[6,6,11,7],"texture":"#cross"},
				"south":{"uv":[6,6,7,7],"texture":"#cross"},
				"west":{"uv":[11,6,6,7],"texture":"#cross"},
				"up":{"uv":[6,6,11,7],"rotation":270,"texture":"#cross"},
				"down":{"uv":[6,6,11,7],"rotation":90,"texture":"#cross"}
			}
		},
		{
			"from":[6.125,10.7575,7.625],
			"to":[9.875,11.5075,8.375],
			"rotation":{"angle":-45,"axis":"y","origin":[8,10,8]},
			"faces":{
				"north":{"uv":[11,6,6,7],"texture":"#cross"},
				"east":{"uv":[10,6,11,7],"texture":"#cross"},
				"south":{"uv":[6,6,11,7],"texture":"#cross"},
				"west":{"uv":[6,6,7,7],"texture":"#cross"},
				"up":{"uv":[6,6,11,7],"texture":"#cross"},
				"down":{"uv":[6,6,11,7],"texture":"#cross"}
			}
		},
		{
			"from":[7.625,11.5,9.875],
			"to":[8.375,12.25,10.625],
			"rotation":{"angle":-45,"axis":"y","origin":[8,10,8]},
			"faces":{
				"north":{"uv":[6,5,7,6],"texture":"#cross"},
				"east":{"uv":[6,5,7,6],"texture":"#cross"},
				"south":{"uv":[6,5,7,6],"texture":"#cross"},
				"west":{"uv":[6,5,7,6],"texture":"#cross"},
				"up":{"uv":[6,5,7,6],"rotation":270,"texture":"#cross"},
				"down":{"uv":[6,5,7,6],"rotation":90,"texture":"#cross"}
			}
		},
		{
			"from":[8.375,11.5,9.125],
			"to":[9.125,12.25,9.875],
			"rotation":{"angle":-45,"axis":"y","origin":[8,10,8]},
			"faces":{
				"north":{"uv":[5,6,6,7],"texture":"#cross"},
				"east":{"uv":[5,6,6,7],"texture":"#cross"},
				"south":{"uv":[5,6,6,7],"texture":"#cross"},
				"west":{"uv":[5,6,6,7],"texture":"#cross"},
				"up":{"uv":[5,6,6,7],"rotation":270,"texture":"#cross"},
				"down":{"uv":[5,6,6,7],"rotation":90,"texture":"#cross"}
			}
		},
		{
			"from":[6.875,11.5,9.125],
			"to":[7.625,12.25,9.875],
			"rotation":{"angle":-45,"axis":"y","origin":[8,10,8]},
			"faces":{
				"north":{"uv":[8,5,9,6],"texture":"#cross"},
				"east":{"uv":[8,5,9,6],"texture":"#cross"},
				"south":{"uv":[8,5,9,6],"texture":"#cross"},
				"west":{"uv":[8,5,9,6],"texture":"#cross"},
				"up":{"uv":[8,5,9,6],"rotation":270,"texture":"#cross"},
				"down":{"uv":[8,5,9,6],"rotation":90,"texture":"#cross"}
			}
		},
		{
			"from":[9.125,11.5,8.375],
			"to":[9.875,12.25,9.125],
			"rotation":{"angle":-45,"axis":"y","origin":[8,10,8]},
			"faces":{
				"north":{"uv":[7,4,8,5],"texture":"#cross"},
				"east":{"uv":[7,4,8,5],"texture":"#cross"},
				"south":{"uv":[7,4,8,5],"texture":"#cross"},
				"west":{"uv":[7,4,8,5],"texture":"#cross"},
				"up":{"uv":[7,4,8,5],"rotation":270,"texture":"#cross"},
				"down":{"uv":[7,4,8,5],"rotation":90,"texture":"#cross"}
			}
		},
		{
			"from":[9.125,11.5,6.875],
			"to":[9.875,12.25,7.625],
			"rotation":{"angle":-45,"axis":"y","origin":[8,10,8]},
			"faces":{
				"north":{"uv":[9,4,10,5],"texture":"#cross"},
				"east":{"uv":[9,4,10,5],"texture":"#cross"},
				"south":{"uv":[9,4,10,5],"texture":"#cross"},
				"west":{"uv":[9,4,10,5],"texture":"#cross"},
				"up":{"uv":[9,4,10,5],"rotation":270,"texture":"#cross"},
				"down":{"uv":[9,4,10,5],"rotation":90,"texture":"#cross"}
			}
		},
		{
			"from":[9.875,11.5,7.625],
			"to":[10.625,12.25,8.375],
			"rotation":{"angle":-45,"axis":"y","origin":[8,10,8]},
			"faces":{
				"north":{"uv":[7,4,8,5],"texture":"#cross"},
				"east":{"uv":[7,4,8,5],"texture":"#cross"},
				"south":{"uv":[7,4,8,5],"texture":"#cross"},
				"west":{"uv":[7,4,8,5],"texture":"#cross"},
				"up":{"uv":[7,4,8,5],"rotation":270,"texture":"#cross"},
				"down":{"uv":[7,4,8,5],"rotation":90,"texture":"#cross"}
			}
		},
		{
			"from":[5.375,11.5,7.625],
			"to":[6.125,12.25,8.375],
			"rotation":{"angle":-45,"axis":"y","origin":[8,10,8]},
			"faces":{
				"north":{"uv":[7,4,8,5],"rotation":180,"texture":"#cross"},
				"east":{"uv":[7,4,8,5],"rotation":180,"texture":"#cross"},
				"south":{"uv":[7,4,8,5],"rotation":180,"texture":"#cross"},
				"west":{"uv":[7,4,8,5],"rotation":180,"texture":"#cross"},
				"up":{"uv":[7,4,8,5],"rotation":90,"texture":"#cross"},
				"down":{"uv":[7,4,8,5],"rotation":270,"texture":"#cross"}
			}
		},
		{
			"from":[6.875,11.5,6.125],
			"to":[7.625,12.25,6.875],
			"rotation":{"angle":-45,"axis":"y","origin":[8,10,8]},
			"faces":{
				"north":{"uv":[5,6,6,7],"texture":"#cross"},
				"east":{"uv":[5,6,6,7],"texture":"#cross"},
				"south":{"uv":[5,6,6,7],"texture":"#cross"},
				"west":{"uv":[5,6,6,7],"texture":"#cross"},
				"up":{"uv":[5,6,6,7],"rotation":270,"texture":"#cross"},
				"down":{"uv":[5,6,6,7],"rotation":90,"texture":"#cross"}
			}
		},
		{
			"from":[8.375,11.5,6.125],
			"to":[9.125,12.25,6.875],
			"rotation":{"angle":-45,"axis":"y","origin":[8,10,8]},
			"faces":{
				"north":{"uv":[8,5,9,6],"texture":"#cross"},
				"east":{"uv":[8,5,9,6],"texture":"#cross"},
				"south":{"uv":[8,5,9,6],"texture":"#cross"},
				"west":{"uv":[8,5,9,6],"texture":"#cross"},
				"up":{"uv":[8,5,9,6],"rotation":270,"texture":"#cross"},
				"down":{"uv":[8,5,9,6],"rotation":90,"texture":"#cross"}
			}
		},
		{
			"from":[6.125,11.5,8.375],
			"to":[6.875,12.25,9.125],
			"rotation":{"angle":-45,"axis":"y","origin":[8,10,8]},
			"faces":{
				"north":{"uv":[9,4,10,5],"texture":"#cross"},
				"east":{"uv":[9,4,10,5],"texture":"#cross"},
				"south":{"uv":[9,4,10,5],"texture":"#cross"},
				"west":{"uv":[9,4,10,5],"texture":"#cross"},
				"up":{"uv":[9,4,10,5],"rotation":270,"texture":"#cross"},
				"down":{"uv":[9,4,10,5],"rotation":90,"texture":"#cross"}
			}
		},
		{
			"from":[6.125,11.5,6.875],
			"to":[6.875,12.25,7.625],
			"rotation":{"angle":-45,"axis":"y","origin":[8,10,8]},
			"faces":{
				"north":{"uv":[7,4,8,5],"texture":"#cross"},
				"east":{"uv":[7,4,8,5],"texture":"#cross"},
				"south":{"uv":[7,4,8,5],"texture":"#cross"},
				"west":{"uv":[7,4,8,5],"texture":"#cross"},
				"up":{"uv":[7,4,8,5],"rotation":270,"texture":"#cross"},
				"down":{"uv":[7,4,8,5],"rotation":90,"texture":"#cross"}
			}
		},
		{
			"from":[7.625,11.5,5.375],
			"to":[8.375,12.25,6.125],
			"rotation":{"angle":-45,"axis":"y","origin":[8,10,8]},
			"faces":{
				"north":{"uv":[6,5,7,6],"texture":"#cross"},
				"east":{"uv":[6,5,7,6],"texture":"#cross"},
				"south":{"uv":[6,5,7,6],"texture":"#cross"},
				"west":{"uv":[6,5,7,6],"texture":"#cross"},
				"up":{"uv":[6,5,7,6],"rotation":270,"texture":"#cross"},
				"down":{"uv":[6,5,7,6],"rotation":90,"texture":"#cross"}
			}
		},
		{
			"from":[6.875,11.5,7.625],
			"to":[9.125,12.25,8.375],
			"rotation":{"angle":-45,"axis":"y","origin":[8,10,8]},
			"faces":{
				"north":{"uv":[10,6,7,7],"texture":"#cross"},
				"east":{"uv":[9,6,10,7],"texture":"#cross"},
				"south":{"uv":[7,6,10,7],"texture":"#cross"},
				"west":{"uv":[7,6,8,7],"texture":"#cross"},
				"up":{"uv":[7,6,10,7],"texture":"#cross"}
			}
		},
		{
			"from":[7.625,11.5,6.875],
			"to":[8.375,12.25,9.125],
			"rotation":{"angle":-45,"axis":"y","origin":[8,10,8]},
			"faces":{
				"north":{"uv":[7,6,8,7],"texture":"#cross"},
				"east":{"uv":[10,6,7,7],"texture":"#cross"},
				"south":{"uv":[9,6,10,7],"texture":"#cross"},
				"west":{"uv":[7,6,10,7],"texture":"#cross"},
				"up":{"uv":[7,6,10,7],"rotation":90,"texture":"#cross"}
			}
		},
		{
			"from":[6.875,10.75,6.875],
			"to":[9.125,11.5,9.125],
			"rotation":{"angle":-45,"axis":"y","origin":[8,10,8]},
			"faces":{
				"north":{"uv":[9,4,10,7],"rotation":90,"texture":"#cross"},
				"east":{"uv":[7,6,10,7],"texture":"#cross"},
				"south":{"uv":[7,7,8,4],"rotation":90,"texture":"#cross"},
				"west":{"uv":[10,4,7,5],"texture":"#cross"},
				"up":{"uv":[7,4,10,7],"rotation":270,"texture":"#cross"},
				"down":{"uv":[7,7,10,4],"rotation":90,"texture":"#cross"}
			}
		},
		{
			"from":[7.625,12.25,7.625],
			"to":[8.375,12.625,8.375],
			"rotation":{"angle":-45,"axis":"y","origin":[8,10,8]},
			"faces":{
				"north":{"uv":[8,6,9,7],"texture":"#cross"},
				"east":{"uv":[8,6,9,7],"texture":"#cross"},
				"south":{"uv":[8,6,9,7],"texture":"#cross"},
				"west":{"uv":[8,6,9,7],"texture":"#cross"},
				"up":{"uv":[8,6,9,7],"rotation":270,"texture":"#cross"}
			}
		},
		{
			"from":[6,6,6],
			"to":[10,4,10],
			"faces":{
				"north":{"uv":[6,10,10,12],"texture":"#flowerpot"},
				"east":{"uv":[6,10,10,12],"texture":"#flowerpot"},
				"south":{"uv":[6,10,10,12],"texture":"#flowerpot"},
				"west":{"uv":[6,10,10,12],"texture":"#flowerpot"},
				"up":{"uv":[6,6,10,10],"texture":"#dirt"}
			}
		},
		{
			"from":[5,0,5],
			"to":[11,6,11],
			"faces":{
				"north":{"uv":[5,10,11,16],"texture":"#flowerpot"},
				"east":{"uv":[5,10,11,16],"texture":"#flowerpot"},
				"south":{"uv":[5,10,11,16],"texture":"#flowerpot"},
				"west":{"uv":[5,10,11,16],"texture":"#flowerpot"},
				"up":{"uv":[4.9882,4.9882,11.0118,11.0118],"texture":"#flowerpot"},
				"down":{"uv":[5,10,11,16],"texture":"#flowerpot","cullface":"down"}
			}
		}
	]
}