{
	"__comment":"Designed by GeForceLegend",
	"ambientocclusion":false,
	"textures":{
		"cross":"block/brown_mushroom",
		"flowerpot":"block/flower_pot",
		"particle":"block/flower_pot",
		"dirt":"block/dirt"
	},
	"elements":[
		{
			"from":[7.25,4,7.25],
			"to":[8.75,10,8.75],
			"rotation":{"angle":-45,"axis":"y","origin":[8,8,8]},
			"faces":{
				"north":{"uv":[7,8,9,16],"texture":"#cross"},
				"east":{"uv":[7,8,9,16],"texture":"#cross"},
				"south":{"uv":[7,8,9,16],"texture":"#cross"},
				"west":{"uv":[7,8,9,16],"texture":"#cross"}
			}
		},
		{
			"from":[5,7,7.25],
			"to":[11,8.5,8.75],
			"rotation":{"angle":-45,"axis":"y","origin":[8,8,8]},
			"faces":{
				"north":{"uv":[12,10,6,12],"texture":"#cross"},
				"east":{"uv":[10,10,12,12],"texture":"#cross"},
				"south":{"uv":[6,10,4,12],"texture":"#cross"},
				"west":{"uv":[7,10,5,12],"texture":"#cross"},
				"up":{"uv":[5,9,11,11],"texture":"#cross"},
				"down":{"uv":[4,10,12,12],"texture":"#cross"}
			}
		},
		{
			"from":[7.25,7,5],
			"to":[8.75,8.5,11],
			"rotation":{"angle":-45,"axis":"y","origin":[8,8,8]},
			"faces":{
				"north":{"uv":[12,10,10,12],"texture":"#cross"},
				"east":{"uv":[6,10,12,12],"texture":"#cross"},
				"south":{"uv":[5,10,7,12],"texture":"#cross"},
				"west":{"uv":[4,10,6,12],"texture":"#cross"},
				"up":{"uv":[5,11,11,9],"rotation":270,"texture":"#cross"},
				"down":{"uv":[4,12,12,10],"rotation":90,"texture":"#cross"}
			}
		},
		{
			"from":[6.5,7.0075,5.75],
			"to":[9.5,8.5,10.25],
			"rotation":{"angle":-45,"axis":"y","origin":[8,8,8]},
			"faces":{
				"north":{"uv":[12,10,10,12],"texture":"#cross"},
				"east":{"uv":[6,10,12,12],"texture":"#cross"},
				"south":{"uv":[5,10,7,12],"texture":"#cross"},
				"west":{"uv":[6,10,8,12],"rotation":90,"texture":"#cross"},
				"up":{"uv":[5,11,11,9],"rotation":270,"texture":"#cross"},
				"down":{"uv":[5,12,11,9],"rotation":90,"texture":"#cross"}
			}
		},
		{
			"from":[5.75,7.015,6.5],
			"to":[10.25,8.5,9.5],
			"rotation":{"angle":-45,"axis":"y","origin":[8,8,8]},
			"faces":{
				"north":{"uv":[12,10,6,12],"texture":"#cross"},
				"east":{"uv":[10,10,12,12],"texture":"#cross"},
				"south":{"uv":[6,12,8,10],"rotation":90,"texture":"#cross"},
				"west":{"uv":[7,10,5,12],"texture":"#cross"},
				"up":{"uv":[11,11,5,9],"rotation":180,"texture":"#cross"},
				"down":{"uv":[11,12,5,9],"rotation":180,"texture":"#cross"}
			}
		},
		{
			"from":[5.75,8.5,7.25],
			"to":[10.25,9.25,8.75],
			"rotation":{"angle":-45,"axis":"y","origin":[8,8,8]},
			"faces":{
				"north":{"uv":[11,9,5,10],"texture":"#cross"},
				"east":{"uv":[9,9,11,10],"texture":"#cross"},
				"south":{"uv":[5,9,10,10],"texture":"#cross"},
				"west":{"uv":[5,9,7,10],"texture":"#cross"},
				"up":{"uv":[5,9,11,11],"texture":"#cross"}
			}
		},
		{
			"from":[7.25,8.5,5.75],
			"to":[8.75,9.25,10.25],
			"rotation":{"angle":-45,"axis":"y","origin":[8,8,8]},
			"faces":{
				"north":{"uv":[9,9,11,10],"texture":"#cross"},
				"east":{"uv":[5,9,10,10],"texture":"#cross"},
				"south":{"uv":[5,9,7,10],"texture":"#cross"},
				"west":{"uv":[11,9,5,10],"texture":"#cross"},
				"up":{"uv":[5,9,11,11],"rotation":270,"texture":"#cross"}
			}
		},
		{
			"from":[6.5,8.5,6.5],
			"to":[9.5,9.25,9.5],
			"rotation":{"angle":-45,"axis":"y","origin":[8,8,8]},
			"faces":{
				"north":{"uv":[9,8,10,12],"rotation":90,"texture":"#cross"},
				"east":{"uv":[6,11,10,12],"texture":"#cross"},
				"south":{"uv":[6,12,7,8],"rotation":90,"texture":"#cross"},
				"west":{"uv":[10,8,6,9],"texture":"#cross"},
				"up":{"uv":[6,8,10,12],"rotation":270,"texture":"#cross"}
			}
		},
		{
			"from":[7.25,9.25,6.5],
			"to":[8.75,10,9.5],
			"rotation":{"angle":-45,"axis":"y","origin":[8,8,8]},
			"faces":{
				"north":{"uv":[7,10,9,11],"texture":"#cross"},
				"east":{"uv":[6,9,10,10],"texture":"#cross"},
				"south":{"uv":[7,8,9,9],"texture":"#cross"},
				"west":{"uv":[10,9,6,10],"texture":"#cross"},
				"up":{"uv":[6,8,10,10],"rotation":270,"texture":"#cross"}
			}
		},
		{
			"from":[6.5,9.25,7.25],
			"to":[9.5,10,8.75],
			"rotation":{"angle":-45,"axis":"y","origin":[8,8,8]},
			"faces":{
				"north":{"uv":[10,9,6,10],"texture":"#cross"},
				"east":{"uv":[7,10,9,11],"texture":"#cross"},
				"south":{"uv":[6,9,10,10],"texture":"#cross"},
				"west":{"uv":[7,8,9,9],"texture":"#cross"},
				"up":{"uv":[6,8,10,10],"texture":"#cross"}
			}
		},
		{
			"from":[6,6,6],
			"to":[10,4,10],
			"faces":{
				"north":{"uv":[6,10,10,12],"texture":"#flowerpot"},
				"east":{"uv":[6,10,10,12],"texture":"#flowerpot"},
				"south":{"uv":[6,10,10,12],"texture":"#flowerpot"},
				"west":{"uv":[6,10,10,12],"texture":"#flowerpot"},
				"up":{"uv":[6,6,10,10],"texture":"#dirt"}
			}
		},
		{
			"from":[5,0,5],
			"to":[11,6,11],
			"faces":{
				"north":{"uv":[5,10,11,16],"texture":"#flowerpot"},
				"east":{"uv":[5,10,11,16],"texture":"#flowerpot"},
				"south":{"uv":[5,10,11,16],"texture":"#flowerpot"},
				"west":{"uv":[5,10,11,16],"texture":"#flowerpot"},
				"up":{"uv":[4.9882,4.9882,11.0118,11.0118],"texture":"#flowerpot"},
				"down":{"uv":[5,10,11,16],"texture":"#flowerpot","cullface":"down"}
			}
		}
	]
}