{
	"__comment":"Designed by GeForceLegend",
	"ambientocclusion":false,
	"textures":{
		"0":"block/spruce_sapling",
		"flowerpot":"block/flower_pot",
		"particle":"block/flower_pot",
		"dirt":"block/dirt"
	},
	"elements":[
		{
			"from":[7.25,4,7.25],
			"to":[8.75,13,8.75],
			"rotation":{"angle":-45,"axis":"y","origin":[8,6,8]},
			"faces":{
				"north":{"uv":[9,4,7,16],"texture":"#0"},
				"east":{"uv":[7,4,9,16],"texture":"#0"},
				"south":{"uv":[7,4,9,16],"texture":"#0"},
				"west":{"uv":[7,4,9,16],"texture":"#0"},
				"up":{"uv":[7,4,9,6],"texture":"#0"}
			}
		},
		{
			"from":[7.625,14.5,7.625],
			"to":[8.375,15.25,8.375],
			"rotation":{"angle":-45,"axis":"y","origin":[8,6,8]},
			"faces":{
				"north":{"uv":[7,1,8,2],"texture":"#0"},
				"east":{"uv":[7,1,8,2],"texture":"#0"},
				"south":{"uv":[7,1,8,2],"texture":"#0"},
				"west":{"uv":[7,1,8,2],"texture":"#0"},
				"up":{"uv":[7,1,8,2],"texture":"#0"}
			}
		},
		{
			"from":[6.875,13,7.625],
			"to":[9.125,14.5,8.375],
			"rotation":{"angle":-45,"axis":"y","origin":[8,6,8]},
			"faces":{
				"north":{"uv":[9,2,6,4],"texture":"#0"},
				"east":{"uv":[8,2,9,4],"texture":"#0"},
				"south":{"uv":[6,2,9,4],"texture":"#0"},
				"west":{"uv":[6,2,7,4],"texture":"#0"},
				"up":{"uv":[6,2,9,3],"texture":"#0"}
			}
		},
		{
			"from":[7.625,13,6.875],
			"to":[8.375,14.5,9.125],
			"rotation":{"angle":-45,"axis":"y","origin":[8,6,8]},
			"faces":{
				"north":{"uv":[8,2,9,4],"texture":"#0"},
				"east":{"uv":[6,2,9,4],"texture":"#0"},
				"south":{"uv":[6,2,7,4],"texture":"#0"},
				"west":{"uv":[9,2,6,4],"texture":"#0"},
				"up":{"uv":[6,2,9,3],"rotation":270,"texture":"#0"}
			}
		},
		{
			"from":[6.5,4.75,7.625],
			"to":[7.25,5.5,8.375],
			"rotation":{"angle":-45,"axis":"y","origin":[8,6,8]},
			"faces":{
				"north":{"uv":[6,14,7,15],"texture":"#0"},
				"south":{"uv":[6,14,7,15],"texture":"#0"},
				"west":{"uv":[6,14,7,15],"texture":"#0"},
				"down":{"uv":[6,14,7,15],"texture":"#0"}
			}
		},
		{
			"from":[7.625,4.75,8.75],
			"to":[8.375,5.5,9.5],
			"rotation":{"angle":-45,"axis":"y","origin":[8,6,8]},
			"faces":{
				"east":{"uv":[6,14,7,15],"texture":"#0"},
				"south":{"uv":[6,14,7,15],"texture":"#0"},
				"west":{"uv":[6,14,7,15],"texture":"#0"},
				"down":{"uv":[6,14,7,15],"rotation":90,"texture":"#0"}
			}
		},
		{
			"from":[6.875,5.5,8.375],
			"to":[7.625,10.75,9.125],
			"rotation":{"angle":-45,"axis":"y","origin":[8,6,8]},
			"faces":{
				"south":{"uv":[6,7,7,14],"texture":"#0"},
				"west":{"uv":[6,7,7,14],"texture":"#0"},
				"up":{"uv":[6,8,7,9],"rotation":270,"texture":"#0"},
				"down":{"uv":[6,13,7,14],"rotation":90,"texture":"#0"}
			}
		},
		{
			"from":[6.125,6.25,6.875],
			"to":[6.875,7.75,9.125],
			"rotation":{"angle":-45,"axis":"y","origin":[8,6,8]},
			"faces":{
				"north":{"uv":[5,11,6,13],"texture":"#0"},
				"south":{"uv":[5,11,6,13],"texture":"#0"},
				"west":{"uv":[5,11,6,13],"texture":"#0"},
				"up":{"uv":[5,11,6,12],"texture":"#0"}
			}
		},
		{
			"from":[6.875,6.25,9.125],
			"to":[9.125,7.75,9.875],
			"rotation":{"angle":-45,"axis":"y","origin":[8,6,8]},
			"faces":{
				"east":{"uv":[5,11,6,13],"texture":"#0"},
				"south":{"uv":[5,11,6,13],"texture":"#0"},
				"west":{"uv":[5,11,6,13],"texture":"#0"},
				"up":{"uv":[5,11,6,12],"rotation":270,"texture":"#0"}
			}
		},
		{
			"from":[6.125,8.5,6.875],
			"to":[6.875,10,9.125],
			"rotation":{"angle":-45,"axis":"y","origin":[8,6,8]},
			"faces":{
				"north":{"uv":[5,8,6,10],"texture":"#0"},
				"south":{"uv":[5,8,6,10],"texture":"#0"},
				"west":{"uv":[5,8,6,10],"texture":"#0"},
				"up":{"uv":[5,8,6,9],"texture":"#0"},
				"down":{"uv":[5,9,6,10],"texture":"#0"}
			}
		},
		{
			"from":[6.875,8.5,9.125],
			"to":[9.125,10,9.875],
			"rotation":{"angle":-45,"axis":"y","origin":[8,6,8]},
			"faces":{
				"east":{"uv":[5,8,6,10],"texture":"#0"},
				"south":{"uv":[5,8,6,10],"texture":"#0"},
				"west":{"uv":[5,8,6,10],"texture":"#0"},
				"up":{"uv":[5,8,6,9],"rotation":270,"texture":"#0"},
				"down":{"uv":[5,9,6,10],"rotation":90,"texture":"#0"}
			}
		},
		{
			"from":[6.875,11.5,6.875],
			"to":[7.625,13.0075,9.125],
			"rotation":{"angle":-45,"axis":"y","origin":[8,6,8]},
			"faces":{
				"north":{"uv":[6,4,7,6],"texture":"#0"},
				"west":{"uv":[6,4,7,6],"texture":"#0"},
				"up":{"uv":[6,4,7,5],"texture":"#0"}
			}
		},
		{
			"from":[6.875,11.5,8.375],
			"to":[9.125,13.0075,9.125],
			"rotation":{"angle":-45,"axis":"y","origin":[8,6,8]},
			"faces":{
				"east":{"uv":[6,4,7,6],"texture":"#0"},
				"south":{"uv":[6,4,7,6],"texture":"#0"},
				"up":{"uv":[6,4,7,5],"rotation":270,"texture":"#0"}
			}
		},
		{
			"from":[6.125,11.5,6.875],
			"to":[6.875,12.25,9.125],
			"rotation":{"angle":-45,"axis":"y","origin":[8,6,8]},
			"faces":{
				"north":{"uv":[5,5,6,6],"texture":"#0"},
				"south":{"uv":[5,5,6,6],"texture":"#0"},
				"west":{"uv":[5,5,6,6],"texture":"#0"},
				"up":{"uv":[5,5,6,6],"texture":"#0"},
				"down":{"uv":[5,5,6,6],"texture":"#0"}
			}
		},
		{
			"from":[6.875,11.5,9.125],
			"to":[9.125,12.25,9.875],
			"rotation":{"angle":-45,"axis":"y","origin":[8,6,8]},
			"faces":{
				"east":{"uv":[5,5,6,6],"texture":"#0"},
				"south":{"uv":[5,5,6,6],"texture":"#0"},
				"west":{"uv":[5,5,6,6],"texture":"#0"},
				"up":{"uv":[5,5,6,6],"rotation":270,"texture":"#0"},
				"down":{"uv":[5,5,6,6],"rotation":90,"texture":"#0"}
			}
		},
		{
			"from":[5.375,6.25,6.875],
			"to":[6.125,7,9.125],
			"rotation":{"angle":-45,"axis":"y","origin":[8,6,8]},
			"faces":{
				"north":{"uv":[4,12,5,13],"texture":"#0"},
				"south":{"uv":[4,12,5,13],"texture":"#0"},
				"west":{"uv":[4,12,5,13],"texture":"#0"},
				"up":{"uv":[4,12,5,13],"texture":"#0"},
				"down":{"uv":[4,12,5,13],"texture":"#0"}
			}
		},
		{
			"from":[6.875,6.25,9.875],
			"to":[9.125,7,10.625],
			"rotation":{"angle":-45,"axis":"y","origin":[8,6,8]},
			"faces":{
				"east":{"uv":[4,12,5,13],"texture":"#0"},
				"south":{"uv":[4,12,5,13],"texture":"#0"},
				"west":{"uv":[4,12,5,13],"texture":"#0"},
				"up":{"uv":[4,12,5,13],"rotation":270,"texture":"#0"},
				"down":{"uv":[4,12,5,13],"rotation":90,"texture":"#0"}
			}
		},
		{
			"from":[6.125,6.25,6.125],
			"to":[6.875,7,9.875],
			"rotation":{"angle":-45,"axis":"y","origin":[8,6,8]},
			"faces":{
				"north":{"uv":[5,12,7,13],"texture":"#0"},
				"west":{"uv":[5,12,7,13],"texture":"#0"},
				"up":{"uv":[5,12,7,13],"texture":"#0"},
				"down":{"uv":[5,12,7,13],"texture":"#0"}
			}
		},
		{
			"from":[6.125,6.25,9.125],
			"to":[9.875,7,9.875],
			"rotation":{"angle":-45,"axis":"y","origin":[8,6,8]},
			"faces":{
				"east":{"uv":[5,12,7,13],"texture":"#0"},
				"south":{"uv":[5,12,7,13],"texture":"#0"},
				"up":{"uv":[5,12,7,13],"rotation":270,"texture":"#0"},
				"down":{"uv":[5,12,7,13],"rotation":90,"texture":"#0"}
			}
		},
		{
			"from":[6.125,5.5,7.625],
			"to":[7.625,13,8.375],
			"rotation":{"angle":-45,"axis":"y","origin":[8,6,8]},
			"faces":{
				"north":{"uv":[7,4,5,14],"texture":"#0"},
				"south":{"uv":[5,4,7,14],"texture":"#0"},
				"west":{"uv":[5,4,6,14],"texture":"#0"},
				"up":{"uv":[5,4,7,5],"texture":"#0"},
				"down":{"uv":[5,13,7,14],"texture":"#0"}
			}
		},
		{
			"from":[7.625,5.5,8.375],
			"to":[8.375,13,9.875],
			"rotation":{"angle":-45,"axis":"y","origin":[8,6,8]},
			"faces":{
				"east":{"uv":[5,4,7,14],"texture":"#0"},
				"south":{"uv":[5,4,6,14],"texture":"#0"},
				"west":{"uv":[7,4,5,14],"texture":"#0"},
				"up":{"uv":[5,4,7,5],"rotation":270,"texture":"#0"},
				"down":{"uv":[5,13,7,14],"rotation":90,"texture":"#0"}
			}
		},
		{
			"from":[4.625,6.25,7.625],
			"to":[6.125,7,8.375],
			"rotation":{"angle":-45,"axis":"y","origin":[8,6,8]},
			"faces":{
				"north":{"uv":[5,12,3,13],"texture":"#0"},
				"south":{"uv":[3,12,5,13],"texture":"#0"},
				"west":{"uv":[3,12,4,13],"texture":"#0"},
				"up":{"uv":[3,12,5,13],"texture":"#0"},
				"down":{"uv":[3,12,5,13],"texture":"#0"}
			}
		},
		{
			"from":[7.625,6.25,9.875],
			"to":[8.375,7,11.375],
			"rotation":{"angle":-45,"axis":"y","origin":[8,6,8]},
			"faces":{
				"east":{"uv":[3,12,5,13],"texture":"#0"},
				"south":{"uv":[3,12,4,13],"texture":"#0"},
				"west":{"uv":[5,12,3,13],"texture":"#0"},
				"up":{"uv":[3,12,5,13],"rotation":270,"texture":"#0"},
				"down":{"uv":[3,12,5,13],"rotation":90,"texture":"#0"}
			}
		},
		{
			"from":[5.375,7,7.625],
			"to":[6.125,7.75,8.375],
			"rotation":{"angle":-45,"axis":"y","origin":[8,6,8]},
			"faces":{
				"north":{"uv":[4,11,5,12],"texture":"#0"},
				"south":{"uv":[4,11,5,12],"texture":"#0"},
				"west":{"uv":[4,11,5,12],"texture":"#0"},
				"up":{"uv":[4,11,5,12],"texture":"#0"}
			}
		},
		{
			"from":[7.625,7,9.875],
			"to":[8.375,7.75,10.625],
			"rotation":{"angle":-45,"axis":"y","origin":[8,6,8]},
			"faces":{
				"east":{"uv":[4,11,5,12],"texture":"#0"},
				"south":{"uv":[4,11,5,12],"texture":"#0"},
				"west":{"uv":[4,11,5,12],"texture":"#0"},
				"up":{"uv":[4,11,5,12],"rotation":270,"texture":"#0"}
			}
		},
		{
			"from":[5.375,8.5,7.625],
			"to":[6.125,10,8.375],
			"rotation":{"angle":-45,"axis":"y","origin":[8,6,8]},
			"faces":{
				"north":{"uv":[4,8,5,10],"texture":"#0"},
				"south":{"uv":[4,8,5,10],"texture":"#0"},
				"west":{"uv":[4,8,5,10],"texture":"#0"},
				"up":{"uv":[4,8,5,9],"texture":"#0"},
				"down":{"uv":[4,9,5,10],"texture":"#0"}
			}
		},
		{
			"from":[7.625,8.5,9.875],
			"to":[8.375,10,10.625],
			"rotation":{"angle":-45,"axis":"y","origin":[8,6,8]},
			"faces":{
				"east":{"uv":[4,8,5,10],"texture":"#0"},
				"south":{"uv":[4,8,5,10],"texture":"#0"},
				"west":{"uv":[4,8,5,10],"texture":"#0"},
				"up":{"uv":[4,8,5,9],"rotation":270,"texture":"#0"},
				"down":{"uv":[4,9,5,10],"rotation":90,"texture":"#0"}
			}
		},
		{
			"from":[5.375,11.5,7.625],
			"to":[6.125,12.25,8.375],
			"rotation":{"angle":-45,"axis":"y","origin":[8,6,8]},
			"faces":{
				"north":{"uv":[4,5,5,6],"texture":"#0"},
				"south":{"uv":[4,5,5,6],"texture":"#0"},
				"west":{"uv":[4,5,5,6],"texture":"#0"},
				"up":{"uv":[4,5,5,6],"texture":"#0"},
				"down":{"uv":[4,5,5,6],"texture":"#0"}
			}
		},
		{
			"from":[7.625,11.5,9.875],
			"to":[8.375,12.25,10.625],
			"rotation":{"angle":-45,"axis":"y","origin":[8,6,8]},
			"faces":{
				"east":{"uv":[4,5,5,6],"texture":"#0"},
				"south":{"uv":[4,5,5,6],"texture":"#0"},
				"west":{"uv":[4,5,5,6],"texture":"#0"},
				"up":{"uv":[4,5,5,6],"rotation":270,"texture":"#0"},
				"down":{"uv":[4,5,5,6],"rotation":90,"texture":"#0"}
			}
		},
		{
			"from":[8.375,5.5,7.625],
			"to":[10.625,6.25,8.375],
			"rotation":{"angle":-45,"axis":"y","origin":[8,6,8]},
			"faces":{
				"north":{"uv":[12,13,9,14],"texture":"#0"},
				"east":{"uv":[11,13,12,14],"texture":"#0"},
				"south":{"uv":[9,13,12,14],"texture":"#0"},
				"up":{"uv":[9,13,12,14],"texture":"#0"},
				"down":{"uv":[9,13,12,14],"texture":"#0"}
			}
		},
		{
			"from":[7.625,5.5,5.375],
			"to":[8.375,6.25,7.625],
			"rotation":{"angle":-45,"axis":"y","origin":[8,6,8]},
			"faces":{
				"north":{"uv":[11,13,12,14],"texture":"#0"},
				"east":{"uv":[9,13,12,14],"texture":"#0"},
				"west":{"uv":[12,13,9,14],"texture":"#0"},
				"up":{"uv":[9,13,12,14],"rotation":270,"texture":"#0"},
				"down":{"uv":[9,13,12,14],"rotation":90,"texture":"#0"}
			}
		},
		{
			"from":[9.125,4.75,7.625],
			"to":[9.875,5.5,8.375],
			"rotation":{"angle":-45,"axis":"y","origin":[8,6,8]},
			"faces":{
				"north":{"uv":[10,14,11,15],"texture":"#0"},
				"east":{"uv":[10,14,11,15],"texture":"#0"},
				"south":{"uv":[10,14,11,15],"texture":"#0"},
				"west":{"uv":[10,14,11,15],"texture":"#0"},
				"down":{"uv":[10,14,11,15],"texture":"#0"}
			}
		},
		{
			"from":[7.625,4.75,6.125],
			"to":[8.375,5.5,6.875],
			"rotation":{"angle":-45,"axis":"y","origin":[8,6,8]},
			"faces":{
				"north":{"uv":[10,14,11,15],"texture":"#0"},
				"east":{"uv":[10,14,11,15],"texture":"#0"},
				"south":{"uv":[10,14,11,15],"texture":"#0"},
				"west":{"uv":[10,14,11,15],"texture":"#0"},
				"down":{"uv":[10,14,11,15],"rotation":90,"texture":"#0"}
			}
		},
		{
			"from":[8.375,6.25,7.625],
			"to":[9.875,12.25,8.375],
			"rotation":{"angle":-45,"axis":"y","origin":[8,6,8]},
			"faces":{
				"north":{"uv":[11,5,9,13],"texture":"#0"},
				"east":{"uv":[10,5,11,13],"texture":"#0"},
				"south":{"uv":[9,5,11,13],"texture":"#0"},
				"up":{"uv":[9,5,11,6],"texture":"#0"}
			}
		},
		{
			"from":[7.625,6.25,6.125],
			"to":[8.375,12.25,7.625],
			"rotation":{"angle":-45,"axis":"y","origin":[8,6,8]},
			"faces":{
				"north":{"uv":[10,5,11,13],"texture":"#0"},
				"east":{"uv":[9,5,11,13],"texture":"#0"},
				"west":{"uv":[11,5,9,13],"texture":"#0"},
				"up":{"uv":[9,5,11,6],"rotation":270,"texture":"#0"}
			}
		},
		{
			"from":[8.375,12.25,7.625],
			"to":[9.125,13,8.375],
			"rotation":{"angle":-45,"axis":"y","origin":[8,6,8]},
			"faces":{
				"north":{"uv":[9,4,10,5],"texture":"#0"},
				"east":{"uv":[9,4,10,5],"texture":"#0"}
			}
		},
		{
			"from":[7.625,12.25,6.875],
			"to":[8.375,13,7.625],
			"rotation":{"angle":-45,"axis":"y","origin":[8,6,8]},
			"faces":{
				"north":{"uv":[9,4,10,5],"texture":"#0"},
				"east":{"uv":[9,4,10,5],"texture":"#0"}
			}
		},
		{
			"from":[9.875,10,7.625],
			"to":[10.625,10.75,8.375],
			"rotation":{"angle":-45,"axis":"y","origin":[8,6,8]},
			"faces":{
				"north":{"uv":[11,7,12,8],"texture":"#0"},
				"east":{"uv":[11,7,12,8],"texture":"#0"},
				"south":{"uv":[11,7,12,8],"texture":"#0"},
				"up":{"uv":[11,7,12,8],"texture":"#0"},
				"down":{"uv":[11,7,12,8],"texture":"#0"}
			}
		},
		{
			"from":[7.625,10,5.375],
			"to":[8.375,10.75,6.125],
			"rotation":{"angle":-45,"axis":"y","origin":[8,6,8]},
			"faces":{
				"north":{"uv":[11,7,12,8],"texture":"#0"},
				"east":{"uv":[11,7,12,8],"texture":"#0"},
				"west":{"uv":[11,7,12,8],"texture":"#0"},
				"up":{"uv":[11,7,12,8],"rotation":270,"texture":"#0"},
				"down":{"uv":[11,7,12,8],"rotation":90,"texture":"#0"}
			}
		},
		{
			"from":[9.875,7,7.625],
			"to":[10.625,8.5,8.375],
			"rotation":{"angle":-45,"axis":"y","origin":[8,6,8]},
			"faces":{
				"north":{"uv":[11,10,12,12],"texture":"#0"},
				"east":{"uv":[11,10,12,12],"texture":"#0"},
				"south":{"uv":[11,10,12,12],"texture":"#0"},
				"up":{"uv":[11,10,12,11],"texture":"#0"},
				"down":{"uv":[11,11,12,12],"texture":"#0"}
			}
		},
		{
			"from":[7.625,7,5.375],
			"to":[8.375,8.5,6.125],
			"rotation":{"angle":-45,"axis":"y","origin":[8,6,8]},
			"faces":{
				"north":{"uv":[11,10,12,12],"texture":"#0"},
				"east":{"uv":[11,10,12,12],"texture":"#0"},
				"west":{"uv":[11,10,12,12],"texture":"#0"},
				"up":{"uv":[11,10,12,11],"rotation":270,"texture":"#0"},
				"down":{"uv":[11,11,12,12],"rotation":90,"texture":"#0"}
			}
		},
		{
			"from":[10.625,6.25,7.625],
			"to":[11.375,7,8.375],
			"rotation":{"angle":-45,"axis":"y","origin":[8,6,8]},
			"faces":{
				"north":{"uv":[12,12,13,13],"texture":"#0"},
				"east":{"uv":[12,12,13,13],"texture":"#0"},
				"south":{"uv":[12,12,13,13],"texture":"#0"},
				"west":{"uv":[12,12,13,13],"texture":"#0"},
				"up":{"uv":[12,12,13,13],"texture":"#0"},
				"down":{"uv":[12,12,13,13],"texture":"#0"}
			}
		},
		{
			"from":[7.625,6.25,4.625],
			"to":[8.375,7,5.375],
			"rotation":{"angle":-45,"axis":"y","origin":[8,6,8]},
			"faces":{
				"north":{"uv":[12,12,13,13],"texture":"#0"},
				"east":{"uv":[12,12,13,13],"texture":"#0"},
				"south":{"uv":[12,12,13,13],"texture":"#0"},
				"west":{"uv":[12,12,13,13],"texture":"#0"},
				"up":{"uv":[12,12,13,13],"rotation":270,"texture":"#0"},
				"down":{"uv":[12,12,13,13],"rotation":90,"texture":"#0"}
			}
		},
		{
			"from":[8.375,5.5,6.875],
			"to":[9.875,8.5,9.125],
			"rotation":{"angle":-45,"axis":"y","origin":[8,6,8]},
			"faces":{
				"north":{"uv":[11,10,9,14],"texture":"#0"},
				"east":{"uv":[10,10,11,14],"texture":"#0"},
				"south":{"uv":[9,10,11,14],"texture":"#0"},
				"up":{"uv":[9,10,11,11],"texture":"#0"},
				"down":{"uv":[9,13,11,14],"texture":"#0"}
			}
		},
		{
			"from":[6.875,5.5,6.125],
			"to":[9.125,8.5,7.625],
			"rotation":{"angle":-45,"axis":"y","origin":[8,6,8]},
			"faces":{
				"north":{"uv":[10,10,11,14],"texture":"#0"},
				"east":{"uv":[9,10,11,14],"texture":"#0"},
				"west":{"uv":[11,10,9,14],"texture":"#0"},
				"up":{"uv":[9,10,11,11],"rotation":270,"texture":"#0"},
				"down":{"uv":[9,13,11,14],"rotation":90,"texture":"#0"}
			}
		},
		{
			"from":[8.375,8.5,6.875],
			"to":[9.125,12.25,9.125],
			"rotation":{"angle":-45,"axis":"y","origin":[8,6,8]},
			"faces":{
				"east":{"uv":[9,5,10,10],"texture":"#0"},
				"south":{"uv":[9,5,10,10],"texture":"#0"}
			}
		},
		{
			"from":[6.875,8.5,6.875],
			"to":[9.125,12.25,7.625],
			"rotation":{"angle":-45,"axis":"y","origin":[8,6,8]},
			"faces":{
				"north":{"uv":[9,5,10,10],"texture":"#0"},
				"west":{"uv":[9,5,10,10],"texture":"#0"},
				"up":{"uv":[9,5,10,6],"rotation":270,"texture":"#0"}
			}
		},
		{
			"from":[9.125,10,6.875],
			"to":[9.875,10.75,9.125],
			"rotation":{"angle":-45,"axis":"y","origin":[8,6,8]},
			"faces":{
				"north":{"uv":[10,7,11,8],"texture":"#0"},
				"east":{"uv":[10,7,11,8],"texture":"#0"},
				"south":{"uv":[10,7,11,8],"texture":"#0"},
				"up":{"uv":[10,7,11,8],"texture":"#0"},
				"down":{"uv":[10,7,11,8],"texture":"#0"}
			}
		},
		{
			"from":[6.875,10,6.125],
			"to":[9.125,10.75,6.875],
			"rotation":{"angle":-45,"axis":"y","origin":[8,6,8]},
			"faces":{
				"north":{"uv":[10,7,11,8],"texture":"#0"},
				"east":{"uv":[10,7,11,8],"texture":"#0"},
				"west":{"uv":[10,7,11,8],"texture":"#0"},
				"up":{"uv":[10,7,11,8],"rotation":270,"texture":"#0"},
				"down":{"uv":[10,7,11,8],"rotation":90,"texture":"#0"}
			}
		},
		{
			"from":[6,6,6],
			"to":[10,4,10],
			"faces":{
				"north":{"uv":[6,10,10,12],"texture":"#flowerpot"},
				"east":{"uv":[6,10,10,12],"texture":"#flowerpot"},
				"south":{"uv":[6,10,10,12],"texture":"#flowerpot"},
				"west":{"uv":[6,10,10,12],"texture":"#flowerpot"},
				"up":{"uv":[6,6,10,10],"texture":"#dirt"}
			}
		},
		{
			"from":[5,0,5],
			"to":[11,6,11],
			"faces":{
				"north":{"uv":[5,10,11,16],"texture":"#flowerpot"},
				"east":{"uv":[5,10,11,16],"texture":"#flowerpot"},
				"south":{"uv":[5,10,11,16],"texture":"#flowerpot"},
				"west":{"uv":[5,10,11,16],"texture":"#flowerpot"},
				"up":{"uv":[4.9882,4.9882,11.0118,11.0118],"texture":"#flowerpot"},
				"down":{"uv":[5,10,11,16],"texture":"#flowerpot","cullface":"down"}
			}
		}
	]
}