{
	"__comment":"Designed by GeForceLegend",
	"ambientocclusion":false,
	"textures":{
		"flowerpot":"block/flower_pot",
		"particle":"block/flower_pot",
		"cactus":"block/cactus_side"
	},
	"elements":[
		{
			"from":[5,0,5],
			"to":[11,6,11],
			"faces":{
				"north":{"uv":[5,10,11,16],"texture":"#flowerpot"},
				"east":{"uv":[5,10,11,16],"texture":"#flowerpot"},
				"south":{"uv":[5,10,11,16],"texture":"#flowerpot"},
				"west":{"uv":[5,10,11,16],"texture":"#flowerpot"},
				"up":{"uv":[5,10,11,16],"texture":"#flowerpot"},
				"down":{"uv":[5,10,11,16],"texture":"#flowerpot","cullface":"down"}
			}
		},
		{
			"from":[6,5,6],
			"to":[10,16,10],
			"faces":{
				"north":{"uv":[6,0,10,11],"texture":"#cactus"},
				"east":{"uv":[6,0,10,11],"texture":"#cactus"},
				"south":{"uv":[6,0,10,11],"texture":"#cactus"},
				"west":{"uv":[6,0,10,11],"texture":"#cactus"},
				"up":{"uv":[6,6,10,10],"texture":"#cactus"}
			}
		},
		{
			"from":[8,9,5],
			"to":[9,10,6],
			"faces":{
				"north":{"uv":[7,6,8,7],"texture":"#cactus"},
				"east":{"uv":[7,6,8,7],"texture":"#cactus"},
				"west":{"uv":[7,6,8,7],"texture":"#cactus"},
				"up":{"uv":[7,6,8,7],"texture":"#cactus"},
				"down":{"uv":[7,6,8,7],"texture":"#cactus"}
			}
		},
		{
			"from":[10,9,8],
			"to":[11,10,9],
			"faces":{
				"north":{"uv":[7,6,8,7],"texture":"#cactus"},
				"east":{"uv":[7,6,8,7],"texture":"#cactus"},
				"south":{"uv":[7,6,8,7],"texture":"#cactus"},
				"up":{"uv":[7,6,8,7],"texture":"#cactus"},
				"down":{"uv":[7,6,8,7],"texture":"#cactus"}
			}
		},
		{
			"from":[7,9,10],
			"to":[8,10,11],
			"faces":{
				"east":{"uv":[7,6,8,7],"texture":"#cactus"},
				"south":{"uv":[7,6,8,7],"texture":"#cactus"},
				"west":{"uv":[7,6,8,7],"texture":"#cactus"},
				"up":{"uv":[7,6,8,7],"texture":"#cactus"},
				"down":{"uv":[7,6,8,7],"texture":"#cactus"}
			}
		},
		{
			"from":[5,9,7],
			"to":[6,10,8],
			"faces":{
				"north":{"uv":[7,6,8,7],"texture":"#cactus"},
				"south":{"uv":[7,6,8,7],"texture":"#cactus"},
				"west":{"uv":[7,6,8,7],"texture":"#cactus"},
				"up":{"uv":[7,6,8,7],"texture":"#cactus"},
				"down":{"uv":[7,6,8,7],"texture":"#cactus"}
			}
		},
		{
			"from":[7.01,16,6.01],
			"to":[7.99,16.99,6.99],
			"faces":{
				"north":{"uv":[7,6,8,7],"texture":"#cactus"},
				"east":{"uv":[7,6,8,7],"texture":"#cactus"},
				"south":{"uv":[7,6,8,7],"texture":"#cactus"},
				"west":{"uv":[7,6,8,7],"texture":"#cactus"},
				"up":{"uv":[7,6,8,7],"texture":"#cactus"}
			}
		}
	]
}