{
	"__comment":"Designed by GeForceLegend",
	"ambientocclusion":false,
	"textures":{
		"3":"block/bamboo_small_leaves",
		"flowerpot":"block/flower_pot",
		"particle":"block/flower_pot",
		"dirt":"block/dirt",
		"bamboo":"block/bamboo_stalk"
	},
	"elements":[
		{
			"from":[5,0,5],
			"to":[11,6,11],
			"faces":{
				"north":{"uv":[5,10,11,16],"texture":"#flowerpot"},
				"east":{"uv":[5,10,11,16],"texture":"#flowerpot"},
				"south":{"uv":[5,10,11,16],"texture":"#flowerpot"},
				"west":{"uv":[5,10,11,16],"texture":"#flowerpot"},
				"up":{"uv":[4.9882,4.9882,11.0118,11.0118],"texture":"#flowerpot"},
				"down":{"uv":[5,10,11,16],"texture":"#flowerpot","cullface":"down"}
			}
		},
		{
			"from":[6,6,6],
			"to":[10,4,10],
			"faces":{
				"north":{"uv":[6,10,10,12],"texture":"#flowerpot"},
				"east":{"uv":[6,10,10,12],"texture":"#flowerpot"},
				"south":{"uv":[6,10,10,12],"texture":"#flowerpot"},
				"west":{"uv":[6,10,10,12],"texture":"#flowerpot"},
				"up":{"uv":[6,6,10,10],"texture":"#dirt"}
			}
		},
		{
			"from":[7,0,7],
			"to":[9,16,9],
			"faces":{
				"north":{"uv":[6,0,8,16],"texture":"#bamboo"},
				"east":{"uv":[6,0,8,16],"texture":"#bamboo"},
				"south":{"uv":[6,0,8,16],"texture":"#bamboo"},
				"west":{"uv":[6,0,8,16],"texture":"#bamboo"},
				"up":{"uv":[13,0,15,2],"texture":"#bamboo","cullface":"up"}
			}
		},
		{
			"from":[4,15,2],
			"to":[12,15,8],
			"rotation":{"angle":-22.5,"axis":"x","origin":[8,15,8]},
			"faces":{
				"up":{"uv":[16,16,0,4],"texture":"#3"},
				"down":{"uv":[16,4,0,16],"texture":"#3"}
			}
		},
		{
			"from":[8,15,4],
			"to":[14,15,12],
			"rotation":{"angle":-22.5,"axis":"z","origin":[8,15,8]},
			"faces":{
				"up":{"uv":[16,16,0,4],"rotation":90,"texture":"#3"},
				"down":{"uv":[16,4,0,16],"rotation":270,"texture":"#3"}
			}
		},
		{
			"from":[2,15,4],
			"to":[8,15,12],
			"rotation":{"angle":22.5,"axis":"z","origin":[8,15,8]},
			"faces":{
				"up":{"uv":[0,4,16,16],"rotation":90,"texture":"#3"},
				"down":{"uv":[0,16,16,4],"rotation":270,"texture":"#3"}
			}
		},
		{
			"from":[4,15,8],
			"to":[12,15,14],
			"rotation":{"angle":22.5,"axis":"x","origin":[8,15,8]},
			"faces":{
				"up":{"uv":[0,4,16,16],"texture":"#3"},
				"down":{"uv":[0,16,16,4],"texture":"#3"}
			}
		}
	]
}