{
	"__comment":"Designed by GeForceLegend",
	"ambientocclusion":false,
	"textures":{
		"cross":"block/oxeye_daisy",
		"flowerpot":"block/flower_pot",
		"particle":"block/flower_pot",
		"dirt":"block/dirt"
	},
	"elements":[
		{
			"from":[7.625,4,7.625],
			"to":[8.375,9.25,8.375],
			"rotation":{"angle":-45,"axis":"y","origin":[8,8,8]},
			"faces":{
				"north":{"uv":[7,9,8,16],"texture":"#cross"},
				"east":{"uv":[7,9,8,16],"texture":"#cross"},
				"south":{"uv":[7,9,8,16],"texture":"#cross"},
				"west":{"uv":[7,9,8,16],"texture":"#cross"}
			}
		},
		{
			"from":[7.625,9.25,7.625],
			"to":[8.375,11.5,8.375],
			"rotation":{"angle":-45,"axis":"y","origin":[8,8,8]},
			"faces":{
				"north":{"uv":[7,12,8,15],"texture":"#cross"},
				"east":{"uv":[7,12,8,15],"texture":"#cross"},
				"south":{"uv":[7,12,8,15],"texture":"#cross"},
				"west":{"uv":[7,12,8,15],"texture":"#cross"},
				"up":{"uv":[7,12,8,13],"texture":"#cross"}
			}
		},
		{
			"from":[6.875,4.75,7.625],
			"to":[7.625,6.25,8.375],
			"rotation":{"angle":-45,"axis":"y","origin":[8,8,8]},
			"faces":{
				"north":{"uv":[8,13,9,15],"texture":"#cross"},
				"south":{"uv":[8,13,9,15],"texture":"#cross"},
				"west":{"uv":[8,13,9,15],"texture":"#cross"},
				"up":{"uv":[8,13,9,15],"texture":"#cross"},
				"down":{"uv":[8,13,9,15],"texture":"#cross"}
			}
		},
		{
			"from":[6.875,8.5,7.625],
			"to":[7.625,9.25,8.375],
			"rotation":{"angle":-45,"axis":"y","origin":[8,8,8]},
			"faces":{
				"north":{"uv":[8,9,9,10],"texture":"#cross"},
				"south":{"uv":[8,9,9,10],"texture":"#cross"},
				"west":{"uv":[8,9,9,10],"texture":"#cross"},
				"up":{"uv":[8,9,9,10],"texture":"#cross"},
				"down":{"uv":[8,9,9,10],"texture":"#cross"}
			}
		},
		{
			"from":[8.375,8.5,7.625],
			"to":[9.125,9.25,8.375],
			"rotation":{"angle":-45,"axis":"y","origin":[8,8,8]},
			"faces":{
				"north":{"uv":[8,9,9,10],"texture":"#cross"},
				"east":{"uv":[8,9,9,10],"texture":"#cross"},
				"south":{"uv":[8,9,9,10],"texture":"#cross"},
				"up":{"uv":[8,9,9,10],"texture":"#cross"},
				"down":{"uv":[8,9,9,10],"texture":"#cross"}
			}
		},
		{
			"from":[6.125,6.25,7.625],
			"to":[6.875,7,8.375],
			"rotation":{"angle":-45,"axis":"y","origin":[8,8,8]},
			"faces":{
				"north":{"uv":[9,12,10,13],"texture":"#cross"},
				"east":{"uv":[9,12,10,13],"texture":"#cross"},
				"south":{"uv":[9,12,10,13],"texture":"#cross"},
				"west":{"uv":[9,12,10,13],"texture":"#cross"},
				"up":{"uv":[9,12,10,13],"texture":"#cross"},
				"down":{"uv":[9,12,10,13],"texture":"#cross"}
			}
		},
		{
			"from":[8.375,4.75,7.625],
			"to":[9.125,6.25,8.375],
			"rotation":{"angle":-45,"axis":"y","origin":[8,8,8]},
			"faces":{
				"north":{"uv":[8,13,9,15],"texture":"#cross"},
				"east":{"uv":[8,13,9,15],"texture":"#cross"},
				"south":{"uv":[8,13,9,15],"texture":"#cross"},
				"up":{"uv":[8,13,9,15],"texture":"#cross"},
				"down":{"uv":[8,13,9,15],"texture":"#cross"}
			}
		},
		{
			"from":[9.125,6.25,7.625],
			"to":[9.875,7,8.375],
			"rotation":{"angle":-45,"axis":"y","origin":[8,8,8]},
			"faces":{
				"north":{"uv":[9,12,10,13],"texture":"#cross"},
				"east":{"uv":[9,12,10,13],"texture":"#cross"},
				"south":{"uv":[9,12,10,13],"texture":"#cross"},
				"west":{"uv":[9,12,10,13],"texture":"#cross"},
				"up":{"uv":[9,12,10,13],"texture":"#cross"},
				"down":{"uv":[9,12,10,13],"texture":"#cross"}
			}
		},
		{
			"from":[7.625,7,6.125],
			"to":[8.375,7.75,7.625],
			"rotation":{"angle":-45,"axis":"y","origin":[8,8,8]},
			"faces":{
				"north":{"uv":[5,11,6,12],"texture":"#cross"},
				"east":{"uv":[7,11,5,12],"texture":"#cross"},
				"west":{"uv":[5,11,7,12],"texture":"#cross"},
				"up":{"uv":[7,11,5,12],"rotation":270,"texture":"#cross"},
				"down":{"uv":[5,11,6,12],"rotation":90,"texture":"#cross"}
			}
		},
		{
			"from":[7.625,6.25,8.375],
			"to":[8.375,7,9.125],
			"rotation":{"angle":-45,"axis":"y","origin":[8,8,8]},
			"faces":{
				"east":{"uv":[6,12,7,13],"texture":"#cross"},
				"south":{"uv":[6,12,7,13],"texture":"#cross"},
				"west":{"uv":[6,12,7,13],"texture":"#cross"},
				"down":{"uv":[6,12,7,13],"texture":"#cross"}
			}
		},
		{
			"from":[7.625,7,8.375],
			"to":[8.375,7.75,9.875],
			"rotation":{"angle":-45,"axis":"y","origin":[8,8,8]},
			"faces":{
				"east":{"uv":[5,11,7,12],"texture":"#cross"},
				"south":{"uv":[5,11,6,12],"texture":"#cross"},
				"west":{"uv":[7,11,5,12],"texture":"#cross"},
				"up":{"uv":[5,11,7,12],"rotation":270,"texture":"#cross"},
				"down":{"uv":[5,11,6,12],"rotation":90,"texture":"#cross"}
			}
		},
		{
			"from":[7.625,6.25,6.875],
			"to":[8.375,7,7.625],
			"rotation":{"angle":-45,"axis":"y","origin":[8,8,8]},
			"faces":{
				"north":{"uv":[6,12,7,13],"texture":"#cross"},
				"east":{"uv":[6,12,7,13],"texture":"#cross"},
				"west":{"uv":[6,12,7,13],"texture":"#cross"},
				"down":{"uv":[6,12,7,13],"texture":"#cross"}
			}
		},
		{
			"from":[6.125,9.25,8.375],
			"to":[9.875,13,9.125],
			"rotation":{"angle":-22.5,"axis":"x","origin":[8,10.75,8]},
			"faces":{
				"north":{"uv":[10,3,5,8],"texture":"#cross"},
				"east":{"uv":[9,3,10,8],"texture":"#cross"},
				"south":{"uv":[5,3,10,8],"texture":"#cross"},
				"west":{"uv":[5,3,6,8],"texture":"#cross"},
				"up":{"uv":[5,3,10,4],"texture":"#cross"},
				"down":{"uv":[5,7,10,8],"texture":"#cross"}
			}
		},
		{
			"from":[5.375,10,8.375],
			"to":[10.625,12.25,9.125],
			"rotation":{"angle":-22.5,"axis":"x","origin":[8,10.75,8]},
			"faces":{
				"north":{"uv":[11,4,4,7],"texture":"#cross"},
				"east":{"uv":[10,4,11,7],"texture":"#cross"},
				"south":{"uv":[4,4,11,7],"texture":"#cross"},
				"west":{"uv":[4,4,5,7],"texture":"#cross"},
				"up":{"uv":[4,4,11,5],"texture":"#cross"},
				"down":{"uv":[4,6,11,7],"texture":"#cross"}
			}
		},
		{
			"from":[6.875,8.5,8.375],
			"to":[9.125,13.75,9.125],
			"rotation":{"angle":-22.5,"axis":"x","origin":[8,10.75,8]},
			"faces":{
				"north":{"uv":[9,2,6,9],"texture":"#cross"},
				"east":{"uv":[8,2,9,9],"texture":"#cross"},
				"south":{"uv":[6,2,9,9],"texture":"#cross"},
				"west":{"uv":[6,2,7,9],"texture":"#cross"},
				"up":{"uv":[6,2,9,3],"texture":"#cross"},
				"down":{"uv":[6,8,9,9],"texture":"#cross"}
			}
		},
		{
			"from":[6,6,6],
			"to":[10,4,10],
			"faces":{
				"north":{"uv":[6,10,10,12],"texture":"#flowerpot"},
				"east":{"uv":[6,10,10,12],"texture":"#flowerpot"},
				"south":{"uv":[6,10,10,12],"texture":"#flowerpot"},
				"west":{"uv":[6,10,10,12],"texture":"#flowerpot"},
				"up":{"uv":[6,6,10,10],"texture":"#dirt"}
			}
		},
		{
			"from":[5,0,5],
			"to":[11,6,11],
			"faces":{
				"north":{"uv":[5,10,11,16],"texture":"#flowerpot"},
				"east":{"uv":[5,10,11,16],"texture":"#flowerpot"},
				"south":{"uv":[5,10,11,16],"texture":"#flowerpot"},
				"west":{"uv":[5,10,11,16],"texture":"#flowerpot"},
				"up":{"uv":[4.9882,4.9882,11.0118,11.0118],"texture":"#flowerpot"},
				"down":{"uv":[5,10,11,16],"texture":"#flowerpot","cullface":"down"}
			}
		}
	]
}