{
	"__comment":"Designed by GeForceLegend",
	"ambientocclusion":false,
	"textures":{
		"0":"block/dead_bush",
		"flowerpot":"block/flower_pot",
		"particle":"block/flower_pot",
		"dirt":"block/dirt"
	},
	"elements":[
		{
			"from":[7.625,11.5,7.625],
			"to":[8.375,14.5,8.375],
			"rotation":{"angle":-45,"axis":"y","origin":[8,6,8]},
			"faces":{
				"north":{"uv":[8,2,9,6],"texture":"#0"},
				"east":{"uv":[8,2,9,6],"texture":"#0"},
				"south":{"uv":[8,2,9,6],"texture":"#0"},
				"west":{"uv":[8,2,9,6],"texture":"#0"},
				"up":{"uv":[8,2,9,3],"texture":"#0"}
			}
		},
		{
			"from":[6.875,4,7.625],
			"to":[9.125,7,8.375],
			"rotation":{"angle":-45,"axis":"y","origin":[8,6,8]},
			"faces":{
				"north":{"uv":[10,12,7,16],"texture":"#0"},
				"east":{"uv":[9,12,10,16],"texture":"#0"},
				"south":{"uv":[7,12,10,16],"texture":"#0"},
				"west":{"uv":[7,12,8,16],"texture":"#0"},
				"up":{"uv":[7,12,10,13],"texture":"#0"}
			}
		},
		{
			"from":[7.625,4,6.875],
			"to":[8.375,11.5,9.125],
			"rotation":{"angle":-45,"axis":"y","origin":[8,6,8]},
			"faces":{
				"north":{"uv":[9,6,10,16],"texture":"#0"},
				"east":{"uv":[7,6,10,16],"texture":"#0"},
				"south":{"uv":[7,6,8,16],"texture":"#0"},
				"west":{"uv":[10,6,7,16],"texture":"#0"},
				"up":{"uv":[7,6,10,7],"rotation":90,"texture":"#0"}
			}
		},
		{
			"from":[7.625,7,7.625],
			"to":[9.125,11.5,8.375],
			"rotation":{"angle":-45,"axis":"y","origin":[8,6,8]},
			"faces":{
				"north":{"uv":[10,6,8,12],"texture":"#0"},
				"east":{"uv":[9,6,10,12],"texture":"#0"},
				"south":{"uv":[8,6,10,12],"texture":"#0"},
				"up":{"uv":[8,6,10,7],"texture":"#0"}
			}
		},
		{
			"from":[6.875,7.75,7.625],
			"to":[7.625,12.25,8.375],
			"rotation":{"angle":-45,"axis":"y","origin":[8,6,8]},
			"faces":{
				"north":{"uv":[7,5,8,11],"texture":"#0"},
				"south":{"uv":[7,5,8,11],"texture":"#0"},
				"west":{"uv":[7,5,8,11],"texture":"#0"},
				"down":{"uv":[7,10,8,11],"texture":"#0"}
			}
		},
		{
			"from":[7.625,11.5,8.375],
			"to":[8.375,12.25,9.125],
			"rotation":{"angle":-45,"axis":"y","origin":[8,6,8]},
			"faces":{
				"east":{"uv":[7,5,8,6],"texture":"#0"},
				"west":{"uv":[7,5,8,6],"texture":"#0"},
				"up":{"uv":[7,5,8,6],"texture":"#0"}
			}
		},
		{
			"from":[6.875,12.25,7.625],
			"to":[7.625,13,8.375],
			"rotation":{"angle":-45,"axis":"y","origin":[8,6,8]},
			"faces":{
				"north":{"uv":[7,5,8,6],"texture":"#0"},
				"south":{"uv":[7,5,8,6],"texture":"#0"},
				"up":{"uv":[7,5,8,6],"rotation":90,"texture":"#0"}
			}
		},
		{
			"from":[8.375,4.75,7.25],
			"to":[9.125,5.5,8.75],
			"rotation":{"angle":-45,"axis":"y","origin":[8,6,8]},
			"faces":{
				"north":{"uv":[9,14,10,15],"texture":"#0"},
				"east":{"uv":[9,14,10,15],"texture":"#0"},
				"south":{"uv":[9,14,10,15],"texture":"#0"},
				"up":{"uv":[9,14,10,15],"texture":"#0"},
				"down":{"uv":[9,14,10,15],"texture":"#0"}
			}
		},
		{
			"from":[7.25,4.75,6.875],
			"to":[8.75,5.5,7.625],
			"rotation":{"angle":-45,"axis":"y","origin":[8,6,8]},
			"faces":{
				"north":{"uv":[9,14,10,15],"texture":"#0"},
				"east":{"uv":[9,14,10,15],"texture":"#0"},
				"west":{"uv":[9,14,10,15],"texture":"#0"},
				"up":{"uv":[9,14,10,15],"rotation":270,"texture":"#0"},
				"down":{"uv":[9,14,10,15],"rotation":90,"texture":"#0"}
			}
		},
		{
			"from":[9.125,4.75,7.625],
			"to":[10.625,5.5,8.375],
			"rotation":{"angle":-45,"axis":"y","origin":[8,6,8]},
			"faces":{
				"north":{"uv":[12,14,10,15],"texture":"#0"},
				"east":{"uv":[11,14,12,15],"texture":"#0"},
				"south":{"uv":[10,14,12,15],"texture":"#0"},
				"up":{"uv":[10,14,12,15],"texture":"#0"},
				"down":{"uv":[10,14,12,15],"texture":"#0"}
			}
		},
		{
			"from":[7.625,4.75,5.375],
			"to":[8.375,5.5,6.875],
			"rotation":{"angle":-45,"axis":"y","origin":[8,6,8]},
			"faces":{
				"north":{"uv":[11,14,12,15],"texture":"#0"},
				"east":{"uv":[10,14,12,15],"texture":"#0"},
				"west":{"uv":[12,14,10,15],"texture":"#0"},
				"up":{"uv":[10,14,12,15],"rotation":270,"texture":"#0"},
				"down":{"uv":[10,14,12,15],"rotation":90,"texture":"#0"}
			}
		},
		{
			"from":[9.875,5.5,7.625],
			"to":[11.375,6.25,8.375],
			"rotation":{"angle":-45,"axis":"y","origin":[8,6,8]},
			"faces":{
				"north":{"uv":[13,13,11,14],"texture":"#0"},
				"east":{"uv":[12,13,13,14],"texture":"#0"},
				"south":{"uv":[11,13,13,14],"texture":"#0"},
				"west":{"uv":[11,13,12,14],"texture":"#0"},
				"up":{"uv":[11,13,13,14],"texture":"#0"},
				"down":{"uv":[11,13,13,14],"texture":"#0"}
			}
		},
		{
			"from":[7.625,5.5,4.625],
			"to":[8.375,6.25,6.125],
			"rotation":{"angle":-45,"axis":"y","origin":[8,6,8]},
			"faces":{
				"north":{"uv":[12,13,13,14],"texture":"#0"},
				"east":{"uv":[11,13,13,14],"texture":"#0"},
				"south":{"uv":[11,13,12,14],"texture":"#0"},
				"west":{"uv":[13,13,11,14],"texture":"#0"},
				"up":{"uv":[11,13,13,14],"rotation":270,"texture":"#0"},
				"down":{"uv":[11,13,13,14],"rotation":90,"texture":"#0"}
			}
		},
		{
			"from":[6.125,6.25,7.25],
			"to":[6.875,7,8.75],
			"rotation":{"angle":-45,"axis":"y","origin":[8,6,8]},
			"faces":{
				"north":{"uv":[6,12,7,13],"texture":"#0"},
				"east":{"uv":[6,12,7,13],"texture":"#0"},
				"south":{"uv":[6,12,7,13],"texture":"#0"},
				"west":{"uv":[6,12,7,13],"texture":"#0"},
				"up":{"uv":[6,12,7,13],"texture":"#0"},
				"down":{"uv":[6,12,7,13],"texture":"#0"}
			}
		},
		{
			"from":[7.25,5.5,9.125],
			"to":[8.75,6.25,9.875],
			"rotation":{"angle":-45,"axis":"y","origin":[8,6,8]},
			"faces":{
				"north":{"uv":[6,12,7,13],"texture":"#0"},
				"east":{"uv":[6,12,7,13],"texture":"#0"},
				"south":{"uv":[6,12,7,13],"texture":"#0"},
				"west":{"uv":[6,12,7,13],"texture":"#0"},
				"up":{"uv":[6,12,7,13],"rotation":270,"texture":"#0"},
				"down":{"uv":[6,12,7,13],"rotation":90,"texture":"#0"}
			}
		},
		{
			"from":[6.875,5.5,7.25],
			"to":[7.625,6.25,8.75],
			"rotation":{"angle":-45,"axis":"y","origin":[8,6,8]},
			"faces":{
				"north":{"uv":[7,13,8,14],"texture":"#0"},
				"south":{"uv":[7,13,8,14],"texture":"#0"},
				"west":{"uv":[7,13,8,14],"texture":"#0"},
				"up":{"uv":[7,13,8,14],"texture":"#0"},
				"down":{"uv":[7,13,8,14],"texture":"#0"}
			}
		},
		{
			"from":[7.25,4.75,8.375],
			"to":[8.75,5.5,9.125],
			"rotation":{"angle":-45,"axis":"y","origin":[8,6,8]},
			"faces":{
				"east":{"uv":[7,13,8,14],"texture":"#0"},
				"south":{"uv":[7,13,8,14],"texture":"#0"},
				"west":{"uv":[7,13,8,14],"texture":"#0"},
				"up":{"uv":[7,13,8,14],"rotation":270,"texture":"#0"},
				"down":{"uv":[7,13,8,14],"rotation":90,"texture":"#0"}
			}
		},
		{
			"from":[6.125,5.5,7.625],
			"to":[6.875,6.25,8.375],
			"rotation":{"angle":-45,"axis":"y","origin":[8,6,8]},
			"faces":{
				"north":{"uv":[6,13,7,14],"texture":"#0"},
				"south":{"uv":[6,13,7,14],"texture":"#0"},
				"west":{"uv":[6,13,7,14],"texture":"#0"},
				"down":{"uv":[6,13,7,14],"texture":"#0"}
			}
		},
		{
			"from":[7.625,4.75,9.125],
			"to":[8.375,5.5,9.875],
			"rotation":{"angle":-45,"axis":"y","origin":[8,6,8]},
			"faces":{
				"east":{"uv":[6,13,7,14],"texture":"#0"},
				"south":{"uv":[6,13,7,14],"texture":"#0"},
				"west":{"uv":[6,13,7,14],"texture":"#0"},
				"down":{"uv":[6,13,7,14],"rotation":90,"texture":"#0"}
			}
		},
		{
			"from":[5.375,6.25,7.625],
			"to":[6.125,7,8.375],
			"rotation":{"angle":-45,"axis":"y","origin":[8,6,8]},
			"faces":{
				"north":{"uv":[5,12,6,13],"texture":"#0"},
				"south":{"uv":[5,12,6,13],"texture":"#0"},
				"west":{"uv":[5,12,6,13],"texture":"#0"},
				"down":{"uv":[5,12,6,13],"texture":"#0"}
			}
		},
		{
			"from":[7.625,5.5,9.875],
			"to":[8.375,6.25,10.625],
			"rotation":{"angle":-45,"axis":"y","origin":[8,6,8]},
			"faces":{
				"east":{"uv":[5,12,6,13],"texture":"#0"},
				"south":{"uv":[5,12,6,13],"texture":"#0"},
				"west":{"uv":[5,12,6,13],"texture":"#0"},
				"down":{"uv":[5,12,6,13],"rotation":90,"texture":"#0"}
			}
		},
		{
			"from":[4.625,7,7.625],
			"to":[6.125,7.75,8.375],
			"rotation":{"angle":-45,"axis":"y","origin":[8,6,8]},
			"faces":{
				"north":{"uv":[6,11,4,12],"texture":"#0"},
				"east":{"uv":[5,11,6,12],"texture":"#0"},
				"south":{"uv":[4,11,6,12],"texture":"#0"},
				"west":{"uv":[4,11,5,12],"texture":"#0"},
				"up":{"uv":[4,11,6,12],"texture":"#0"},
				"down":{"uv":[4,11,6,12],"texture":"#0"}
			}
		},
		{
			"from":[7.625,6.25,9.875],
			"to":[8.375,7,11.375],
			"rotation":{"angle":-45,"axis":"y","origin":[8,6,8]},
			"faces":{
				"north":{"uv":[5,11,6,12],"texture":"#0"},
				"east":{"uv":[4,11,6,12],"texture":"#0"},
				"south":{"uv":[4,11,5,12],"texture":"#0"},
				"west":{"uv":[6,11,4,12],"texture":"#0"},
				"up":{"uv":[4,11,6,12],"rotation":270,"texture":"#0"},
				"down":{"uv":[4,11,6,12],"rotation":90,"texture":"#0"}
			}
		},
		{
			"from":[9.125,7,7.625],
			"to":[9.875,7.75,8.375],
			"rotation":{"angle":-45,"axis":"y","origin":[8,6,8]},
			"faces":{
				"north":{"uv":[10,11,11,12],"texture":"#0"},
				"east":{"uv":[10,11,11,12],"texture":"#0"},
				"south":{"uv":[10,11,11,12],"texture":"#0"},
				"up":{"uv":[10,11,11,12],"texture":"#0"},
				"down":{"uv":[10,11,11,12],"texture":"#0"}
			}
		},
		{
			"from":[8.375,7.75,7.25],
			"to":[9.125,8.5,8.75],
			"rotation":{"angle":-45,"axis":"y","origin":[8,6,8]},
			"faces":{
				"north":{"uv":[9,10,10,11],"texture":"#0"},
				"east":{"uv":[9,10,10,11],"texture":"#0"},
				"south":{"uv":[9,10,10,11],"texture":"#0"},
				"down":{"uv":[9,10,10,11],"texture":"#0"}
			}
		},
		{
			"from":[9.125,8.5,7.625],
			"to":[9.875,10,8.375],
			"rotation":{"angle":-45,"axis":"y","origin":[8,6,8]},
			"faces":{
				"north":{"uv":[10,8,11,10],"texture":"#0"},
				"south":{"uv":[10,8,11,10],"texture":"#0"},
				"up":{"uv":[10,8,11,9],"texture":"#0"}
			}
		},
		{
			"from":[7.625,7.75,6.125],
			"to":[8.375,9.25,6.875],
			"rotation":{"angle":-45,"axis":"y","origin":[8,6,8]},
			"faces":{
				"east":{"uv":[10,8,11,10],"texture":"#0"},
				"west":{"uv":[10,8,11,10],"texture":"#0"},
				"up":{"uv":[10,8,11,9],"rotation":270,"texture":"#0"}
			}
		},
		{
			"from":[9.875,10,7.625],
			"to":[12.125,10.75,8.375],
			"rotation":{"angle":-45,"axis":"y","origin":[8,6,8]},
			"faces":{
				"north":{"uv":[14,7,11,8],"texture":"#0"},
				"east":{"uv":[13,7,14,8],"texture":"#0"},
				"south":{"uv":[11,7,14,8],"texture":"#0"},
				"west":{"uv":[11,7,12,8],"texture":"#0"},
				"up":{"uv":[11,7,14,8],"texture":"#0"},
				"down":{"uv":[11,7,14,8],"texture":"#0"}
			}
		},
		{
			"from":[7.625,9.25,3.875],
			"to":[8.375,10,6.125],
			"rotation":{"angle":-45,"axis":"y","origin":[8,6,8]},
			"faces":{
				"north":{"uv":[13,7,14,8],"texture":"#0"},
				"east":{"uv":[11,7,14,8],"texture":"#0"},
				"south":{"uv":[11,7,12,8],"texture":"#0"},
				"west":{"uv":[14,7,11,8],"texture":"#0"},
				"up":{"uv":[11,7,14,8],"rotation":270,"texture":"#0"},
				"down":{"uv":[11,7,14,8],"rotation":90,"texture":"#0"}
			}
		},
		{
			"from":[11.375,10.75,7.625],
			"to":[12.875,11.5,8.375],
			"rotation":{"angle":-45,"axis":"y","origin":[8,6,8]},
			"faces":{
				"north":{"uv":[13,6,15,7],"texture":"#0"},
				"east":{"uv":[13,6,15,7],"texture":"#0"},
				"south":{"uv":[13,6,15,7],"texture":"#0"},
				"west":{"uv":[13,6,15,7],"texture":"#0"},
				"up":{"uv":[13,6,15,7],"texture":"#0"},
				"down":{"uv":[13,6,15,7],"texture":"#0"}
			}
		},
		{
			"from":[7.625,10,3.125],
			"to":[8.375,10.75,4.625],
			"rotation":{"angle":-45,"axis":"y","origin":[8,6,8]},
			"faces":{
				"north":{"uv":[13,6,15,7],"texture":"#0"},
				"east":{"uv":[13,6,15,7],"texture":"#0"},
				"south":{"uv":[13,6,15,7],"texture":"#0"},
				"west":{"uv":[13,6,15,7],"texture":"#0"},
				"up":{"uv":[13,6,15,7],"rotation":270,"texture":"#0"},
				"down":{"uv":[13,6,15,7],"rotation":90,"texture":"#0"}
			}
		},
		{
			"from":[8.375,8.5,7.25],
			"to":[9.875,9.25,8.75],
			"rotation":{"angle":-45,"axis":"y","origin":[8,6,8]},
			"faces":{
				"north":{"uv":[11,9,9,10],"texture":"#0"},
				"east":{"uv":[10,9,11,10],"texture":"#0"},
				"south":{"uv":[9,9,11,10],"texture":"#0"},
				"up":{"uv":[9,9,11,10],"texture":"#0"},
				"down":{"uv":[9,9,11,10],"texture":"#0"}
			}
		},
		{
			"from":[7.25,7.75,6.125],
			"to":[8.75,8.5,7.625],
			"rotation":{"angle":-45,"axis":"y","origin":[8,6,8]},
			"faces":{
				"north":{"uv":[10,9,11,10],"texture":"#0"},
				"east":{"uv":[9,9,11,10],"texture":"#0"},
				"west":{"uv":[11,9,9,10],"texture":"#0"},
				"up":{"uv":[9,9,11,10],"rotation":270,"texture":"#0"},
				"down":{"uv":[9,9,11,10],"rotation":90,"texture":"#0"}
			}
		},
		{
			"from":[9.875,9.25,7.25],
			"to":[10.625,10,8.75],
			"rotation":{"angle":-45,"axis":"y","origin":[8,6,8]},
			"faces":{
				"north":{"uv":[11,8,12,9],"texture":"#0"},
				"east":{"uv":[11,8,12,9],"texture":"#0"},
				"south":{"uv":[11,8,12,9],"texture":"#0"},
				"west":{"uv":[11,8,12,9],"texture":"#0"},
				"up":{"uv":[11,8,12,9],"texture":"#0"},
				"down":{"uv":[11,8,12,9],"texture":"#0"}
			}
		},
		{
			"from":[7.25,8.5,5.375],
			"to":[8.75,9.25,6.125],
			"rotation":{"angle":-45,"axis":"y","origin":[8,6,8]},
			"faces":{
				"north":{"uv":[11,8,12,9],"texture":"#0"},
				"east":{"uv":[11,8,12,9],"texture":"#0"},
				"south":{"uv":[11,8,12,9],"texture":"#0"},
				"west":{"uv":[11,8,12,9],"texture":"#0"},
				"up":{"uv":[11,8,12,9],"rotation":270,"texture":"#0"},
				"down":{"uv":[11,8,12,9],"rotation":90,"texture":"#0"}
			}
		},
		{
			"from":[6.875,8.5,7.25],
			"to":[7.625,9.25,8.75],
			"rotation":{"angle":-45,"axis":"y","origin":[8,6,8]},
			"faces":{
				"north":{"uv":[7,9,8,10],"texture":"#0"},
				"south":{"uv":[7,9,8,10],"texture":"#0"},
				"west":{"uv":[7,9,8,10],"texture":"#0"},
				"up":{"uv":[7,9,8,10],"texture":"#0"},
				"down":{"uv":[7,9,8,10],"texture":"#0"}
			}
		},
		{
			"from":[7.25,7,8.375],
			"to":[8.75,7.75,9.125],
			"rotation":{"angle":-45,"axis":"y","origin":[8,6,8]},
			"faces":{
				"north":{"uv":[7,9,8,10],"texture":"#0"},
				"east":{"uv":[7,9,8,10],"texture":"#0"},
				"south":{"uv":[7,9,8,10],"texture":"#0"},
				"west":{"uv":[7,9,8,10],"texture":"#0"},
				"up":{"uv":[7,9,8,10],"rotation":270,"texture":"#0"},
				"down":{"uv":[7,9,8,10],"rotation":90,"texture":"#0"}
			}
		},
		{
			"from":[6.125,8.5,7.625],
			"to":[6.875,10,8.375],
			"rotation":{"angle":-45,"axis":"y","origin":[8,6,8]},
			"faces":{
				"north":{"uv":[6,8,7,10],"texture":"#0"},
				"south":{"uv":[6,8,7,10],"texture":"#0"},
				"west":{"uv":[6,8,7,10],"texture":"#0"},
				"down":{"uv":[6,9,7,10],"texture":"#0"}
			}
		},
		{
			"from":[7.625,7,9.125],
			"to":[8.375,8.5,9.875],
			"rotation":{"angle":-45,"axis":"y","origin":[8,6,8]},
			"faces":{
				"east":{"uv":[6,8,7,10],"texture":"#0"},
				"south":{"uv":[6,8,7,10],"texture":"#0"},
				"west":{"uv":[6,8,7,10],"texture":"#0"},
				"down":{"uv":[6,9,7,10],"rotation":90,"texture":"#0"}
			}
		},
		{
			"from":[5.375,9.25,7.625],
			"to":[6.125,10,8.375],
			"rotation":{"angle":-45,"axis":"y","origin":[8,6,8]},
			"faces":{
				"north":{"uv":[5,8,6,9],"texture":"#0"},
				"south":{"uv":[5,8,6,9],"texture":"#0"},
				"west":{"uv":[5,8,6,9],"texture":"#0"},
				"down":{"uv":[5,8,6,9],"texture":"#0"}
			}
		},
		{
			"from":[7.625,7.75,9.875],
			"to":[8.375,8.5,10.625],
			"rotation":{"angle":-45,"axis":"y","origin":[8,6,8]},
			"faces":{
				"east":{"uv":[5,8,6,9],"texture":"#0"},
				"south":{"uv":[5,8,6,9],"texture":"#0"},
				"west":{"uv":[5,8,6,9],"texture":"#0"},
				"down":{"uv":[5,8,6,9],"rotation":90,"texture":"#0"}
			}
		},
		{
			"from":[3.875,10,7.625],
			"to":[6.125,10.75,8.375],
			"rotation":{"angle":-45,"axis":"y","origin":[8,6,8]},
			"faces":{
				"north":{"uv":[6,7,3,8],"texture":"#0"},
				"east":{"uv":[5,7,6,8],"texture":"#0"},
				"south":{"uv":[3,7,6,8],"texture":"#0"},
				"west":{"uv":[3,7,4,8],"texture":"#0"},
				"up":{"uv":[3,7,6,8],"texture":"#0"},
				"down":{"uv":[3,7,6,8],"texture":"#0"}
			}
		},
		{
			"from":[7.625,8.5,9.125],
			"to":[8.375,9.25,12.125],
			"rotation":{"angle":-45,"axis":"y","origin":[8,6,8]},
			"faces":{
				"east":{"uv":[5,12,9,13],"texture":"#0"},
				"south":{"uv":[5,12,6,13],"texture":"#0"},
				"west":{"uv":[9,12,5,13],"texture":"#0"},
				"up":{"uv":[5,12,9,13],"rotation":270,"texture":"#0"},
				"down":{"uv":[5,12,9,13],"rotation":90,"texture":"#0"}
			}
		},
		{
			"from":[3.125,10.75,7.625],
			"to":[5.375,11.5,8.375],
			"rotation":{"angle":-45,"axis":"y","origin":[8,6,8]},
			"faces":{
				"north":{"uv":[5,6,2,7],"texture":"#0"},
				"east":{"uv":[4,6,5,7],"texture":"#0"},
				"south":{"uv":[2,6,5,7],"texture":"#0"},
				"west":{"uv":[2,6,3,7],"texture":"#0"},
				"up":{"uv":[2,6,5,7],"texture":"#0"},
				"down":{"uv":[2,6,5,7],"texture":"#0"}
			}
		},
		{
			"from":[7.625,9.25,10.625],
			"to":[8.375,10,12.875],
			"rotation":{"angle":-45,"axis":"y","origin":[8,6,8]},
			"faces":{
				"north":{"uv":[4,6,5,7],"texture":"#0"},
				"east":{"uv":[2,6,5,7],"texture":"#0"},
				"south":{"uv":[2,6,3,7],"texture":"#0"},
				"west":{"uv":[5,6,2,7],"texture":"#0"},
				"up":{"uv":[2,6,5,7],"rotation":270,"texture":"#0"},
				"down":{"uv":[2,6,5,7],"rotation":90,"texture":"#0"}
			}
		},
		{
			"from":[6.125,9.25,7.25],
			"to":[6.875,10,8.75],
			"rotation":{"angle":-45,"axis":"y","origin":[8,6,8]},
			"faces":{
				"north":{"uv":[6,8,7,9],"texture":"#0"},
				"east":{"uv":[6,8,7,9],"texture":"#0"},
				"south":{"uv":[6,8,7,9],"texture":"#0"},
				"west":{"uv":[6,8,7,9],"texture":"#0"},
				"up":{"uv":[6,8,7,9],"texture":"#0"},
				"down":{"uv":[6,8,7,9],"texture":"#0"}
			}
		},
		{
			"from":[7.25,7.75,9.125],
			"to":[8.75,8.5,9.875],
			"rotation":{"angle":-45,"axis":"y","origin":[8,6,8]},
			"faces":{
				"north":{"uv":[6,8,7,9],"texture":"#0"},
				"east":{"uv":[6,8,7,9],"texture":"#0"},
				"south":{"uv":[6,8,7,9],"texture":"#0"},
				"west":{"uv":[6,8,7,9],"texture":"#0"},
				"up":{"uv":[6,8,7,9],"rotation":270,"texture":"#0"},
				"down":{"uv":[6,8,7,9],"rotation":90,"texture":"#0"}
			}
		},
		{
			"from":[7.625,12.25,6.875],
			"to":[8.375,13.75,7.625],
			"rotation":{"angle":-45,"axis":"y","origin":[8,6,8]},
			"faces":{
				"north":{"uv":[9,3,10,5],"texture":"#0"},
				"east":{"uv":[9,3,10,5],"texture":"#0"},
				"west":{"uv":[9,3,10,5],"texture":"#0"},
				"up":{"uv":[9,3,10,4],"rotation":270,"texture":"#0"},
				"down":{"uv":[9,4,10,5],"rotation":90,"texture":"#0"}
			}
		},
		{
			"from":[8.375,12.25,7.625],
			"to":[9.125,13.75,8.375],
			"rotation":{"angle":-45,"axis":"y","origin":[8,6,8]},
			"faces":{
				"north":{"uv":[9,3,10,5],"texture":"#0"},
				"east":{"uv":[9,3,10,5],"texture":"#0"},
				"south":{"uv":[9,3,10,5],"texture":"#0"},
				"up":{"uv":[9,3,10,4],"texture":"#0"},
				"down":{"uv":[9,4,10,5],"texture":"#0"}
			}
		},
		{
			"from":[7.625,13,6.125],
			"to":[8.375,15.25,6.875],
			"rotation":{"angle":-45,"axis":"y","origin":[8,6,8]},
			"faces":{
				"north":{"uv":[10,1,11,4],"texture":"#0"},
				"east":{"uv":[10,1,11,4],"texture":"#0"},
				"south":{"uv":[10,1,11,4],"texture":"#0"},
				"west":{"uv":[10,1,11,4],"texture":"#0"},
				"up":{"uv":[10,1,11,2],"rotation":270,"texture":"#0"},
				"down":{"uv":[10,3,11,4],"rotation":90,"texture":"#0"}
			}
		},
		{
			"from":[9.125,13,7.625],
			"to":[9.875,15.25,8.375],
			"rotation":{"angle":-45,"axis":"y","origin":[8,6,8]},
			"faces":{
				"north":{"uv":[10,1,11,4],"texture":"#0"},
				"east":{"uv":[10,1,11,4],"texture":"#0"},
				"south":{"uv":[10,1,11,4],"texture":"#0"},
				"west":{"uv":[10,1,11,4],"texture":"#0"},
				"up":{"uv":[10,1,11,2],"texture":"#0"},
				"down":{"uv":[10,3,11,4],"texture":"#0"}
			}
		},
		{
			"from":[7.625,14.5,5.375],
			"to":[8.375,16,6.125],
			"rotation":{"angle":-45,"axis":"y","origin":[8,6,8]},
			"faces":{
				"north":{"uv":[11,0,12,2],"texture":"#0"},
				"east":{"uv":[11,0,12,2],"texture":"#0"},
				"south":{"uv":[11,0,12,2],"texture":"#0"},
				"west":{"uv":[11,0,12,2],"texture":"#0"},
				"up":{"uv":[11,0,12,1],"rotation":270,"texture":"#0","cullface":"up"},
				"down":{"uv":[11,1,12,2],"rotation":90,"texture":"#0"}
			}
		},
		{
			"from":[7.625,12.25,5.375],
			"to":[8.375,13,6.125],
			"rotation":{"angle":-45,"axis":"y","origin":[8,6,8]},
			"faces":{
				"north":{"uv":[11,4,12,5],"texture":"#0"},
				"east":{"uv":[11,4,12,5],"texture":"#0"},
				"south":{"uv":[11,4,12,5],"texture":"#0"},
				"west":{"uv":[11,4,12,5],"texture":"#0"},
				"up":{"uv":[11,4,12,5],"rotation":270,"texture":"#0"},
				"down":{"uv":[11,4,12,5],"rotation":90,"texture":"#0"}
			}
		},
		{
			"from":[7.625,10.75,9.125],
			"to":[8.375,13,9.875],
			"rotation":{"angle":-45,"axis":"y","origin":[8,6,8]},
			"faces":{
				"north":{"uv":[6,4,7,7],"texture":"#0"},
				"east":{"uv":[6,4,7,7],"texture":"#0"},
				"south":{"uv":[6,4,7,7],"texture":"#0"},
				"west":{"uv":[6,4,7,7],"texture":"#0"},
				"up":{"uv":[6,4,7,5],"texture":"#0"},
				"down":{"uv":[6,6,7,7],"texture":"#0"}
			}
		},
		{
			"from":[6.125,11.5,7.625],
			"to":[6.875,13.75,8.375],
			"rotation":{"angle":-45,"axis":"y","origin":[8,6,8]},
			"faces":{
				"north":{"uv":[6,4,7,7],"texture":"#0"},
				"east":{"uv":[6,4,7,7],"texture":"#0"},
				"south":{"uv":[6,4,7,7],"texture":"#0"},
				"west":{"uv":[6,4,7,7],"texture":"#0"},
				"up":{"uv":[6,4,7,5],"rotation":90,"texture":"#0"},
				"down":{"uv":[6,6,7,7],"rotation":270,"texture":"#0"}
			}
		},
		{
			"from":[7.625,11.5,9.875],
			"to":[8.375,13.75,10.625],
			"rotation":{"angle":-45,"axis":"y","origin":[8,6,8]},
			"faces":{
				"north":{"uv":[5,3,6,6],"texture":"#0"},
				"east":{"uv":[5,3,6,6],"texture":"#0"},
				"south":{"uv":[5,3,6,6],"texture":"#0"},
				"west":{"uv":[5,3,6,6],"texture":"#0"},
				"up":{"uv":[5,3,6,4],"texture":"#0"},
				"down":{"uv":[5,5,6,6],"texture":"#0"}
			}
		},
		{
			"from":[5.375,12.25,7.625],
			"to":[6.125,14.5,8.375],
			"rotation":{"angle":-45,"axis":"y","origin":[8,6,8]},
			"faces":{
				"north":{"uv":[5,3,6,6],"texture":"#0"},
				"east":{"uv":[5,3,6,6],"texture":"#0"},
				"south":{"uv":[5,3,6,6],"texture":"#0"},
				"west":{"uv":[5,3,6,6],"texture":"#0"},
				"up":{"uv":[5,3,6,4],"rotation":90,"texture":"#0"},
				"down":{"uv":[5,5,6,6],"rotation":270,"texture":"#0"}
			}
		},
		{
			"from":[7.625,13,10.625],
			"to":[8.375,15.25,11.375],
			"rotation":{"angle":-45,"axis":"y","origin":[8,6,8]},
			"faces":{
				"north":{"uv":[4,1,5,4],"texture":"#0"},
				"east":{"uv":[4,1,5,4],"texture":"#0"},
				"south":{"uv":[4,1,5,4],"texture":"#0"},
				"west":{"uv":[4,1,5,4],"texture":"#0"},
				"up":{"uv":[4,1,5,2],"texture":"#0"},
				"down":{"uv":[4,3,5,4],"texture":"#0"}
			}
		},
		{
			"from":[4.625,13.75,7.625],
			"to":[5.375,16,8.375],
			"rotation":{"angle":-45,"axis":"y","origin":[8,6,8]},
			"faces":{
				"north":{"uv":[4,1,5,4],"texture":"#0"},
				"east":{"uv":[4,1,5,4],"texture":"#0"},
				"south":{"uv":[4,1,5,4],"texture":"#0"},
				"west":{"uv":[4,1,5,4],"texture":"#0"},
				"up":{"uv":[4,1,5,2],"rotation":90,"texture":"#0"},
				"down":{"uv":[4,3,5,4],"rotation":270,"texture":"#0"}
			}
		},
		{
			"from":[7.25,10,8.375],
			"to":[8.75,11.5,9.125],
			"rotation":{"angle":-45,"axis":"y","origin":[8,6,8]},
			"faces":{
				"east":{"uv":[7,6,8,8],"texture":"#0"},
				"south":{"uv":[7,6,8,8],"texture":"#0"},
				"west":{"uv":[7,6,8,8],"texture":"#0"},
				"up":{"uv":[7,6,8,7],"texture":"#0"},
				"down":{"uv":[7,7,8,8],"texture":"#0"}
			}
		},
		{
			"from":[6.875,10.75,7.25],
			"to":[7.625,12.25,8.75],
			"rotation":{"angle":-45,"axis":"y","origin":[8,6,8]},
			"faces":{
				"north":{"uv":[7,6,8,8],"texture":"#0"},
				"south":{"uv":[7,6,8,8],"texture":"#0"},
				"west":{"uv":[7,6,8,8],"texture":"#0"},
				"up":{"uv":[7,6,8,7],"rotation":90,"texture":"#0"},
				"down":{"uv":[7,7,8,8],"rotation":270,"texture":"#0"}
			}
		},
		{
			"from":[7.25,11.5,9.125],
			"to":[8.75,12.25,9.875],
			"rotation":{"angle":-45,"axis":"y","origin":[8,6,8]},
			"faces":{
				"north":{"uv":[6,5,7,6],"texture":"#0"},
				"east":{"uv":[6,5,7,6],"texture":"#0"},
				"south":{"uv":[6,5,7,6],"texture":"#0"},
				"west":{"uv":[6,5,7,6],"texture":"#0"},
				"up":{"uv":[6,5,7,6],"texture":"#0"},
				"down":{"uv":[6,5,7,6],"texture":"#0"}
			}
		},
		{
			"from":[6.125,12.25,7.25],
			"to":[6.875,13,8.75],
			"rotation":{"angle":-45,"axis":"y","origin":[8,6,8]},
			"faces":{
				"north":{"uv":[6,5,7,6],"texture":"#0"},
				"east":{"uv":[6,5,7,6],"texture":"#0"},
				"south":{"uv":[6,5,7,6],"texture":"#0"},
				"west":{"uv":[6,5,7,6],"texture":"#0"},
				"up":{"uv":[6,5,7,6],"rotation":90,"texture":"#0"},
				"down":{"uv":[6,5,7,6],"rotation":270,"texture":"#0"}
			}
		},
		{
			"from":[7.25,12.25,9.875],
			"to":[8.75,13,10.625],
			"rotation":{"angle":-45,"axis":"y","origin":[8,6,8]},
			"faces":{
				"north":{"uv":[5,4,6,5],"texture":"#0"},
				"east":{"uv":[5,4,6,5],"texture":"#0"},
				"south":{"uv":[5,4,6,5],"texture":"#0"},
				"west":{"uv":[5,4,6,5],"texture":"#0"},
				"up":{"uv":[5,4,6,5],"texture":"#0"},
				"down":{"uv":[5,4,6,5],"texture":"#0"}
			}
		},
		{
			"from":[5.375,13,7.25],
			"to":[6.125,13.75,8.75],
			"rotation":{"angle":-45,"axis":"y","origin":[8,6,8]},
			"faces":{
				"north":{"uv":[5,4,6,5],"texture":"#0"},
				"east":{"uv":[5,4,6,5],"texture":"#0"},
				"south":{"uv":[5,4,6,5],"texture":"#0"},
				"west":{"uv":[5,4,6,5],"texture":"#0"},
				"up":{"uv":[5,4,6,5],"rotation":90,"texture":"#0"},
				"down":{"uv":[5,4,6,5],"rotation":270,"texture":"#0"}
			}
		},
		{
			"from":[6,6,6],
			"to":[10,4,10],
			"faces":{
				"north":{"uv":[6,10,10,12],"texture":"#flowerpot"},
				"east":{"uv":[6,10,10,12],"texture":"#flowerpot"},
				"south":{"uv":[6,10,10,12],"texture":"#flowerpot"},
				"west":{"uv":[6,10,10,12],"texture":"#flowerpot"},
				"up":{"uv":[6,6,10,10],"texture":"#dirt"}
			}
		},
		{
			"from":[5,0,5],
			"to":[11,6,11],
			"faces":{
				"north":{"uv":[5,10,11,16],"texture":"#flowerpot"},
				"east":{"uv":[5,10,11,16],"texture":"#flowerpot"},
				"south":{"uv":[5,10,11,16],"texture":"#flowerpot"},
				"west":{"uv":[5,10,11,16],"texture":"#flowerpot"},
				"up":{"uv":[4.9882,4.9882,11.0118,11.0118],"texture":"#flowerpot"},
				"down":{"uv":[5,10,11,16],"texture":"#flowerpot","cullface":"down"}
			}
		}
	]
}