{
	"__comment":"Designed by GeForceLegend",
	"ambientocclusion":false,
	"textures":{
		"cross":"block/azure_bluet",
		"flowerpot":"block/flower_pot",
		"particle":"block/flower_pot",
		"dirt":"block/dirt"
	},
	"elements":[
		{
			"from":[7.625,4,7.625],
			"to":[8.375,7,8.375],
			"rotation":{"angle":-45,"axis":"y","origin":[8,7,8]},
			"faces":{
				"north":{"uv":[7,12,8,16],"texture":"#cross"},
				"east":{"uv":[7,12,8,16],"texture":"#cross"},
				"south":{"uv":[7,12,8,16],"texture":"#cross"},
				"west":{"uv":[7,12,8,16],"texture":"#cross"},
				"up":{"uv":[7,12,8,13],"texture":"#cross"}
			}
		},
		{
			"from":[9.125,8.5,8.375],
			"to":[9.875,11.5,9.125],
			"rotation":{"angle":-45,"axis":"y","origin":[8,7,8]},
			"faces":{
				"north":{"uv":[7,12,8,16],"texture":"#cross"},
				"east":{"uv":[7,12,8,16],"texture":"#cross"},
				"south":{"uv":[7,12,8,16],"texture":"#cross"},
				"west":{"uv":[7,12,8,16],"texture":"#cross"},
				"up":{"uv":[7,12,8,13],"texture":"#cross"},
				"down":{"uv":[7,15,8,16],"texture":"#cross"}
			}
		},
		{
			"from":[8.375,5.5,6.875],
			"to":[9.125,7,7.625],
			"rotation":{"angle":-45,"axis":"y","origin":[8,7,8]},
			"faces":{
				"north":{"uv":[8,13,9,15],"texture":"#cross"},
				"east":{"uv":[8,13,9,15],"texture":"#cross"},
				"south":{"uv":[8,13,9,15],"texture":"#cross"},
				"west":{"uv":[8,13,9,15],"texture":"#cross"},
				"down":{"uv":[8,14,9,15],"texture":"#cross"}
			}
		},
		{
			"from":[8.375,7,8.375],
			"to":[9.125,8.5,9.125],
			"rotation":{"angle":-45,"axis":"y","origin":[8,7,8]},
			"faces":{
				"north":{"uv":[6,12,7,10],"texture":"#cross"},
				"south":{"uv":[6,12,7,10],"texture":"#cross"},
				"west":{"uv":[6,12,7,10],"texture":"#cross"},
				"down":{"uv":[6,10,7,11],"texture":"#cross"}
			}
		},
		{
			"from":[8.375,7.75,9.875],
			"to":[9.125,9.25,10.625],
			"rotation":{"angle":-45,"axis":"y","origin":[8,7,8]},
			"faces":{
				"north":{"uv":[4,10,5,12],"texture":"#cross"},
				"east":{"uv":[4,10,5,12],"texture":"#cross"},
				"south":{"uv":[4,10,5,12],"texture":"#cross"},
				"west":{"uv":[4,10,5,12],"texture":"#cross"},
				"up":{"uv":[4,10,5,11],"texture":"#cross"}
			}
		},
		{
			"from":[9.875,10.75,7.625],
			"to":[10.625,11.5,8.375],
			"rotation":{"angle":-45,"axis":"y","origin":[8,7,8]},
			"faces":{
				"north":{"uv":[6,10,7,11],"texture":"#cross"},
				"south":{"uv":[6,10,7,11],"texture":"#cross"},
				"west":{"uv":[6,10,7,11],"texture":"#cross"},
				"up":{"uv":[6,10,7,11],"rotation":270,"texture":"#cross"},
				"down":{"uv":[6,10,7,11],"rotation":90,"texture":"#cross"}
			}
		},
		{
			"from":[9.875,8.5,6.875],
			"to":[11.375,9.25,7.625],
			"rotation":{"angle":-45,"axis":"y","origin":[8,7,8]},
			"faces":{
				"north":{"uv":[7,11,5,12],"texture":"#cross"},
				"south":{"uv":[5,11,7,12],"texture":"#cross"},
				"west":{"uv":[5,11,6,12],"texture":"#cross"},
				"up":{"uv":[5,11,7,12],"texture":"#cross"},
				"down":{"uv":[7,11,5,12],"rotation":180,"texture":"#cross"}
			}
		},
		{
			"from":[8.375,7.75,8.375],
			"to":[9.125,8.5,10.625],
			"rotation":{"angle":-45,"axis":"y","origin":[8,7,8]},
			"faces":{
				"east":{"uv":[4,11,7,12],"texture":"#cross"},
				"west":{"uv":[7,11,4,12],"texture":"#cross"},
				"up":{"uv":[7,11,4,12],"rotation":90,"texture":"#cross"},
				"down":{"uv":[4,11,7,12],"rotation":90,"texture":"#cross"}
			}
		},
		{
			"from":[8.375,6.25,6.125],
			"to":[9.125,7,7.625],
			"rotation":{"angle":-45,"axis":"y","origin":[8,7,8]},
			"faces":{
				"north":{"uv":[9,13,10,14],"texture":"#cross"},
				"east":{"uv":[9,13,10,14],"texture":"#cross"},
				"west":{"uv":[9,13,10,14],"texture":"#cross"},
				"up":{"uv":[9,13,10,14],"rotation":270,"texture":"#cross"},
				"down":{"uv":[9,13,10,14],"rotation":90,"texture":"#cross"}
			}
		},
		{
			"from":[8.375,7,5.375],
			"to":[9.125,7.75,6.125],
			"rotation":{"angle":-45,"axis":"y","origin":[8,7,8]},
			"faces":{
				"east":{"uv":[9,13,10,14],"texture":"#cross"},
				"south":{"uv":[9,13,10,14],"texture":"#cross"},
				"west":{"uv":[9,13,10,14],"texture":"#cross"},
				"up":{"uv":[9,13,10,14],"rotation":270,"texture":"#cross"},
				"down":{"uv":[9,13,10,14],"rotation":90,"texture":"#cross"}
			}
		},
		{
			"from":[9.125,7,6.875],
			"to":[9.875,8.5,7.625],
			"rotation":{"angle":-45,"axis":"y","origin":[8,7,8]},
			"faces":{
				"north":{"uv":[8,12,9,13],"texture":"#cross"},
				"east":{"uv":[8,12,9,13],"texture":"#cross"},
				"south":{"uv":[8,12,9,13],"texture":"#cross"},
				"west":{"uv":[8,12,9,13],"texture":"#cross"},
				"up":{"uv":[8,12,9,13],"rotation":270,"texture":"#cross"},
				"down":{"uv":[8,12,9,13],"rotation":90,"texture":"#cross"}
			}
		},
		{
			"from":[9.125,8.5,6.125],
			"to":[9.875,10,6.875],
			"rotation":{"angle":-45,"axis":"y","origin":[8,7,8]},
			"faces":{
				"north":{"uv":[8,12,9,13],"texture":"#cross"},
				"east":{"uv":[8,12,9,13],"texture":"#cross"},
				"south":{"uv":[8,12,9,13],"texture":"#cross"},
				"west":{"uv":[8,12,9,13],"texture":"#cross"},
				"up":{"uv":[8,12,9,13],"rotation":270,"texture":"#cross"},
				"down":{"uv":[8,12,9,13],"rotation":90,"texture":"#cross"}
			}
		},
		{
			"from":[8.375,7,4.625],
			"to":[9.125,9.25,5.375],
			"rotation":{"angle":-45,"axis":"y","origin":[8,7,8]},
			"faces":{
				"north":{"uv":[6,7,9,8],"rotation":90,"texture":"#cross"},
				"east":{"uv":[6,7,9,8],"rotation":90,"texture":"#cross"},
				"south":{"uv":[6,7,7,8],"texture":"#cross"},
				"west":{"uv":[6,7,9,8],"rotation":90,"texture":"#cross"},
				"up":{"uv":[8,7,9,8],"texture":"#cross"},
				"down":{"uv":[7,10,8,11],"texture":"#cross"}
			}
		},
		{
			"from":[9.125,9.25,5.375],
			"to":[9.875,11.5,6.125],
			"rotation":{"angle":-45,"axis":"y","origin":[8,7,8]},
			"faces":{
				"north":{"uv":[6,7,9,8],"rotation":90,"texture":"#cross"},
				"east":{"uv":[6,7,9,8],"rotation":90,"texture":"#cross"},
				"south":{"uv":[6,7,7,8],"texture":"#cross"},
				"west":{"uv":[6,7,9,8],"rotation":90,"texture":"#cross"},
				"up":{"uv":[8,7,9,8],"texture":"#cross"},
				"down":{"uv":[7,10,8,11],"texture":"#cross"}
			}
		},
		{
			"from":[11.375,7.75,6.875],
			"to":[12.125,10,7.625],
			"rotation":{"angle":-45,"axis":"y","origin":[8,7,8]},
			"faces":{
				"north":{"uv":[6,7,9,8],"rotation":90,"texture":"#cross"},
				"east":{"uv":[6,7,9,8],"rotation":90,"texture":"#cross"},
				"south":{"uv":[6,7,9,8],"rotation":90,"texture":"#cross"},
				"west":{"uv":[6,7,7,8],"texture":"#cross"},
				"up":{"uv":[8,7,9,8],"texture":"#cross"},
				"down":{"uv":[7,10,8,11],"texture":"#cross"}
			}
		},
		{
			"from":[9.125,5.5,8.375],
			"to":[9.875,7.75,9.125],
			"rotation":{"angle":-45,"axis":"y","origin":[8,7,8]},
			"faces":{
				"north":{"uv":[6,7,9,8],"rotation":90,"texture":"#cross"},
				"east":{"uv":[6,7,9,8],"rotation":90,"texture":"#cross"},
				"south":{"uv":[6,7,9,8],"rotation":90,"texture":"#cross"},
				"west":{"uv":[6,7,7,8],"texture":"#cross"},
				"up":{"uv":[8,7,9,8],"rotation":270,"texture":"#cross"},
				"down":{"uv":[7,10,8,11],"rotation":90,"texture":"#cross"}
			}
		},
		{
			"from":[9.125,10.75,9.125],
			"to":[9.875,13,9.875],
			"rotation":{"angle":-45,"axis":"y","origin":[8,7,8]},
			"faces":{
				"north":{"uv":[6,7,7,8],"texture":"#cross"},
				"east":{"uv":[6,7,9,8],"rotation":90,"texture":"#cross"},
				"south":{"uv":[6,7,9,8],"rotation":90,"texture":"#cross"},
				"west":{"uv":[6,7,9,8],"rotation":90,"texture":"#cross"},
				"up":{"uv":[8,7,9,8],"texture":"#cross"},
				"down":{"uv":[7,10,8,11],"texture":"#cross"}
			}
		},
		{
			"from":[8.375,8.5,10.625],
			"to":[9.125,10.75,11.375],
			"rotation":{"angle":-45,"axis":"y","origin":[8,7,8]},
			"faces":{
				"north":{"uv":[6,7,7,8],"texture":"#cross"},
				"east":{"uv":[6,7,9,8],"rotation":90,"texture":"#cross"},
				"south":{"uv":[6,7,9,8],"rotation":90,"texture":"#cross"},
				"west":{"uv":[6,7,9,8],"rotation":90,"texture":"#cross"},
				"up":{"uv":[8,7,9,8],"texture":"#cross"},
				"down":{"uv":[7,10,8,11],"texture":"#cross"}
			}
		},
		{
			"from":[10.625,10.75,7.625],
			"to":[11.375,13,8.375],
			"rotation":{"angle":-45,"axis":"y","origin":[8,7,8]},
			"faces":{
				"north":{"uv":[6,7,9,8],"rotation":90,"texture":"#cross"},
				"east":{"uv":[6,7,9,8],"rotation":90,"texture":"#cross"},
				"south":{"uv":[6,7,9,8],"rotation":90,"texture":"#cross"},
				"west":{"uv":[6,7,7,8],"texture":"#cross"},
				"up":{"uv":[8,7,9,8],"texture":"#cross"},
				"down":{"uv":[7,10,8,11],"texture":"#cross"}
			}
		},
		{
			"from":[4.625,10.75,7.625],
			"to":[5.375,13,8.375],
			"rotation":{"angle":-45,"axis":"y","origin":[8,7,8]},
			"faces":{
				"north":{"uv":[6,7,9,8],"rotation":90,"texture":"#cross"},
				"east":{"uv":[6,7,7,8],"texture":"#cross"},
				"south":{"uv":[6,7,9,8],"rotation":90,"texture":"#cross"},
				"west":{"uv":[6,7,9,8],"rotation":90,"texture":"#cross"},
				"up":{"uv":[8,7,9,8],"texture":"#cross"},
				"down":{"uv":[7,10,8,11],"texture":"#cross"}
			}
		},
		{
			"from":[6.875,8.5,4.625],
			"to":[7.625,10.75,5.375],
			"rotation":{"angle":-45,"axis":"y","origin":[8,7,8]},
			"faces":{
				"north":{"uv":[6,7,9,8],"rotation":90,"texture":"#cross"},
				"east":{"uv":[6,7,9,8],"rotation":90,"texture":"#cross"},
				"south":{"uv":[6,7,7,8],"texture":"#cross"},
				"west":{"uv":[6,7,9,8],"rotation":90,"texture":"#cross"},
				"up":{"uv":[8,7,9,8],"texture":"#cross"},
				"down":{"uv":[7,10,8,11],"texture":"#cross"}
			}
		},
		{
			"from":[6.125,9.25,4.625],
			"to":[8.375,10,5.375],
			"rotation":{"angle":-45,"axis":"y","origin":[8,7,8]},
			"faces":{
				"north":{"uv":[6,7,9,8],"texture":"#cross"},
				"east":{"uv":[6,7,7,8],"texture":"#cross"},
				"south":{"uv":[6,9,9,10],"texture":"#cross"},
				"west":{"uv":[8,7,9,8],"texture":"#cross"},
				"up":{"uv":[9,7,6,8],"texture":"#cross"},
				"down":{"uv":[9,7,6,8],"texture":"#cross"}
			}
		},
		{
			"from":[7.625,9.25,10.625],
			"to":[9.875,10,11.375],
			"rotation":{"angle":-45,"axis":"y","origin":[8,7,8]},
			"faces":{
				"north":{"uv":[6,9,9,10],"texture":"#cross"},
				"east":{"uv":[8,7,9,8],"texture":"#cross"},
				"south":{"uv":[6,7,9,8],"texture":"#cross"},
				"west":{"uv":[6,7,7,8],"texture":"#cross"},
				"up":{"uv":[9,7,6,8],"rotation":180,"texture":"#cross"},
				"down":{"uv":[9,7,6,8],"rotation":180,"texture":"#cross"}
			}
		},
		{
			"from":[5.375,11.5,6.125],
			"to":[7.625,12.25,6.875],
			"rotation":{"angle":-45,"axis":"y","origin":[8,7,8]},
			"faces":{
				"north":{"uv":[6,7,9,8],"texture":"#cross"},
				"east":{"uv":[6,7,7,8],"texture":"#cross"},
				"south":{"uv":[6,9,9,10],"texture":"#cross"},
				"west":{"uv":[8,7,9,8],"texture":"#cross"},
				"up":{"uv":[9,7,6,8],"texture":"#cross"},
				"down":{"uv":[9,7,6,8],"texture":"#cross"}
			}
		},
		{
			"from":[8.375,11.5,9.125],
			"to":[10.625,12.25,9.875],
			"rotation":{"angle":-45,"axis":"y","origin":[8,7,8]},
			"faces":{
				"north":{"uv":[6,9,9,10],"texture":"#cross"},
				"east":{"uv":[8,7,9,8],"texture":"#cross"},
				"south":{"uv":[6,7,9,8],"texture":"#cross"},
				"west":{"uv":[6,7,7,8],"texture":"#cross"},
				"up":{"uv":[9,7,6,8],"rotation":180,"texture":"#cross"},
				"down":{"uv":[9,7,6,8],"rotation":180,"texture":"#cross"}
			}
		},
		{
			"from":[8.375,10,5.375],
			"to":[10.625,10.75,6.125],
			"rotation":{"angle":-45,"axis":"y","origin":[8,7,8]},
			"faces":{
				"north":{"uv":[9,7,6,8],"texture":"#cross"},
				"east":{"uv":[9,7,8,8],"texture":"#cross"},
				"south":{"uv":[9,9,6,10],"texture":"#cross"},
				"west":{"uv":[7,7,6,8],"texture":"#cross"},
				"up":{"uv":[6,7,9,8],"texture":"#cross"},
				"down":{"uv":[6,7,9,8],"texture":"#cross"}
			}
		},
		{
			"from":[5.375,10,9.875],
			"to":[7.625,10.75,10.625],
			"rotation":{"angle":-45,"axis":"y","origin":[8,7,8]},
			"faces":{
				"north":{"uv":[9,9,6,10],"texture":"#cross"},
				"east":{"uv":[7,7,6,8],"texture":"#cross"},
				"south":{"uv":[9,7,6,8],"texture":"#cross"},
				"west":{"uv":[9,7,8,8],"texture":"#cross"},
				"up":{"uv":[6,7,9,8],"rotation":180,"texture":"#cross"},
				"down":{"uv":[6,7,9,8],"rotation":180,"texture":"#cross"}
			}
		},
		{
			"from":[7.625,7.75,4.625],
			"to":[9.875,8.5,5.375],
			"rotation":{"angle":-45,"axis":"y","origin":[8,7,8]},
			"faces":{
				"north":{"uv":[6,7,9,8],"texture":"#cross"},
				"east":{"uv":[6,7,7,8],"texture":"#cross"},
				"south":{"uv":[6,9,9,10],"texture":"#cross"},
				"west":{"uv":[8,7,9,8],"texture":"#cross"},
				"up":{"uv":[9,7,6,8],"texture":"#cross"},
				"down":{"uv":[9,7,6,8],"texture":"#cross"}
			}
		},
		{
			"from":[6.125,7.75,10.625],
			"to":[8.375,8.5,11.375],
			"rotation":{"angle":-45,"axis":"y","origin":[8,7,8]},
			"faces":{
				"north":{"uv":[6,9,9,10],"texture":"#cross"},
				"east":{"uv":[8,7,9,8],"texture":"#cross"},
				"south":{"uv":[6,7,9,8],"texture":"#cross"},
				"west":{"uv":[6,7,7,8],"texture":"#cross"},
				"up":{"uv":[9,7,6,8],"rotation":180,"texture":"#cross"},
				"down":{"uv":[9,7,6,8],"rotation":180,"texture":"#cross"}
			}
		},
		{
			"from":[9.125,6.25,7.625],
			"to":[9.875,7,9.875],
			"rotation":{"angle":-45,"axis":"y","origin":[8,7,8]},
			"faces":{
				"north":{"uv":[8,7,9,8],"texture":"#cross"},
				"east":{"uv":[6,7,9,8],"texture":"#cross"},
				"south":{"uv":[6,7,7,8],"texture":"#cross"},
				"west":{"uv":[6,9,9,10],"texture":"#cross"},
				"up":{"uv":[9,7,6,8],"rotation":90,"texture":"#cross"},
				"down":{"uv":[9,7,6,8],"rotation":270,"texture":"#cross"}
			}
		},
		{
			"from":[6.125,6.25,6.125],
			"to":[6.875,7,8.375],
			"rotation":{"angle":-45,"axis":"y","origin":[8,7,8]},
			"faces":{
				"north":{"uv":[6,7,7,8],"texture":"#cross"},
				"east":{"uv":[6,9,9,10],"texture":"#cross"},
				"south":{"uv":[8,7,9,8],"texture":"#cross"},
				"west":{"uv":[6,7,9,8],"texture":"#cross"},
				"up":{"uv":[9,7,6,8],"rotation":270,"texture":"#cross"},
				"down":{"uv":[9,7,6,8],"rotation":90,"texture":"#cross"}
			}
		},
		{
			"from":[11.375,8.5,6.125],
			"to":[12.125,9.25,8.375],
			"rotation":{"angle":-45,"axis":"y","origin":[8,7,8]},
			"faces":{
				"north":{"uv":[8,7,9,8],"texture":"#cross"},
				"east":{"uv":[6,7,9,8],"texture":"#cross"},
				"south":{"uv":[6,7,7,8],"texture":"#cross"},
				"west":{"uv":[6,9,9,10],"texture":"#cross"},
				"up":{"uv":[9,7,6,8],"rotation":90,"texture":"#cross"},
				"down":{"uv":[9,7,6,8],"rotation":270,"texture":"#cross"}
			}
		},
		{
			"from":[3.875,8.5,7.625],
			"to":[4.625,9.25,9.875],
			"rotation":{"angle":-45,"axis":"y","origin":[8,7,8]},
			"faces":{
				"north":{"uv":[6,7,7,8],"texture":"#cross"},
				"east":{"uv":[6,9,9,10],"texture":"#cross"},
				"south":{"uv":[8,7,9,8],"texture":"#cross"},
				"west":{"uv":[6,7,9,8],"texture":"#cross"},
				"up":{"uv":[9,7,6,8],"rotation":270,"texture":"#cross"},
				"down":{"uv":[9,7,6,8],"rotation":90,"texture":"#cross"}
			}
		},
		{
			"from":[10.625,11.5,6.875],
			"to":[11.375,12.25,9.125],
			"rotation":{"angle":-45,"axis":"y","origin":[8,7,8]},
			"faces":{
				"north":{"uv":[7,7,6,8],"texture":"#cross"},
				"east":{"uv":[9,7,6,8],"texture":"#cross"},
				"south":{"uv":[9,7,8,8],"texture":"#cross"},
				"west":{"uv":[9,9,6,10],"texture":"#cross"},
				"up":{"uv":[6,7,9,8],"rotation":90,"texture":"#cross"},
				"down":{"uv":[6,7,9,8],"rotation":270,"texture":"#cross"}
			}
		},
		{
			"from":[4.625,11.5,6.875],
			"to":[5.375,12.25,9.125],
			"rotation":{"angle":-45,"axis":"y","origin":[8,7,8]},
			"faces":{
				"north":{"uv":[9,7,8,8],"texture":"#cross"},
				"east":{"uv":[9,9,6,10],"texture":"#cross"},
				"south":{"uv":[7,7,6,8],"texture":"#cross"},
				"west":{"uv":[9,7,6,8],"texture":"#cross"},
				"up":{"uv":[6,7,9,8],"rotation":270,"texture":"#cross"},
				"down":{"uv":[6,7,9,8],"rotation":90,"texture":"#cross"}
			}
		},
		{
			"from":[6.125,10.75,6.125],
			"to":[6.875,13,6.875],
			"rotation":{"angle":-45,"axis":"y","origin":[8,7,8]},
			"faces":{
				"north":{"uv":[6,7,9,8],"rotation":90,"texture":"#cross"},
				"east":{"uv":[6,7,9,8],"rotation":90,"texture":"#cross"},
				"south":{"uv":[6,7,7,8],"texture":"#cross"},
				"west":{"uv":[6,7,9,8],"rotation":90,"texture":"#cross"},
				"up":{"uv":[8,7,9,8],"texture":"#cross"},
				"down":{"uv":[7,10,8,11],"rotation":90,"texture":"#cross"}
			}
		},
		{
			"from":[6.125,5.5,6.875],
			"to":[6.875,7.75,7.625],
			"rotation":{"angle":-45,"axis":"y","origin":[8,7,8]},
			"faces":{
				"north":{"uv":[6,7,9,8],"rotation":90,"texture":"#cross"},
				"east":{"uv":[6,7,7,8],"texture":"#cross"},
				"south":{"uv":[6,7,9,8],"rotation":90,"texture":"#cross"},
				"west":{"uv":[6,7,9,8],"rotation":90,"texture":"#cross"},
				"up":{"uv":[8,7,9,8],"texture":"#cross"},
				"down":{"uv":[7,10,8,11],"texture":"#cross"}
			}
		},
		{
			"from":[3.875,7.75,8.375],
			"to":[4.625,10,9.125],
			"rotation":{"angle":-45,"axis":"y","origin":[8,7,8]},
			"faces":{
				"north":{"uv":[6,7,9,8],"rotation":90,"texture":"#cross"},
				"east":{"uv":[6,7,7,8],"texture":"#cross"},
				"south":{"uv":[6,7,9,8],"rotation":90,"texture":"#cross"},
				"west":{"uv":[6,7,9,8],"rotation":90,"texture":"#cross"},
				"up":{"uv":[8,7,9,8],"texture":"#cross"},
				"down":{"uv":[7,10,8,11],"texture":"#cross"}
			}
		},
		{
			"from":[6.125,9.25,9.875],
			"to":[6.875,11.5,10.625],
			"rotation":{"angle":-45,"axis":"y","origin":[8,7,8]},
			"faces":{
				"north":{"uv":[6,7,7,8],"texture":"#cross"},
				"east":{"uv":[6,7,9,8],"rotation":90,"texture":"#cross"},
				"south":{"uv":[6,7,9,8],"rotation":90,"texture":"#cross"},
				"west":{"uv":[6,7,9,8],"rotation":90,"texture":"#cross"},
				"up":{"uv":[8,7,9,8],"texture":"#cross"},
				"down":{"uv":[7,10,8,11],"texture":"#cross"}
			}
		},
		{
			"from":[6.875,7,10.625],
			"to":[7.625,9.25,11.375],
			"rotation":{"angle":-45,"axis":"y","origin":[8,7,8]},
			"faces":{
				"north":{"uv":[6,7,7,8],"texture":"#cross"},
				"east":{"uv":[6,7,9,8],"rotation":90,"texture":"#cross"},
				"south":{"uv":[6,7,9,8],"rotation":90,"texture":"#cross"},
				"west":{"uv":[6,7,9,8],"rotation":90,"texture":"#cross"},
				"up":{"uv":[8,7,9,8],"texture":"#cross"},
				"down":{"uv":[7,10,8,11],"texture":"#cross"}
			}
		},
		{
			"from":[6.125,8.5,9.125],
			"to":[6.875,10,9.875],
			"rotation":{"angle":-45,"axis":"y","origin":[8,7,8]},
			"faces":{
				"north":{"uv":[8,12,9,13],"texture":"#cross"},
				"east":{"uv":[8,12,9,13],"texture":"#cross"},
				"south":{"uv":[8,12,9,13],"texture":"#cross"},
				"west":{"uv":[8,12,9,13],"texture":"#cross"},
				"up":{"uv":[8,12,9,13],"rotation":270,"texture":"#cross"},
				"down":{"uv":[8,12,9,13],"rotation":90,"texture":"#cross"}
			}
		},
		{
			"from":[6.125,7,8.375],
			"to":[6.875,8.5,9.125],
			"rotation":{"angle":-45,"axis":"y","origin":[8,7,8]},
			"faces":{
				"north":{"uv":[8,12,9,13],"texture":"#cross"},
				"east":{"uv":[8,12,9,13],"texture":"#cross"},
				"south":{"uv":[8,12,9,13],"texture":"#cross"},
				"west":{"uv":[8,12,9,13],"texture":"#cross"},
				"up":{"uv":[8,12,9,13],"rotation":270,"texture":"#cross"},
				"down":{"uv":[8,12,9,13],"rotation":90,"texture":"#cross"}
			}
		},
		{
			"from":[6.875,7,9.875],
			"to":[7.625,7.75,10.625],
			"rotation":{"angle":-45,"axis":"y","origin":[8,7,8]},
			"faces":{
				"north":{"uv":[9,13,10,14],"texture":"#cross"},
				"east":{"uv":[9,13,10,14],"texture":"#cross"},
				"west":{"uv":[9,13,10,14],"texture":"#cross"},
				"up":{"uv":[9,13,10,14],"rotation":270,"texture":"#cross"},
				"down":{"uv":[9,13,10,14],"rotation":90,"texture":"#cross"}
			}
		},
		{
			"from":[6.875,6.25,8.375],
			"to":[7.625,7,9.875],
			"rotation":{"angle":-45,"axis":"y","origin":[8,7,8]},
			"faces":{
				"east":{"uv":[9,13,10,14],"texture":"#cross"},
				"south":{"uv":[9,13,10,14],"texture":"#cross"},
				"west":{"uv":[9,13,10,14],"texture":"#cross"},
				"up":{"uv":[9,13,10,14],"texture":"#cross"},
				"down":{"uv":[9,13,10,14],"rotation":90,"texture":"#cross"}
			}
		},
		{
			"from":[6.875,7.75,5.375],
			"to":[7.625,8.5,7.625],
			"rotation":{"angle":-45,"axis":"y","origin":[8,7,8]},
			"faces":{
				"east":{"uv":[7,11,4,12],"texture":"#cross"},
				"west":{"uv":[4,11,7,12],"texture":"#cross"},
				"up":{"uv":[4,11,7,12],"rotation":90,"texture":"#cross"},
				"down":{"uv":[7,11,4,12],"rotation":90,"texture":"#cross"}
			}
		},
		{
			"from":[4.625,8.5,8.375],
			"to":[6.125,9.25,9.125],
			"rotation":{"angle":-45,"axis":"y","origin":[8,7,8]},
			"faces":{
				"north":{"uv":[5,11,7,12],"texture":"#cross"},
				"east":{"uv":[5,11,6,12],"texture":"#cross"},
				"south":{"uv":[7,11,5,12],"texture":"#cross"},
				"up":{"uv":[7,11,5,12],"texture":"#cross"},
				"down":{"uv":[5,11,7,12],"rotation":180,"texture":"#cross"}
			}
		},
		{
			"from":[5.375,10.75,7.625],
			"to":[6.125,11.5,8.375],
			"rotation":{"angle":-45,"axis":"y","origin":[8,7,8]},
			"faces":{
				"north":{"uv":[6,10,7,11],"texture":"#cross"},
				"east":{"uv":[6,10,7,11],"texture":"#cross"},
				"south":{"uv":[6,10,7,11],"texture":"#cross"},
				"up":{"uv":[6,10,7,11],"rotation":270,"texture":"#cross"},
				"down":{"uv":[6,10,7,11],"rotation":90,"texture":"#cross"}
			}
		},
		{
			"from":[6.875,7.75,5.375],
			"to":[7.625,9.25,6.125],
			"rotation":{"angle":-45,"axis":"y","origin":[8,7,8]},
			"faces":{
				"north":{"uv":[4,10,5,12],"texture":"#cross"},
				"east":{"uv":[4,10,5,12],"texture":"#cross"},
				"south":{"uv":[4,10,5,12],"texture":"#cross"},
				"west":{"uv":[4,10,5,12],"texture":"#cross"},
				"up":{"uv":[8,13,9,14],"rotation":270,"texture":"#cross"}
			}
		},
		{
			"from":[6.875,7,6.875],
			"to":[7.625,8.5,7.625],
			"rotation":{"angle":-45,"axis":"y","origin":[8,7,8]},
			"faces":{
				"north":{"uv":[6,12,7,10],"texture":"#cross"},
				"east":{"uv":[6,12,7,10],"texture":"#cross"},
				"south":{"uv":[6,12,7,10],"texture":"#cross"},
				"down":{"uv":[6,10,7,11],"texture":"#cross"}
			}
		},
		{
			"from":[6.875,5.5,8.375],
			"to":[7.625,7,9.125],
			"rotation":{"angle":-45,"axis":"y","origin":[8,7,8]},
			"faces":{
				"north":{"uv":[8,13,9,15],"texture":"#cross"},
				"east":{"uv":[8,13,9,15],"texture":"#cross"},
				"south":{"uv":[8,13,9,15],"texture":"#cross"},
				"west":{"uv":[8,13,9,15],"texture":"#cross"},
				"down":{"uv":[8,14,9,15],"rotation":90,"texture":"#cross"}
			}
		},
		{
			"from":[6.125,8.5,6.875],
			"to":[6.875,11.5,7.625],
			"rotation":{"angle":-45,"axis":"y","origin":[8,7,8]},
			"faces":{
				"north":{"uv":[7,12,8,16],"texture":"#cross"},
				"east":{"uv":[7,12,8,16],"texture":"#cross"},
				"south":{"uv":[7,12,8,16],"texture":"#cross"},
				"west":{"uv":[7,12,8,16],"texture":"#cross"},
				"up":{"uv":[7,12,8,13],"rotation":270,"texture":"#cross"},
				"down":{"uv":[7,15,8,16],"rotation":90,"texture":"#cross"}
			}
		},
		{
			"from":[5,0,5],
			"to":[11,6,11],
			"faces":{
				"north":{"uv":[5,10,11,16],"texture":"#flowerpot"},
				"east":{"uv":[5,10,11,16],"texture":"#flowerpot"},
				"south":{"uv":[5,10,11,16],"texture":"#flowerpot"},
				"west":{"uv":[5,10,11,16],"texture":"#flowerpot"},
				"up":{"uv":[4.9882,4.9882,11.0118,11.0118],"texture":"#flowerpot"},
				"down":{"uv":[5,10,11,16],"texture":"#flowerpot","cullface":"down"}
			}
		},
		{
			"from":[6,6,6],
			"to":[10,4,10],
			"faces":{
				"north":{"uv":[6,10,10,12],"texture":"#flowerpot"},
				"east":{"uv":[6,10,10,12],"texture":"#flowerpot"},
				"south":{"uv":[6,10,10,12],"texture":"#flowerpot"},
				"west":{"uv":[6,10,10,12],"texture":"#flowerpot"},
				"up":{"uv":[6,6,10,10],"texture":"#dirt"}
			}
		}
	]
}