{
	"__comment":"Designed by GeForceLegend",
	"parent":"block/cross",
	"ambientocclusion":false,
	"textures":{
		"cross":"block/red_mushroom"
	},
	"elements":[
		{
			"from":[7,0,7],
			"to":[9,7,9],
			"rotation":{"angle":-45,"axis":"y","origin":[8,8,8]},
			"faces":{
				"north":{"uv":[7,9,9,16],"texture":"#cross"},
				"east":{"uv":[7,9,9,16],"texture":"#cross"},
				"south":{"uv":[7,9,9,16],"texture":"#cross"},
				"west":{"uv":[7,9,9,16],"texture":"#cross"},
				"down":{"uv":[7,15,9,16],"rotation":90,"texture":"#cross","cullface":"down"}
			}
		},
		{
			"from":[7,3,4],
			"to":[9,5,12],
			"rotation":{"angle":-45,"axis":"y","origin":[8,8,8]},
			"faces":{
				"north":{"uv":[6,11,4,13],"texture":"#cross"},
				"east":{"uv":[11,11,5,13],"texture":"#cross"},
				"south":{"uv":[12,11,10,13],"texture":"#cross"},
				"west":{"uv":[4,11,12,13],"texture":"#cross"},
				"up":{"uv":[4,11,8,13],"rotation":270,"texture":"#cross"},
				"down":{"uv":[12,11,4,13],"rotation":90,"texture":"#cross"}
			}
		},
		{
			"from":[4,3,7],
			"to":[12,5,9],
			"rotation":{"angle":-45,"axis":"y","origin":[8,8,8]},
			"faces":{
				"north":{"uv":[4,11,12,13],"texture":"#cross"},
				"east":{"uv":[6,11,4,13],"texture":"#cross"},
				"south":{"uv":[11,11,5,13],"texture":"#cross"},
				"west":{"uv":[12,11,10,13],"texture":"#cross"},
				"up":{"uv":[4,11,8,13],"texture":"#cross"},
				"down":{"uv":[12,11,4,13],"texture":"#cross"}
			}
		},
		{
			"from":[5,3.01,6],
			"to":[11,5,10],
			"rotation":{"angle":-45,"axis":"y","origin":[8,12.5,8]},
			"faces":{
				"north":{"uv":[6,11,10,13],"texture":"#cross"},
				"east":{"uv":[6,9,10,11],"texture":"#cross"},
				"south":{"uv":[10,9,6,11],"texture":"#cross"},
				"west":{"uv":[9,11,7,13],"texture":"#cross"},
				"up":{"uv":[10,11,6,9],"texture":"#cross"},
				"down":{"uv":[5,13,11,10],"rotation":180,"texture":"#cross"}
			}
		},
		{
			"from":[6,3.02,5],
			"to":[10,5,11],
			"rotation":{"angle":-45,"axis":"y","origin":[8,12.5,8]},
			"faces":{
				"north":{"uv":[9,11,7,13],"texture":"#cross"},
				"east":{"uv":[6,11,10,13],"texture":"#cross"},
				"south":{"uv":[6,9,10,11],"texture":"#cross"},
				"west":{"uv":[10,9,6,11],"texture":"#cross"},
				"up":{"uv":[10,11,6,9],"rotation":90,"texture":"#cross"},
				"down":{"uv":[5,13,11,10],"rotation":90,"texture":"#cross"}
			}
		},
		{
			"from":[5,5,7],
			"to":[11,6,9],
			"rotation":{"angle":-45,"axis":"y","origin":[8,8,8]},
			"faces":{
				"north":{"uv":[11,11,5,12],"texture":"#cross"},
				"east":{"uv":[9,11,11,12],"texture":"#cross"},
				"south":{"uv":[11,10,5,11],"texture":"#cross"},
				"west":{"uv":[6,11,4,12],"texture":"#cross"},
				"up":{"uv":[5,12,11,10],"texture":"#cross"}
			}
		},
		{
			"from":[7,5,5],
			"to":[9,6,11],
			"rotation":{"angle":-45,"axis":"y","origin":[8,8,8]},
			"faces":{
				"north":{"uv":[11,11,9,12],"texture":"#cross"},
				"east":{"uv":[5,11,11,12],"texture":"#cross"},
				"south":{"uv":[4,11,6,12],"texture":"#cross"},
				"west":{"uv":[5,10,11,11],"texture":"#cross"},
				"up":{"uv":[11,12,5,10],"rotation":90,"texture":"#cross"}
			}
		},
		{
			"from":[6,5,6],
			"to":[10,6,10],
			"rotation":{"angle":-45,"axis":"y","origin":[8,8,8]},
			"faces":{
				"north":{"uv":[10,9,6,10],"texture":"#cross"},
				"east":{"uv":[9,9,10,13],"rotation":90,"texture":"#cross"},
				"south":{"uv":[6,12,10,13],"texture":"#cross"},
				"west":{"uv":[6,13,7,9],"rotation":90,"texture":"#cross"},
				"up":{"uv":[6,9,10,13],"texture":"#cross"}
			}
		},
		{
			"from":[7,6,6],
			"to":[9,7,10],
			"rotation":{"angle":-45,"axis":"y","origin":[8,8,8]},
			"faces":{
				"north":{"uv":[7,9,9,10],"texture":"#cross"},
				"east":{"uv":[8,9,9,13],"rotation":90,"texture":"#cross"},
				"south":{"uv":[7,12,9,13],"texture":"#cross"},
				"west":{"uv":[7,13,8,9],"rotation":90,"texture":"#cross"},
				"up":{"uv":[7,9,9,13],"texture":"#cross"}
			}
		},
		{
			"from":[6,6,7],
			"to":[10,7,9],
			"rotation":{"angle":-45,"axis":"y","origin":[8,8,8]},
			"faces":{
				"north":{"uv":[10,10,6,11],"texture":"#cross"},
				"east":{"uv":[4,11,6,12],"texture":"#cross"},
				"south":{"uv":[6,11,10,12],"texture":"#cross"},
				"west":{"uv":[7,9,9,10],"texture":"#cross"},
				"up":{"uv":[6,10,10,12],"texture":"#cross"}
			}
		}
	]
}