{
	"__comment":"Designed by GeForceLegend",
	"ambientocclusion":false,
	"textures":{
		"0":"block/rose_bush_bottom",
		"particle":"block/rose_bush_bottom"
	},
	"elements":[
		{
			"from":[7,0,6],
			"to":[9,2,9],
			"rotation":{"angle":-45,"axis":"y","origin":[8,8,8]},
			"faces":{
				"north":{"uv":[4,7,6,5],"texture":"#0"},
				"east":{"uv":[6,14,9,16],"texture":"#0"},
				"south":{"uv":[7,14,9,16],"texture":"#0"},
				"west":{"uv":[6,14,9,16],"texture":"#0"},
				"up":{"uv":[6,14,9,16],"rotation":90,"texture":"#0"},
				"down":{"uv":[6,14,9,16],"rotation":270,"texture":"#0","cullface":"down"}
			}
		},
		{
			"from":[7,2,7],
			"to":[9,3,9],
			"rotation":{"angle":-45,"axis":"y","origin":[8,8,8]},
			"faces":{
				"north":{"uv":[7,13,9,14],"texture":"#0"},
				"east":{"uv":[7,13,9,14],"texture":"#0"},
				"south":{"uv":[7,13,9,14],"texture":"#0"},
				"west":{"uv":[7,13,9,14],"texture":"#0"},
				"up":{"uv":[7,12,9,14],"rotation":90,"texture":"#0"}
			}
		},
		{
			"from":[6,1,4],
			"to":[10,2,6],
			"rotation":{"angle":-45,"axis":"y","origin":[8,8,8]},
			"faces":{
				"north":{"uv":[5,11,9,12],"texture":"#0"},
				"east":{"uv":[6,14,4,15],"texture":"#0"},
				"south":{"uv":[5,13,9,14],"texture":"#0"},
				"west":{"uv":[4,14,6,15],"texture":"#0"},
				"up":{"uv":[4,11,6,15],"rotation":90,"texture":"#0"},
				"down":{"uv":[4,11,6,15],"rotation":270,"texture":"#0"}
			}
		},
		{
			"from":[7,1,3],
			"to":[9,2,4],
			"rotation":{"angle":-45,"axis":"y","origin":[8,8,8]},
			"faces":{
				"north":{"uv":[9,5,11,6],"texture":"#0"},
				"east":{"uv":[4,14,5,15],"texture":"#0"},
				"west":{"uv":[4,14,5,15],"texture":"#0"},
				"up":{"uv":[4,7,5,9],"rotation":90,"texture":"#0"},
				"down":{"uv":[4,9,5,7],"rotation":270,"texture":"#0"}
			}
		},
		{
			"from":[7,0,9],
			"to":[9,1,10],
			"rotation":{"angle":-45,"axis":"y","origin":[8,8,8]},
			"faces":{
				"east":{"uv":[4,14,5,15],"texture":"#0"},
				"south":{"uv":[11,5,9,6],"texture":"#0"},
				"west":{"uv":[4,14,5,15],"texture":"#0"},
				"up":{"uv":[4,7,5,9],"rotation":90,"texture":"#0"},
				"down":{"uv":[4,9,5,7],"rotation":270,"texture":"#0","cullface":"down"}
			}
		},
		{
			"from":[7,1,10],
			"to":[9,2,12],
			"rotation":{"angle":-45,"axis":"y","origin":[8,8,8]},
			"faces":{
				"north":{"uv":[4,14,5,15],"texture":"#0"},
				"east":{"uv":[5,10,6,11],"texture":"#0"},
				"south":{"uv":[11,5,9,6],"texture":"#0"},
				"west":{"uv":[5,11,7,12],"texture":"#0"},
				"up":{"uv":[5,10,7,12],"rotation":90,"texture":"#0"},
				"down":{"uv":[5,12,7,10],"rotation":270,"texture":"#0"}
			}
		},
		{
			"from":[5,0,7],
			"to":[7,1,9],
			"rotation":{"angle":-45,"axis":"y","origin":[8,8,8]},
			"faces":{
				"north":{"uv":[10,12,11,10],"rotation":90,"texture":"#0"},
				"south":{"uv":[11,10,12,12],"texture":"#0"},
				"west":{"uv":[10,11,12,12],"texture":"#0"},
				"up":{"uv":[10,10,12,12],"rotation":90,"texture":"#0"},
				"down":{"uv":[10,12,12,10],"rotation":270,"texture":"#0","cullface":"down"}
			}
		},
		{
			"from":[11,1,7],
			"to":[13,2,9],
			"rotation":{"angle":-45,"axis":"y","origin":[8,8,8]},
			"faces":{
				"north":{"uv":[10,11,12,12],"texture":"#0"},
				"east":{"uv":[10,12,11,10],"rotation":90,"texture":"#0"},
				"south":{"uv":[12,10,10,11],"texture":"#0"},
				"west":{"uv":[11,10,12,12],"texture":"#0"},
				"up":{"uv":[10,10,12,12],"rotation":180,"texture":"#0"},
				"down":{"uv":[10,12,12,10],"rotation":180,"texture":"#0"}
			}
		},
		{
			"from":[3,1,7],
			"to":[5,2,9],
			"rotation":{"angle":-45,"axis":"y","origin":[8,8,8]},
			"faces":{
				"north":{"uv":[4,14,5,15],"texture":"#0"},
				"east":{"uv":[5,10,6,11],"texture":"#0"},
				"south":{"uv":[11,5,9,6],"texture":"#0"},
				"west":{"uv":[5,11,7,12],"texture":"#0"},
				"up":{"uv":[5,10,7,12],"rotation":90,"texture":"#0"},
				"down":{"uv":[5,12,7,10],"rotation":270,"texture":"#0"}
			}
		},
		{
			"from":[9,0,7],
			"to":[11,1,9],
			"rotation":{"angle":-45,"axis":"y","origin":[8,8,8]},
			"faces":{
				"north":{"uv":[5,10,6,11],"texture":"#0"},
				"east":{"uv":[11,5,9,6],"texture":"#0"},
				"south":{"uv":[5,11,7,12],"texture":"#0"},
				"up":{"uv":[5,10,7,12],"texture":"#0"},
				"down":{"uv":[5,12,7,10],"texture":"#0","cullface":"down"}
			}
		},
		{
			"from":[6,2,8],
			"to":[7,5,9],
			"rotation":{"angle":-45,"axis":"y","origin":[8,8,8]},
			"faces":{
				"north":{"uv":[6,11,7,14],"texture":"#0"},
				"east":{"uv":[6,11,7,14],"texture":"#0"},
				"south":{"uv":[6,11,7,14],"texture":"#0"},
				"west":{"uv":[6,11,7,14],"texture":"#0"},
				"up":{"uv":[6,11,7,12],"rotation":90,"texture":"#0"},
				"down":{"uv":[6,13,7,14],"rotation":270,"texture":"#0"}
			}
		},
		{
			"from":[4,3,8],
			"to":[6,4,9],
			"rotation":{"angle":-45,"axis":"y","origin":[8,8,8]},
			"faces":{
				"north":{"uv":[6,13,4,14],"texture":"#0"},
				"south":{"uv":[4,12,6,13],"texture":"#0"},
				"west":{"uv":[4,12,5,13],"texture":"#0"},
				"down":{"uv":[4,12,6,13],"texture":"#0"}
			}
		},
		{
			"from":[3,4,8],
			"to":[6,5,9],
			"rotation":{"angle":-45,"axis":"y","origin":[8,8,8]},
			"faces":{
				"north":{"uv":[6,11,3,12],"texture":"#0"},
				"south":{"uv":[3,11,6,12],"texture":"#0"},
				"west":{"uv":[3,11,4,12],"texture":"#0"},
				"up":{"uv":[3,11,6,12],"texture":"#0"},
				"down":{"uv":[3,11,6,12],"texture":"#0"}
			}
		},
		{
			"from":[5,5,9],
			"to":[6,8,10],
			"rotation":{"angle":-45,"axis":"y","origin":[8,8,8]},
			"faces":{
				"north":{"uv":[5,8,6,11],"texture":"#0"},
				"east":{"uv":[5,8,6,11],"texture":"#0"},
				"south":{"uv":[5,8,6,11],"texture":"#0"},
				"west":{"uv":[5,8,6,11],"texture":"#0"},
				"up":{"uv":[5,8,6,9],"texture":"#0"},
				"down":{"uv":[5,10,6,11],"texture":"#0"}
			}
		},
		{
			"from":[5,6,10],
			"to":[6,8,11],
			"rotation":{"angle":-45,"axis":"y","origin":[8,8,8]},
			"faces":{
				"east":{"uv":[4,8,5,10],"texture":"#0"},
				"south":{"uv":[4,8,5,10],"texture":"#0"},
				"west":{"uv":[4,8,5,10],"texture":"#0"},
				"up":{"uv":[4,8,5,9],"texture":"#0"},
				"down":{"uv":[4,9,5,10],"texture":"#0"}
			}
		},
		{
			"from":[5,7,11],
			"to":[6,8,13],
			"rotation":{"angle":-45,"axis":"y","origin":[8,8,8]},
			"faces":{
				"east":{"uv":[4,5,5,6],"texture":"#0"},
				"south":{"uv":[4,5,5,6],"texture":"#0"},
				"west":{"uv":[4,5,5,6],"texture":"#0"},
				"up":{"uv":[4,5,5,6],"texture":"#0"},
				"down":{"uv":[4,5,5,6],"texture":"#0"}
			}
		},
		{
			"from":[4,9,8],
			"to":[5,10,9],
			"rotation":{"angle":-45,"axis":"y","origin":[8,8,8]},
			"faces":{
				"north":{"uv":[8,1,9,2],"texture":"#0"},
				"east":{"uv":[8,1,9,2],"texture":"#0"},
				"west":{"uv":[8,1,9,2],"texture":"#0"},
				"up":{"uv":[8,1,9,2],"rotation":90,"texture":"#0"},
				"down":{"uv":[8,1,9,2],"rotation":270,"texture":"#0"}
			}
		},
		{
			"from":[6,6,9],
			"to":[7,7,10],
			"rotation":{"angle":-45,"axis":"y","origin":[8,8,8]},
			"faces":{
				"north":{"uv":[8,1,9,2],"texture":"#0"},
				"east":{"uv":[8,1,9,2],"texture":"#0"},
				"south":{"uv":[8,1,9,2],"texture":"#0"},
				"up":{"uv":[8,1,9,2],"texture":"#0"},
				"down":{"uv":[8,1,9,2],"texture":"#0"}
			}
		},
		{
			"from":[4,8,9],
			"to":[5,14,10],
			"rotation":{"angle":-45,"axis":"y","origin":[8,8,8]},
			"faces":{
				"north":{"uv":[4,2,5,8],"texture":"#0"},
				"east":{"uv":[4,2,5,8],"texture":"#0"},
				"south":{"uv":[4,2,5,8],"texture":"#0"},
				"west":{"uv":[4,2,5,8],"texture":"#0"},
				"up":{"uv":[4,2,5,3],"texture":"#0"},
				"down":{"uv":[4,7,5,8],"texture":"#0"}
			}
		},
		{
			"from":[5,13,8],
			"to":[6,15,9],
			"rotation":{"angle":-45,"axis":"y","origin":[8,8,8]},
			"faces":{
				"north":{"uv":[5,1,6,3],"texture":"#0"},
				"east":{"uv":[5,1,6,3],"texture":"#0"},
				"south":{"uv":[5,1,6,3],"texture":"#0"},
				"west":{"uv":[5,1,6,3],"texture":"#0"},
				"up":{"uv":[5,1,6,2],"texture":"#0"},
				"down":{"uv":[5,2,6,3],"texture":"#0"}
			}
		},
		{
			"from":[1,7,8],
			"to":[4,9,10],
			"rotation":{"angle":-45,"axis":"y","origin":[8,8,8]},
			"faces":{
				"north":{"uv":[1,7,2,9],"texture":"#0"},
				"east":{"uv":[3,7,1,9],"texture":"#0"},
				"south":{"uv":[2,7,3,9],"texture":"#0"},
				"west":{"uv":[1,7,3,9],"texture":"#0"},
				"up":{"uv":[1,7,3,8],"rotation":90,"texture":"#0"},
				"down":{"uv":[1,8,3,9],"rotation":270,"texture":"#0"}
			}
		},
		{
			"from":[2,7,7],
			"to":[3,9,11],
			"rotation":{"angle":-45,"axis":"y","origin":[8,8,8]},
			"faces":{
				"north":{"uv":[0,7,1,9],"texture":"#0"},
				"east":{"uv":[4,7,0,9],"texture":"#0"},
				"south":{"uv":[3,7,4,9],"texture":"#0"},
				"west":{"uv":[0,7,4,9],"texture":"#0"},
				"up":{"uv":[0,7,4,8],"rotation":90,"texture":"#0"},
				"down":{"uv":[0,8,4,9],"rotation":270,"texture":"#0"}
			}
		},
		{
			"from":[2,6,8],
			"to":[3,10,10],
			"rotation":{"angle":-45,"axis":"y","origin":[8,8,8]},
			"faces":{
				"north":{"uv":[1,6,2,10],"texture":"#0"},
				"east":{"uv":[3,6,1,10],"texture":"#0"},
				"south":{"uv":[2,6,3,10],"texture":"#0"},
				"west":{"uv":[1,6,3,10],"texture":"#0"},
				"up":{"uv":[1,6,3,7],"rotation":90,"texture":"#0"},
				"down":{"uv":[1,9,3,10],"rotation":270,"texture":"#0"}
			}
		},
		{
			"from":[5,10,9],
			"to":[7,11,10],
			"rotation":{"angle":-45,"axis":"y","origin":[8,8,8]},
			"faces":{
				"north":{"uv":[7,5,5,6],"texture":"#0"},
				"east":{"uv":[6,5,7,6],"texture":"#0"},
				"south":{"uv":[5,5,7,6],"texture":"#0"},
				"up":{"uv":[5,5,7,6],"texture":"#0"},
				"down":{"uv":[5,5,7,6],"texture":"#0"}
			}
		},
		{
			"from":[5,9,9],
			"to":[6,10,10],
			"rotation":{"angle":-45,"axis":"y","origin":[8,8,8]},
			"faces":{
				"north":{"uv":[5,6,6,7],"texture":"#0"},
				"east":{"uv":[5,6,6,7],"texture":"#0"},
				"south":{"uv":[5,6,6,7],"texture":"#0"},
				"down":{"uv":[5,6,6,7],"texture":"#0"}
			}
		},
		{
			"from":[3,10,9],
			"to":[4,12,10],
			"rotation":{"angle":-45,"axis":"y","origin":[8,8,8]},
			"faces":{
				"north":{"uv":[3,4,4,6],"texture":"#0"},
				"south":{"uv":[3,4,4,6],"texture":"#0"},
				"west":{"uv":[3,4,4,6],"texture":"#0"},
				"down":{"uv":[3,5,4,6],"texture":"#0"}
			}
		},
		{
			"from":[2,12,9],
			"to":[4,13,10],
			"rotation":{"angle":-45,"axis":"y","origin":[8,8,8]},
			"faces":{
				"north":{"uv":[4,3,2,4],"texture":"#0"},
				"south":{"uv":[2,3,4,4],"texture":"#0"},
				"west":{"uv":[2,3,3,4],"texture":"#0"},
				"up":{"uv":[2,3,4,4],"texture":"#0"},
				"down":{"uv":[2,3,4,4],"texture":"#0"}
			}
		},
		{
			"from":[4,15,8],
			"to":[5,16,9],
			"rotation":{"angle":-45,"axis":"y","origin":[8,8,8]},
			"faces":{
				"north":{"uv":[4,0,5,1],"texture":"#0"},
				"east":{"uv":[4,0,5,1],"texture":"#0"},
				"south":{"uv":[4,0,5,1],"texture":"#0"},
				"west":{"uv":[4,0,5,1],"texture":"#0"},
				"up":{"uv":[4,0,5,1],"texture":"#0"},
				"down":{"uv":[4,0,5,1],"texture":"#0"}
			}
		},
		{
			"from":[8,3,8],
			"to":[9,6,9],
			"rotation":{"angle":-45,"axis":"y","origin":[8,8,8]},
			"faces":{
				"north":{"uv":[8,1,9,4],"texture":"#0"},
				"east":{"uv":[8,1,9,4],"texture":"#0"},
				"south":{"uv":[8,1,9,4],"texture":"#0"},
				"west":{"uv":[8,1,9,4],"texture":"#0"},
				"up":{"uv":[8,1,9,2],"texture":"#0"}
			}
		},
		{
			"from":[8,4,9],
			"to":[9,7,10],
			"rotation":{"angle":-45,"axis":"y","origin":[8,8,8]},
			"faces":{
				"north":{"uv":[4,8,5,11],"texture":"#0"},
				"east":{"uv":[4,8,5,11],"texture":"#0"},
				"south":{"uv":[4,8,5,11],"texture":"#0"},
				"west":{"uv":[4,8,5,11],"texture":"#0"},
				"up":{"uv":[4,8,5,9],"texture":"#0"},
				"down":{"uv":[4,10,5,11],"texture":"#0"}
			}
		},
		{
			"from":[9,2,8],
			"to":[10,4,9],
			"rotation":{"angle":-45,"axis":"y","origin":[8,8,8]},
			"faces":{
				"north":{"uv":[9,12,10,14],"texture":"#0"},
				"east":{"uv":[9,12,10,14],"texture":"#0"},
				"south":{"uv":[9,12,10,14],"texture":"#0"},
				"up":{"uv":[9,12,10,13],"texture":"#0"},
				"down":{"uv":[9,13,10,14],"texture":"#0"}
			}
		},
		{
			"from":[9,7,10],
			"to":[11,9,11],
			"rotation":{"angle":-45,"axis":"y","origin":[8,8,8]},
			"faces":{
				"north":{"uv":[11,12,9,14],"texture":"#0"},
				"east":{"uv":[10,12,11,14],"texture":"#0"},
				"south":{"uv":[9,12,11,14],"texture":"#0"},
				"west":{"uv":[9,12,10,14],"texture":"#0"},
				"up":{"uv":[9,12,11,13],"texture":"#0"},
				"down":{"uv":[9,13,11,14],"texture":"#0"}
			}
		},
		{
			"from":[11,8,10],
			"to":[13,9,11],
			"rotation":{"angle":-45,"axis":"y","origin":[8,8,8]},
			"faces":{
				"north":{"uv":[10,4,8,5],"texture":"#0"},
				"east":{"uv":[9,4,10,5],"texture":"#0"},
				"south":{"uv":[8,4,10,5],"texture":"#0"},
				"up":{"uv":[8,4,10,5],"texture":"#0"},
				"down":{"uv":[8,4,10,5],"texture":"#0"}
			}
		},
		{
			"from":[8,9,11],
			"to":[9,15,12],
			"rotation":{"angle":-45,"axis":"y","origin":[8,8,8]},
			"faces":{
				"north":{"uv":[9,1,10,7],"texture":"#0"},
				"east":{"uv":[9,1,10,7],"texture":"#0"},
				"south":{"uv":[9,1,10,7],"texture":"#0"},
				"west":{"uv":[9,1,10,7],"texture":"#0"},
				"up":{"uv":[9,1,10,2],"texture":"#0"}
			}
		},
		{
			"from":[8,6,11],
			"to":[10,9,14],
			"rotation":{"angle":-45,"axis":"y","origin":[8,8,8]},
			"faces":{
				"north":{"uv":[9,7,7,10],"texture":"#0"},
				"east":{"uv":[8,7,9,10],"texture":"#0"},
				"south":{"uv":[7,7,9,10],"texture":"#0"},
				"west":{"uv":[7,7,8,10],"texture":"#0"},
				"up":{"uv":[7,7,9,8],"texture":"#0"},
				"down":{"uv":[7,9,9,10],"texture":"#0"}
			}
		},
		{
			"from":[7,6,12],
			"to":[11,9,13],
			"rotation":{"angle":-45,"axis":"y","origin":[8,8,8]},
			"faces":{
				"north":{"uv":[10,7,6,10],"texture":"#0"},
				"east":{"uv":[9,7,10,10],"texture":"#0"},
				"south":{"uv":[6,7,10,10],"texture":"#0"},
				"west":{"uv":[6,7,7,10],"texture":"#0"},
				"up":{"uv":[6,7,10,8],"texture":"#0"},
				"down":{"uv":[6,9,10,10],"texture":"#0"}
			}
		},
		{
			"from":[8,5,12],
			"to":[10,10,13],
			"rotation":{"angle":-45,"axis":"y","origin":[8,8,8]},
			"faces":{
				"north":{"uv":[9,6,7,11],"texture":"#0"},
				"east":{"uv":[8,6,9,11],"texture":"#0"},
				"south":{"uv":[7,6,9,11],"texture":"#0"},
				"west":{"uv":[7,6,8,11],"texture":"#0"},
				"up":{"uv":[7,6,9,7],"texture":"#0"},
				"down":{"uv":[7,10,9,11],"texture":"#0"}
			}
		},
		{
			"from":[8,11,12],
			"to":[9,12,13],
			"rotation":{"angle":-45,"axis":"y","origin":[8,8,8]},
			"faces":{
				"east":{"uv":[8,1,9,2],"texture":"#0"},
				"south":{"uv":[8,1,9,2],"texture":"#0"},
				"west":{"uv":[8,1,9,2],"texture":"#0"},
				"up":{"uv":[8,1,9,2],"rotation":90,"texture":"#0"},
				"down":{"uv":[8,1,9,2],"rotation":270,"texture":"#0"}
			}
		},
		{
			"from":[9,11,11],
			"to":[10,14,12],
			"rotation":{"angle":-45,"axis":"y","origin":[8,8,8]},
			"faces":{
				"north":{"uv":[6,4,7,7],"texture":"#0"},
				"east":{"uv":[6,4,7,7],"texture":"#0"},
				"south":{"uv":[6,4,7,7],"texture":"#0"},
				"up":{"uv":[6,4,7,5],"texture":"#0"},
				"down":{"uv":[6,6,7,7],"texture":"#0"}
			}
		},
		{
			"from":[10,12,11],
			"to":[11,13,12],
			"rotation":{"angle":-45,"axis":"y","origin":[8,8,8]},
			"faces":{
				"north":{"uv":[7,5,8,6],"texture":"#0"},
				"east":{"uv":[7,5,8,6],"texture":"#0"},
				"south":{"uv":[7,5,8,6],"texture":"#0"},
				"up":{"uv":[7,5,8,6],"texture":"#0"},
				"down":{"uv":[7,5,8,6],"texture":"#0"}
			}
		},
		{
			"from":[7,15,10],
			"to":[8,16,11],
			"rotation":{"angle":-45,"axis":"y","origin":[8,8,8]},
			"faces":{
				"north":{"uv":[8,0,9,1],"texture":"#0"},
				"east":{"uv":[8,0,9,1],"texture":"#0"},
				"south":{"uv":[8,0,9,1],"texture":"#0"},
				"west":{"uv":[8,0,9,1],"texture":"#0"},
				"up":{"uv":[8,0,9,1],"texture":"#0"},
				"down":{"uv":[8,0,9,1],"texture":"#0"}
			}
		},
		{
			"from":[8,7,8],
			"to":[9,10,9],
			"rotation":{"angle":-45,"axis":"y","origin":[8,8,8]},
			"faces":{
				"north":{"uv":[5,7,6,10],"texture":"#0"},
				"east":{"uv":[5,7,6,10],"texture":"#0"},
				"south":{"uv":[5,7,6,10],"texture":"#0"},
				"west":{"uv":[5,7,6,10],"texture":"#0"},
				"up":{"uv":[5,7,6,8],"texture":"#0"},
				"down":{"uv":[5,9,6,10],"texture":"#0"}
			}
		},
		{
			"from":[8,9,7],
			"to":[9,11,8],
			"rotation":{"angle":-45,"axis":"y","origin":[8,8,8]},
			"faces":{
				"north":{"uv":[9,5,10,7],"texture":"#0"},
				"east":{"uv":[9,5,10,7],"texture":"#0"},
				"south":{"uv":[9,5,10,7],"texture":"#0"},
				"west":{"uv":[9,5,10,7],"texture":"#0"},
				"up":{"uv":[9,5,10,6],"texture":"#0"},
				"down":{"uv":[9,6,10,7],"texture":"#0"}
			}
		},
		{
			"from":[8,3,7],
			"to":[9,4,8],
			"rotation":{"angle":-45,"axis":"y","origin":[8,8,8]},
			"faces":{
				"north":{"uv":[9,5,10,6],"texture":"#0"},
				"east":{"uv":[9,5,10,6],"texture":"#0"},
				"up":{"uv":[9,5,10,6],"texture":"#0"}
			}
		},
		{
			"from":[9,4,6],
			"to":[10,6,7],
			"rotation":{"angle":-45,"axis":"y","origin":[8,8,8]},
			"faces":{
				"north":{"uv":[10,10,11,12],"texture":"#0"},
				"east":{"uv":[10,10,11,12],"texture":"#0"},
				"south":{"uv":[10,10,11,12],"texture":"#0"},
				"west":{"uv":[10,10,11,12],"texture":"#0"},
				"up":{"uv":[10,10,11,11],"texture":"#0"},
				"down":{"uv":[10,11,11,12],"texture":"#0"}
			}
		},
		{
			"from":[10,6,6],
			"to":[11,11,7],
			"rotation":{"angle":-45,"axis":"y","origin":[8,8,8]},
			"faces":{
				"north":{"uv":[4,5,5,10],"texture":"#0"},
				"east":{"uv":[4,5,5,10],"texture":"#0"},
				"south":{"uv":[4,5,5,10],"texture":"#0"},
				"west":{"uv":[4,5,5,10],"texture":"#0"},
				"up":{"uv":[4,5,5,6],"texture":"#0"},
				"down":{"uv":[4,9,5,10],"texture":"#0"}
			}
		},
		{
			"from":[10,4,6],
			"to":[11,5,7],
			"rotation":{"angle":-45,"axis":"y","origin":[8,8,8]},
			"faces":{
				"north":{"uv":[8,1,9,2],"texture":"#0"},
				"east":{"uv":[8,1,9,2],"texture":"#0"},
				"south":{"uv":[8,1,9,2],"texture":"#0"},
				"up":{"uv":[8,1,9,2],"texture":"#0"},
				"down":{"uv":[8,1,9,2],"texture":"#0"}
			}
		},
		{
			"from":[10,8,7],
			"to":[11,9,8],
			"rotation":{"angle":-45,"axis":"y","origin":[8,8,8]},
			"faces":{
				"south":{"uv":[8,1,9,2],"texture":"#0"},
				"west":{"uv":[8,1,9,2],"texture":"#0"},
				"up":{"uv":[8,1,9,2],"texture":"#0"},
				"down":{"uv":[8,1,9,2],"texture":"#0"}
			}
		},
		{
			"from":[11,8,6],
			"to":[14,10,8],
			"rotation":{"angle":-45,"axis":"y","origin":[8,8,8]},
			"faces":{
				"north":{"uv":[14,7,15,9],"texture":"#0"},
				"east":{"uv":[13,7,15,9],"texture":"#0"},
				"south":{"uv":[13,7,14,9],"texture":"#0"},
				"west":{"uv":[15,7,13,9],"texture":"#0"},
				"up":{"uv":[13,7,15,8],"rotation":270,"texture":"#0"},
				"down":{"uv":[13,8,15,9],"rotation":90,"texture":"#0"}
			}
		},
		{
			"from":[12,8,5],
			"to":[13,10,9],
			"rotation":{"angle":-45,"axis":"y","origin":[8,8,8]},
			"faces":{
				"north":{"uv":[15,7,16,9],"texture":"#0"},
				"east":{"uv":[12,7,16,9],"texture":"#0"},
				"south":{"uv":[12,7,13,9],"texture":"#0"},
				"west":{"uv":[16,7,12,9],"texture":"#0"},
				"up":{"uv":[12,7,16,8],"rotation":270,"texture":"#0"},
				"down":{"uv":[12,8,16,9],"rotation":90,"texture":"#0"}
			}
		},
		{
			"from":[12,7,6],
			"to":[13,11,8],
			"rotation":{"angle":-45,"axis":"y","origin":[8,8,8]},
			"faces":{
				"north":{"uv":[14,6,15,10],"texture":"#0"},
				"east":{"uv":[13,6,15,10],"texture":"#0"},
				"south":{"uv":[13,6,14,10],"texture":"#0"},
				"west":{"uv":[15,6,13,10],"texture":"#0"},
				"up":{"uv":[13,6,15,7],"rotation":270,"texture":"#0"},
				"down":{"uv":[13,9,15,10],"rotation":90,"texture":"#0"}
			}
		},
		{
			"from":[11,11,8],
			"to":[12,12,9],
			"rotation":{"angle":-45,"axis":"y","origin":[8,8,8]},
			"faces":{
				"east":{"uv":[7,4,8,5],"texture":"#0"},
				"south":{"uv":[7,4,8,5],"texture":"#0"},
				"west":{"uv":[7,4,8,5],"texture":"#0"},
				"down":{"uv":[7,4,8,5],"texture":"#0"}
			}
		},
		{
			"from":[10,8,4],
			"to":[11,9,6],
			"rotation":{"angle":-45,"axis":"y","origin":[8,8,8]},
			"faces":{
				"north":{"uv":[11,7,12,8],"texture":"#0"},
				"east":{"uv":[10,7,12,8],"texture":"#0"},
				"west":{"uv":[12,7,10,8],"texture":"#0"},
				"down":{"uv":[10,7,12,8],"rotation":90,"texture":"#0"}
			}
		},
		{
			"from":[11,12,8],
			"to":[12,13,10],
			"rotation":{"angle":-45,"axis":"y","origin":[8,8,8]},
			"faces":{
				"east":{"uv":[6,3,8,4],"texture":"#0"},
				"south":{"uv":[6,3,7,4],"texture":"#0"},
				"west":{"uv":[8,3,6,4],"texture":"#0"},
				"up":{"uv":[6,3,8,4],"rotation":270,"texture":"#0"},
				"down":{"uv":[10,6,13,7],"rotation":90,"texture":"#0"}
			}
		},
		{
			"from":[10,9,3],
			"to":[11,10,6],
			"rotation":{"angle":-45,"axis":"y","origin":[8,8,8]},
			"faces":{
				"north":{"uv":[12,6,13,7],"texture":"#0"},
				"east":{"uv":[10,6,13,7],"texture":"#0"},
				"west":{"uv":[13,6,10,7],"texture":"#0"},
				"up":{"uv":[10,6,13,7],"rotation":270,"texture":"#0"},
				"down":{"uv":[10,6,13,7],"rotation":90,"texture":"#0"}
			}
		},
		{
			"from":[11,11,7],
			"to":[12,14,8],
			"rotation":{"angle":-45,"axis":"y","origin":[8,8,8]},
			"faces":{
				"north":{"uv":[8,2,9,5],"texture":"#0"},
				"east":{"uv":[8,2,9,5],"texture":"#0"},
				"south":{"uv":[8,2,9,5],"texture":"#0"},
				"west":{"uv":[8,2,9,5],"texture":"#0"},
				"up":{"uv":[8,2,9,3],"texture":"#0"},
				"down":{"uv":[8,4,9,5],"texture":"#0"}
			}
		},
		{
			"from":[10,13,6],
			"to":[11,16,7],
			"rotation":{"angle":-45,"axis":"y","origin":[8,8,8]},
			"faces":{
				"north":{"uv":[7,0,8,3],"texture":"#0"},
				"east":{"uv":[7,0,8,3],"texture":"#0"},
				"south":{"uv":[7,0,8,3],"texture":"#0"},
				"west":{"uv":[7,0,8,3],"texture":"#0"},
				"up":{"uv":[7,0,8,1],"texture":"#0"},
				"down":{"uv":[7,2,8,3],"texture":"#0"}
			}
		},
		{
			"from":[7,3,7],
			"to":[8,8,8],
			"rotation":{"angle":-45,"axis":"y","origin":[8,8,8]},
			"faces":{
				"north":{"uv":[5,8,6,13],"texture":"#0"},
				"east":{"uv":[5,8,6,13],"texture":"#0"},
				"south":{"uv":[5,8,6,13],"texture":"#0"},
				"west":{"uv":[5,8,6,13],"texture":"#0"},
				"up":{"uv":[5,8,6,9],"texture":"#0"}
			}
		},
		{
			"from":[7,3,6],
			"to":[8,6,7],
			"rotation":{"angle":-45,"axis":"y","origin":[8,8,8]},
			"faces":{
				"north":{"uv":[10,10,11,13],"texture":"#0"},
				"east":{"uv":[10,10,11,13],"texture":"#0"},
				"west":{"uv":[10,10,11,13],"texture":"#0"},
				"up":{"uv":[10,10,11,11],"texture":"#0"},
				"down":{"uv":[10,12,11,13],"texture":"#0"}
			}
		},
		{
			"from":[6,5,5],
			"to":[7,8,6],
			"rotation":{"angle":-45,"axis":"y","origin":[8,8,8]},
			"faces":{
				"north":{"uv":[9,10,10,13],"texture":"#0"},
				"east":{"uv":[9,10,10,13],"texture":"#0"},
				"south":{"uv":[9,10,10,13],"texture":"#0"},
				"west":{"uv":[9,10,10,13],"texture":"#0"},
				"up":{"uv":[9,10,10,11],"texture":"#0"},
				"down":{"uv":[9,12,10,13],"texture":"#0"}
			}
		},
		{
			"from":[5,8,5],
			"to":[6,11,6],
			"rotation":{"angle":-45,"axis":"y","origin":[8,8,8]},
			"faces":{
				"north":{"uv":[10,4,11,7],"texture":"#0"},
				"east":{"uv":[10,4,11,7],"texture":"#0"},
				"south":{"uv":[10,4,11,7],"texture":"#0"},
				"west":{"uv":[10,4,11,7],"texture":"#0"},
				"up":{"uv":[10,4,11,5],"texture":"#0"},
				"down":{"uv":[10,6,11,7],"texture":"#0"}
			}
		},
		{
			"from":[6,10,4],
			"to":[7,12,5],
			"rotation":{"angle":-45,"axis":"y","origin":[8,8,8]},
			"faces":{
				"north":{"uv":[8,2,9,4],"texture":"#0"},
				"east":{"uv":[8,2,9,4],"texture":"#0"},
				"south":{"uv":[8,2,9,4],"texture":"#0"},
				"west":{"uv":[8,2,9,4],"texture":"#0"},
				"down":{"uv":[8,3,9,4],"texture":"#0"}
			}
		},
		{
			"from":[7,11,5],
			"to":[8,16,6],
			"rotation":{"angle":-45,"axis":"y","origin":[8,8,8]},
			"faces":{
				"north":{"uv":[7,0,8,5],"texture":"#0"},
				"east":{"uv":[7,0,8,5],"texture":"#0"},
				"south":{"uv":[7,0,8,5],"texture":"#0"},
				"west":{"uv":[7,0,8,5],"texture":"#0"},
				"up":{"uv":[7,0,8,1],"texture":"#0"},
				"down":{"uv":[7,4,8,5],"texture":"#0"}
			}
		},
		{
			"from":[7,5,3],
			"to":[9,7,6],
			"rotation":{"angle":-45,"axis":"y","origin":[8,8,8]},
			"faces":{
				"north":{"uv":[1,7,3,9],"texture":"#0"},
				"east":{"uv":[1,7,2,9],"texture":"#0"},
				"south":{"uv":[3,7,1,9],"texture":"#0"},
				"west":{"uv":[2,7,3,9],"texture":"#0"},
				"up":{"uv":[3,7,1,8],"texture":"#0"},
				"down":{"uv":[3,8,1,9],"texture":"#0"}
			}
		},
		{
			"from":[7,4,4],
			"to":[9,8,5],
			"rotation":{"angle":-45,"axis":"y","origin":[8,8,8]},
			"faces":{
				"north":{"uv":[1,6,3,10],"texture":"#0"},
				"east":{"uv":[1,6,2,10],"texture":"#0"},
				"south":{"uv":[3,6,1,10],"texture":"#0"},
				"west":{"uv":[2,6,3,10],"texture":"#0"},
				"up":{"uv":[1,6,3,7],"rotation":180,"texture":"#0"},
				"down":{"uv":[1,9,3,10],"rotation":180,"texture":"#0"}
			}
		},
		{
			"from":[6,5,4],
			"to":[10,7,5],
			"rotation":{"angle":-45,"axis":"y","origin":[8,8,8]},
			"faces":{
				"north":{"uv":[0,7,4,9],"texture":"#0"},
				"east":{"uv":[0,7,1,9],"texture":"#0"},
				"south":{"uv":[4,7,0,9],"texture":"#0"},
				"west":{"uv":[3,7,4,9],"texture":"#0"},
				"up":{"uv":[4,7,0,8],"texture":"#0"},
				"down":{"uv":[4,8,0,9],"texture":"#0"}
			}
		},
		{
			"from":[6,12,2],
			"to":[9,14,5],
			"rotation":{"angle":-45,"axis":"y","origin":[8,8,8]},
			"faces":{
				"north":{"uv":[11,2,14,4],"texture":"#0"},
				"east":{"uv":[11,2,12,4],"texture":"#0"},
				"south":{"uv":[14,2,11,4],"texture":"#0"},
				"west":{"uv":[13,2,14,4],"texture":"#0"},
				"up":{"uv":[14,2,11,3],"texture":"#0"},
				"down":{"uv":[14,3,11,4],"texture":"#0"}
			}
		},
		{
			"from":[5,12,3],
			"to":[10,14,4],
			"rotation":{"angle":-45,"axis":"y","origin":[8,8,8]},
			"faces":{
				"north":{"uv":[10,2,15,4],"texture":"#0"},
				"east":{"uv":[10,2,11,4],"texture":"#0"},
				"south":{"uv":[15,2,10,4],"texture":"#0"},
				"west":{"uv":[14,2,15,4],"texture":"#0"},
				"up":{"uv":[15,2,10,3],"texture":"#0"},
				"down":{"uv":[15,3,10,4],"texture":"#0"}
			}
		},
		{
			"from":[6,11,3],
			"to":[9,15,4],
			"rotation":{"angle":-45,"axis":"y","origin":[8,8,8]},
			"faces":{
				"north":{"uv":[11,1,14,5],"texture":"#0"},
				"east":{"uv":[11,1,12,5],"texture":"#0"},
				"south":{"uv":[14,1,11,5],"texture":"#0"},
				"west":{"uv":[13,1,14,5],"texture":"#0"},
				"up":{"uv":[14,1,11,2],"texture":"#0"},
				"down":{"uv":[14,4,11,5],"texture":"#0"}
			}
		},
		{
			"from":[4,9,5],
			"to":[5,10,6],
			"rotation":{"angle":-45,"axis":"y","origin":[8,8,8]},
			"faces":{
				"north":{"uv":[8,1,9,2],"texture":"#0"},
				"south":{"uv":[8,1,9,2],"texture":"#0"},
				"west":{"uv":[8,1,9,2],"texture":"#0"},
				"up":{"uv":[8,1,9,2],"texture":"#0"},
				"down":{"uv":[8,1,9,2],"texture":"#0"}
			}
		},
		{
			"from":[8,12,5],
			"to":[10,13,6],
			"rotation":{"angle":-45,"axis":"y","origin":[8,8,8]},
			"faces":{
				"north":{"uv":[6,3,8,4],"texture":"#0"},
				"east":{"uv":[6,3,7,4],"texture":"#0"},
				"south":{"uv":[8,3,6,4],"texture":"#0"},
				"up":{"uv":[8,3,6,4],"texture":"#0"},
				"down":{"uv":[8,3,6,4],"texture":"#0"}
			}
		},
		{
			"from":[6,8,7],
			"to":[7,12,8],
			"rotation":{"angle":-45,"axis":"y","origin":[8,8,8]},
			"faces":{
				"north":{"uv":[4,3,5,7],"texture":"#0"},
				"east":{"uv":[4,3,5,7],"texture":"#0"},
				"south":{"uv":[4,3,5,7],"texture":"#0"},
				"west":{"uv":[4,3,5,7],"texture":"#0"},
				"up":{"uv":[4,3,5,4],"texture":"#0"},
				"down":{"uv":[4,6,5,7],"texture":"#0"}
			}
		},
		{
			"from":[7,12,8],
			"to":[8,16,9],
			"rotation":{"angle":-45,"axis":"y","origin":[8,8,8]},
			"faces":{
				"north":{"uv":[4,3,5,7],"texture":"#0"},
				"east":{"uv":[4,3,5,7],"texture":"#0"},
				"south":{"uv":[4,3,5,7],"texture":"#0"},
				"west":{"uv":[4,3,5,7],"texture":"#0"},
				"up":{"uv":[4,3,5,4],"texture":"#0"},
				"down":{"uv":[4,6,5,7],"texture":"#0"}
			}
		},
		{
			"from":[7,13,7],
			"to":[8,14,8],
			"rotation":{"angle":-45,"axis":"y","origin":[8,8,8]},
			"faces":{
				"north":{"uv":[8,1,9,2],"texture":"#0"},
				"east":{"uv":[8,1,9,2],"texture":"#0"},
				"west":{"uv":[8,1,9,2],"texture":"#0"},
				"up":{"uv":[8,1,9,2],"texture":"#0"},
				"down":{"uv":[8,1,9,2],"texture":"#0"}
			}
		}
	]
}