{
	"__comment":"Designed by GeForceLegend",
	"ambientocclusion":false,
	"textures":{
		"0":"block/rose_bush_top",
		"particle":"block/rose_bush_top"
	},
	"elements":[
		{
			"from":[4,0,8],
			"to":[5,1,9],
			"rotation":{"angle":-45,"axis":"y","origin":[8,8,8]},
			"faces":{
				"north":{"uv":[5,11,6,12],"texture":"#0"},
				"east":{"uv":[5,11,6,12],"texture":"#0"},
				"south":{"uv":[5,11,6,12],"texture":"#0"},
				"west":{"uv":[5,11,6,12],"texture":"#0"},
				"up":{"uv":[5,11,6,12],"texture":"#0"}
			}
		},
		{
			"from":[6,0,8],
			"to":[7,3,9],
			"rotation":{"angle":-45,"axis":"y","origin":[8,8,8]},
			"faces":{
				"north":{"uv":[8,11,9,14],"texture":"#0"},
				"east":{"uv":[8,11,9,14],"texture":"#0"},
				"south":{"uv":[8,11,9,14],"texture":"#0"},
				"west":{"uv":[8,11,9,14],"texture":"#0"},
				"up":{"uv":[8,11,9,12],"texture":"#0"},
				"down":{"uv":[8,13,9,14],"texture":"#0"}
			}
		},
		{
			"from":[7,0,10],
			"to":[8,2,11],
			"rotation":{"angle":-45,"axis":"y","origin":[8,8,8]},
			"faces":{
				"north":{"uv":[6,14,7,16],"texture":"#0"},
				"east":{"uv":[6,14,7,16],"texture":"#0"},
				"south":{"uv":[6,14,7,16],"texture":"#0"},
				"west":{"uv":[6,14,7,16],"texture":"#0"},
				"up":{"uv":[6,14,7,15],"texture":"#0"}
			}
		},
		{
			"from":[6,1,11],
			"to":[8,2,14],
			"rotation":{"angle":-45,"axis":"y","origin":[8,8,8]},
			"faces":{
				"east":{"uv":[3,14,4,15],"texture":"#0"},
				"south":{"uv":[2,14,4,15],"texture":"#0"},
				"west":{"uv":[2,14,3,15],"texture":"#0"},
				"up":{"uv":[2,14,4,15],"texture":"#0"},
				"down":{"uv":[2,14,4,15],"texture":"#0"}
			}
		},
		{
			"from":[5,1,12],
			"to":[9,2,13],
			"rotation":{"angle":-45,"axis":"y","origin":[8,8,8]},
			"faces":{
				"north":{"uv":[5,14,1,15],"texture":"#0"},
				"east":{"uv":[4,14,5,15],"texture":"#0"},
				"south":{"uv":[1,14,5,15],"texture":"#0"},
				"west":{"uv":[1,14,2,15],"texture":"#0"},
				"up":{"uv":[1,14,5,15],"texture":"#0"},
				"down":{"uv":[1,14,5,15],"texture":"#0"}
			}
		},
		{
			"from":[6,0,12],
			"to":[8,3,13],
			"rotation":{"angle":-45,"axis":"y","origin":[8,8,8]},
			"faces":{
				"north":{"uv":[4,13,2,16],"texture":"#0"},
				"east":{"uv":[3,13,4,16],"texture":"#0"},
				"south":{"uv":[2,13,4,16],"texture":"#0"},
				"west":{"uv":[2,13,3,16],"texture":"#0"},
				"up":{"uv":[2,13,4,14],"texture":"#0"},
				"down":{"uv":[2,15,4,16],"texture":"#0"}
			}
		},
		{
			"from":[6,1,10],
			"to":[7,6,11],
			"rotation":{"angle":-45,"axis":"y","origin":[8,8,8]},
			"faces":{
				"north":{"uv":[8,9,9,14],"texture":"#0"},
				"east":{"uv":[8,9,9,14],"texture":"#0"},
				"south":{"uv":[8,9,9,14],"texture":"#0"},
				"west":{"uv":[8,9,9,14],"texture":"#0"},
				"up":{"uv":[8,9,9,10],"texture":"#0"},
				"down":{"uv":[8,13,9,14],"texture":"#0"}
			}
		},
		{
			"from":[7,4,10],
			"to":[8,5,11],
			"rotation":{"angle":-45,"axis":"y","origin":[8,8,8]},
			"faces":{
				"north":{"uv":[8,15,9,16],"texture":"#0"},
				"east":{"uv":[8,15,9,16],"texture":"#0"},
				"south":{"uv":[8,15,9,16],"texture":"#0"},
				"up":{"uv":[8,15,9,16],"texture":"#0"},
				"down":{"uv":[8,15,9,16],"texture":"#0"}
			}
		},
		{
			"from":[6,9,8],
			"to":[7,10,9],
			"rotation":{"angle":-45,"axis":"y","origin":[8,8,8]},
			"faces":{
				"north":{"uv":[8,15,9,16],"texture":"#0"},
				"south":{"uv":[8,15,9,16],"texture":"#0"},
				"west":{"uv":[8,15,9,16],"texture":"#0"},
				"up":{"uv":[8,15,9,16],"texture":"#0"},
				"down":{"uv":[8,15,9,16],"texture":"#0"}
			}
		},
		{
			"from":[7,5,9],
			"to":[8,9,10],
			"rotation":{"angle":-45,"axis":"y","origin":[8,8,8]},
			"faces":{
				"north":{"uv":[7,12,8,16],"texture":"#0"},
				"east":{"uv":[7,12,8,16],"texture":"#0"},
				"south":{"uv":[7,12,8,16],"texture":"#0"},
				"west":{"uv":[7,12,8,16],"texture":"#0"},
				"up":{"uv":[7,12,8,13],"texture":"#0"},
				"down":{"uv":[7,15,8,16],"texture":"#0"}
			}
		},
		{
			"from":[7,9,8],
			"to":[8,12,9],
			"rotation":{"angle":-45,"axis":"y","origin":[8,8,8]},
			"faces":{
				"north":{"uv":[6,4,7,7],"texture":"#0"},
				"east":{"uv":[6,4,7,7],"texture":"#0"},
				"south":{"uv":[6,4,7,7],"texture":"#0"},
				"west":{"uv":[6,4,7,7],"texture":"#0"},
				"down":{"uv":[6,6,7,7],"texture":"#0"}
			}
		},
		{
			"from":[7,12,8],
			"to":[9,14,11],
			"rotation":{"angle":-45,"axis":"y","origin":[8,8,8]},
			"faces":{
				"north":{"uv":[9,2,7,4],"texture":"#0"},
				"east":{"uv":[8,2,9,4],"texture":"#0"},
				"south":{"uv":[7,2,9,4],"texture":"#0"},
				"west":{"uv":[7,2,8,4],"texture":"#0"},
				"up":{"uv":[7,2,9,3],"texture":"#0"},
				"down":{"uv":[7,3,9,4],"texture":"#0"}
			}
		},
		{
			"from":[6,12,9],
			"to":[10,14,10],
			"rotation":{"angle":-45,"axis":"y","origin":[8,8,8]},
			"faces":{
				"north":{"uv":[10,2,6,4],"texture":"#0"},
				"east":{"uv":[9,2,10,4],"texture":"#0"},
				"south":{"uv":[6,2,10,4],"texture":"#0"},
				"west":{"uv":[6,2,7,4],"texture":"#0"},
				"up":{"uv":[6,2,10,3],"texture":"#0"},
				"down":{"uv":[6,3,10,4],"texture":"#0"}
			}
		},
		{
			"from":[7,11,9],
			"to":[9,15,10],
			"rotation":{"angle":-45,"axis":"y","origin":[8,8,8]},
			"faces":{
				"north":{"uv":[9,1,7,5],"texture":"#0"},
				"east":{"uv":[8,1,9,5],"texture":"#0"},
				"south":{"uv":[7,1,9,5],"texture":"#0"},
				"west":{"uv":[7,1,8,5],"texture":"#0"},
				"up":{"uv":[7,1,9,2],"texture":"#0"},
				"down":{"uv":[7,4,9,5],"texture":"#0"}
			}
		},
		{
			"from":[6,5,11],
			"to":[7,6,13],
			"rotation":{"angle":-45,"axis":"y","origin":[8,8,8]},
			"faces":{
				"east":{"uv":[4,10,6,11],"texture":"#0"},
				"south":{"uv":[4,10,5,11],"texture":"#0"},
				"west":{"uv":[6,10,4,11],"texture":"#0"},
				"up":{"uv":[4,10,6,11],"rotation":270,"texture":"#0"},
				"down":{"uv":[4,10,6,11],"rotation":90,"texture":"#0"}
			}
		},
		{
			"from":[6,3,11],
			"to":[7,5,12],
			"rotation":{"angle":-45,"axis":"y","origin":[8,8,8]},
			"faces":{
				"east":{"uv":[7,12,8,14],"texture":"#0"},
				"south":{"uv":[7,12,8,14],"texture":"#0"},
				"west":{"uv":[7,12,8,14],"texture":"#0"},
				"down":{"uv":[7,13,8,14],"rotation":90,"texture":"#0"}
			}
		},
		{
			"from":[7,7,7],
			"to":[8,8,9],
			"rotation":{"angle":-45,"axis":"y","origin":[8,8,8]},
			"faces":{
				"north":{"uv":[9,11,10,12],"texture":"#0"},
				"east":{"uv":[8,11,10,12],"texture":"#0"},
				"west":{"uv":[10,11,8,12],"texture":"#0"},
				"up":{"uv":[8,11,10,12],"rotation":270,"texture":"#0"},
				"down":{"uv":[8,11,10,12],"rotation":90,"texture":"#0"}
			}
		},
		{
			"from":[7,6,8],
			"to":[8,7,9],
			"rotation":{"angle":-45,"axis":"y","origin":[8,8,8]},
			"faces":{
				"north":{"uv":[8,12,9,13],"texture":"#0"},
				"east":{"uv":[8,12,9,13],"texture":"#0"},
				"west":{"uv":[8,12,9,13],"texture":"#0"},
				"down":{"uv":[8,12,9,13],"rotation":90,"texture":"#0"}
			}
		},
		{
			"from":[5,2,7],
			"to":[6,6,8],
			"rotation":{"angle":-45,"axis":"y","origin":[8,8,8]},
			"faces":{
				"north":{"uv":[8,9,9,13],"texture":"#0"},
				"east":{"uv":[8,9,9,13],"texture":"#0"},
				"south":{"uv":[8,9,9,13],"texture":"#0"},
				"west":{"uv":[8,9,9,13],"texture":"#0"},
				"up":{"uv":[8,9,9,10],"texture":"#0"},
				"down":{"uv":[8,12,9,13],"texture":"#0"}
			}
		},
		{
			"from":[5,6,8],
			"to":[6,8,9],
			"rotation":{"angle":-45,"axis":"y","origin":[8,8,8]},
			"faces":{
				"north":{"uv":[3,8,4,10],"texture":"#0"},
				"east":{"uv":[3,8,4,10],"texture":"#0"},
				"south":{"uv":[3,8,4,10],"texture":"#0"},
				"west":{"uv":[3,8,4,10],"texture":"#0"},
				"up":{"uv":[3,8,4,9],"texture":"#0"},
				"down":{"uv":[3,9,4,10],"texture":"#0"}
			}
		},
		{
			"from":[2,7,7],
			"to":[5,8,9],
			"rotation":{"angle":-45,"axis":"y","origin":[8,8,8]},
			"faces":{
				"north":{"uv":[6,8,7,9],"texture":"#0"},
				"east":{"uv":[8,8,6,9],"texture":"#0"},
				"south":{"uv":[7,8,8,9],"texture":"#0"},
				"west":{"uv":[6,8,8,9],"texture":"#0"},
				"up":{"uv":[6,8,8,9],"rotation":90,"texture":"#0"},
				"down":{"uv":[6,8,8,9],"rotation":270,"texture":"#0"}
			}
		},
		{
			"from":[3,6,7],
			"to":[4,9,9],
			"rotation":{"angle":-45,"axis":"y","origin":[8,8,8]},
			"faces":{
				"north":{"uv":[6,7,7,10],"texture":"#0"},
				"east":{"uv":[8,7,6,10],"texture":"#0"},
				"south":{"uv":[7,7,8,10],"texture":"#0"},
				"west":{"uv":[6,7,8,10],"texture":"#0"},
				"up":{"uv":[6,7,8,8],"rotation":90,"texture":"#0"},
				"down":{"uv":[6,9,8,10],"rotation":270,"texture":"#0"}
			}
		},
		{
			"from":[3,7,6],
			"to":[4,8,10],
			"rotation":{"angle":-45,"axis":"y","origin":[8,8,8]},
			"faces":{
				"north":{"uv":[5,8,6,9],"texture":"#0"},
				"east":{"uv":[9,8,5,9],"texture":"#0"},
				"south":{"uv":[8,8,9,9],"texture":"#0"},
				"west":{"uv":[5,8,9,9],"texture":"#0"},
				"up":{"uv":[5,8,9,9],"rotation":90,"texture":"#0"},
				"down":{"uv":[5,8,9,9],"rotation":270,"texture":"#0"}
			}
		},
		{
			"from":[5,4,5],
			"to":[6,5,7],
			"rotation":{"angle":-45,"axis":"y","origin":[8,8,8]},
			"faces":{
				"north":{"uv":[4,10,5,11],"texture":"#0"},
				"east":{"uv":[6,10,4,11],"texture":"#0"},
				"west":{"uv":[4,10,6,11],"texture":"#0"},
				"up":{"uv":[4,10,6,11],"rotation":90,"texture":"#0"},
				"down":{"uv":[4,10,6,11],"rotation":270,"texture":"#0"}
			}
		},
		{
			"from":[4,2,7],
			"to":[5,3,8],
			"rotation":{"angle":-45,"axis":"y","origin":[8,8,8]},
			"faces":{
				"north":{"uv":[6,14,7,15],"texture":"#0"},
				"south":{"uv":[6,14,7,15],"texture":"#0"},
				"west":{"uv":[6,14,7,15],"texture":"#0"},
				"up":{"uv":[6,14,7,15],"texture":"#0"},
				"down":{"uv":[6,14,7,15],"texture":"#0"}
			}
		},
		{
			"from":[10,0,7],
			"to":[11,3,8],
			"rotation":{"angle":-45,"axis":"y","origin":[8,8,8]},
			"faces":{
				"north":{"uv":[7,12,8,15],"texture":"#0"},
				"east":{"uv":[7,12,8,15],"texture":"#0"},
				"south":{"uv":[7,12,8,15],"texture":"#0"},
				"west":{"uv":[7,12,8,15],"texture":"#0"},
				"up":{"uv":[7,12,8,13],"texture":"#0"},
				"down":{"uv":[7,14,8,15],"texture":"#0"}
			}
		},
		{
			"from":[9,3,7],
			"to":[10,4,8],
			"rotation":{"angle":-45,"axis":"y","origin":[8,8,8]},
			"faces":{
				"north":{"uv":[8,11,9,12],"texture":"#0"},
				"east":{"uv":[8,11,9,12],"texture":"#0"},
				"south":{"uv":[8,11,9,12],"texture":"#0"},
				"west":{"uv":[8,11,9,12],"texture":"#0"},
				"up":{"uv":[8,11,9,12],"texture":"#0"},
				"down":{"uv":[8,11,9,12],"texture":"#0"}
			}
		},
		{
			"from":[10,3,8],
			"to":[11,5,9],
			"rotation":{"angle":-45,"axis":"y","origin":[8,8,8]},
			"faces":{
				"north":{"uv":[8,11,9,13],"texture":"#0"},
				"east":{"uv":[8,11,9,13],"texture":"#0"},
				"south":{"uv":[8,11,9,13],"texture":"#0"},
				"west":{"uv":[8,11,9,13],"texture":"#0"},
				"up":{"uv":[8,11,9,12],"texture":"#0"},
				"down":{"uv":[8,12,9,13],"texture":"#0"}
			}
		},
		{
			"from":[11,0,7],
			"to":[12,2,8],
			"rotation":{"angle":-45,"axis":"y","origin":[8,8,8]},
			"faces":{
				"north":{"uv":[8,11,9,13],"texture":"#0"},
				"east":{"uv":[8,11,9,13],"texture":"#0"},
				"south":{"uv":[8,11,9,13],"texture":"#0"},
				"up":{"uv":[8,11,9,12],"texture":"#0"},
				"down":{"uv":[8,12,9,13],"texture":"#0"}
			}
		},
		{
			"from":[11,4,8],
			"to":[12,5,9],
			"rotation":{"angle":-45,"axis":"y","origin":[8,8,8]},
			"faces":{
				"north":{"uv":[8,15,9,16],"texture":"#0"},
				"east":{"uv":[8,15,9,16],"texture":"#0"},
				"south":{"uv":[8,15,9,16],"texture":"#0"},
				"up":{"uv":[8,15,9,16],"texture":"#0"},
				"down":{"uv":[8,15,9,16],"texture":"#0"}
			}
		},
		{
			"from":[10,5,7],
			"to":[11,9,8],
			"rotation":{"angle":-45,"axis":"y","origin":[8,8,8]},
			"faces":{
				"north":{"uv":[8,10,9,14],"texture":"#0"},
				"east":{"uv":[8,10,9,14],"texture":"#0"},
				"south":{"uv":[8,10,9,14],"texture":"#0"},
				"west":{"uv":[8,10,9,14],"texture":"#0"},
				"up":{"uv":[8,10,9,11],"texture":"#0"},
				"down":{"uv":[8,13,9,14],"texture":"#0"}
			}
		},
		{
			"from":[11,8,7],
			"to":[14,10,9],
			"rotation":{"angle":-45,"axis":"y","origin":[8,8,8]},
			"faces":{
				"north":{"uv":[12,5,13,7],"texture":"#0"},
				"east":{"uv":[11,5,13,7],"texture":"#0"},
				"south":{"uv":[11,5,12,7],"texture":"#0"},
				"west":{"uv":[13,5,11,7],"texture":"#0"},
				"up":{"uv":[11,5,13,6],"rotation":270,"texture":"#0"},
				"down":{"uv":[11,6,13,7],"rotation":90,"texture":"#0"}
			}
		},
		{
			"from":[12,9,6],
			"to":[13,10,10],
			"rotation":{"angle":-45,"axis":"y","origin":[8,8,8]},
			"faces":{
				"north":{"uv":[13,5,14,6],"texture":"#0"},
				"east":{"uv":[10,5,14,6],"texture":"#0"},
				"south":{"uv":[10,5,11,6],"texture":"#0"},
				"west":{"uv":[14,5,10,6],"texture":"#0"},
				"up":{"uv":[10,5,14,6],"rotation":270,"texture":"#0"},
				"down":{"uv":[10,5,14,6],"rotation":90,"texture":"#0"}
			}
		},
		{
			"from":[12,8,6],
			"to":[13,9,7],
			"rotation":{"angle":-45,"axis":"y","origin":[8,8,8]},
			"faces":{
				"north":{"uv":[13,6,14,7],"texture":"#0"},
				"east":{"uv":[13,6,14,7],"texture":"#0"},
				"west":{"uv":[13,6,14,7],"texture":"#0"},
				"down":{"uv":[13,6,14,7],"texture":"#0"}
			}
		},
		{
			"from":[12,7,7],
			"to":[13,11,9],
			"rotation":{"angle":-45,"axis":"y","origin":[8,8,8]},
			"faces":{
				"north":{"uv":[12,4,13,8],"texture":"#0"},
				"east":{"uv":[11,4,13,8],"texture":"#0"},
				"south":{"uv":[11,4,12,8],"texture":"#0"},
				"west":{"uv":[13,4,11,8],"texture":"#0"},
				"up":{"uv":[11,4,13,5],"rotation":270,"texture":"#0"},
				"down":{"uv":[11,7,13,8],"rotation":90,"texture":"#0"}
			}
		},
		{
			"from":[7,0,5],
			"to":[8,3,6],
			"rotation":{"angle":-45,"axis":"y","origin":[8,8,8]},
			"faces":{
				"north":{"uv":[11,8,12,11],"texture":"#0"},
				"east":{"uv":[11,8,12,11],"texture":"#0"},
				"south":{"uv":[11,8,12,11],"texture":"#0"},
				"west":{"uv":[11,8,12,11],"texture":"#0"},
				"up":{"uv":[11,8,12,9],"texture":"#0"}
			}
		},
		{
			"from":[8,2,4],
			"to":[9,6,5],
			"rotation":{"angle":-45,"axis":"y","origin":[8,8,8]},
			"faces":{
				"north":{"uv":[8,9,9,13],"texture":"#0"},
				"east":{"uv":[8,9,9,13],"texture":"#0"},
				"south":{"uv":[8,9,9,13],"texture":"#0"},
				"west":{"uv":[8,9,9,13],"texture":"#0"},
				"up":{"uv":[8,9,9,10],"texture":"#0"},
				"down":{"uv":[8,12,9,13],"texture":"#0"}
			}
		},
		{
			"from":[8,5,5],
			"to":[9,10,6],
			"rotation":{"angle":-45,"axis":"y","origin":[8,8,8]},
			"faces":{
				"north":{"uv":[8,9,9,14],"texture":"#0"},
				"east":{"uv":[8,9,9,14],"texture":"#0"},
				"south":{"uv":[8,9,9,14],"texture":"#0"},
				"west":{"uv":[8,9,9,14],"texture":"#0"},
				"down":{"uv":[8,13,9,14],"texture":"#0"}
			}
		},
		{
			"from":[6,1,5],
			"to":[7,2,6],
			"rotation":{"angle":-45,"axis":"y","origin":[8,8,8]},
			"faces":{
				"north":{"uv":[6,14,7,15],"texture":"#0"},
				"south":{"uv":[6,14,7,15],"texture":"#0"},
				"west":{"uv":[6,14,7,15],"texture":"#0"},
				"up":{"uv":[6,14,7,15],"texture":"#0"},
				"down":{"uv":[6,14,7,15],"texture":"#0"}
			}
		},
		{
			"from":[9,6,5],
			"to":[10,7,6],
			"rotation":{"angle":-45,"axis":"y","origin":[8,8,8]},
			"faces":{
				"north":{"uv":[8,15,9,16],"texture":"#0"},
				"east":{"uv":[8,15,9,16],"texture":"#0"},
				"south":{"uv":[8,15,9,16],"texture":"#0"},
				"up":{"uv":[8,15,9,16],"texture":"#0"},
				"down":{"uv":[8,15,9,16],"texture":"#0"}
			}
		},
		{
			"from":[8,3,3],
			"to":[9,4,4],
			"rotation":{"angle":-45,"axis":"y","origin":[8,8,8]},
			"faces":{
				"north":{"uv":[8,15,9,16],"texture":"#0"},
				"east":{"uv":[8,15,9,16],"texture":"#0"},
				"west":{"uv":[8,15,9,16],"texture":"#0"},
				"up":{"uv":[8,15,9,16],"texture":"#0"},
				"down":{"uv":[8,15,9,16],"texture":"#0"}
			}
		},
		{
			"from":[9,4,4],
			"to":[12,5,5],
			"rotation":{"angle":-45,"axis":"y","origin":[8,8,8]},
			"faces":{
				"north":{"uv":[6,12,9,13],"texture":"#0"},
				"east":{"uv":[6,12,7,13],"texture":"#0"},
				"south":{"uv":[9,12,6,13],"texture":"#0"},
				"up":{"uv":[9,12,6,13],"texture":"#0"},
				"down":{"uv":[9,12,6,13],"texture":"#0"}
			}
		},
		{
			"from":[9,3,4],
			"to":[11,4,5],
			"rotation":{"angle":-45,"axis":"y","origin":[8,8,8]},
			"faces":{
				"north":{"uv":[7,13,9,14],"texture":"#0"},
				"east":{"uv":[7,13,9,14],"texture":"#0"},
				"south":{"uv":[7,13,9,14],"texture":"#0"},
				"down":{"uv":[7,13,9,14],"texture":"#0"}
			}
		},
		{
			"from":[8,10,3],
			"to":[10,12,6],
			"rotation":{"angle":-45,"axis":"y","origin":[8,8,8]},
			"faces":{
				"north":{"uv":[11,5,13,7],"texture":"#0"},
				"east":{"uv":[11,5,12,7],"texture":"#0"},
				"south":{"uv":[13,5,11,7],"texture":"#0"},
				"west":{"uv":[12,5,13,7],"texture":"#0"},
				"up":{"uv":[11,5,13,6],"rotation":180,"texture":"#0"},
				"down":{"uv":[11,6,13,7],"rotation":180,"texture":"#0"}
			}
		},
		{
			"from":[8,9,4],
			"to":[10,13,5],
			"rotation":{"angle":-45,"axis":"y","origin":[8,8,8]},
			"faces":{
				"north":{"uv":[11,4,13,8],"texture":"#0"},
				"east":{"uv":[11,4,12,8],"texture":"#0"},
				"south":{"uv":[13,4,11,8],"texture":"#0"},
				"west":{"uv":[12,4,13,8],"texture":"#0"},
				"up":{"uv":[11,4,13,5],"rotation":180,"texture":"#0"},
				"down":{"uv":[11,7,13,8],"rotation":180,"texture":"#0"}
			}
		},
		{
			"from":[7,11,4],
			"to":[11,12,5],
			"rotation":{"angle":-45,"axis":"y","origin":[8,8,8]},
			"faces":{
				"north":{"uv":[10,5,14,6],"texture":"#0"},
				"east":{"uv":[10,5,11,6],"texture":"#0"},
				"south":{"uv":[14,5,10,6],"texture":"#0"},
				"west":{"uv":[13,5,14,6],"texture":"#0"},
				"up":{"uv":[10,5,14,6],"rotation":180,"texture":"#0"},
				"down":{"uv":[10,5,14,6],"rotation":180,"texture":"#0"}
			}
		},
		{
			"from":[7,10,4],
			"to":[8,11,5],
			"rotation":{"angle":-45,"axis":"y","origin":[8,8,8]},
			"faces":{
				"north":{"uv":[13,6,14,7],"texture":"#0"},
				"south":{"uv":[13,6,14,7],"texture":"#0"},
				"west":{"uv":[13,6,14,7],"texture":"#0"},
				"down":{"uv":[13,6,14,7],"rotation":90,"texture":"#0"}
			}
		}
	]
}