{
	"__comment":"Designed by GeForceLegend",
	"ambientocclusion":false,
	"textures":{
		"0":"block/spruce_sapling",
		"particle":"block/spruce_sapling"
	},
	"elements":[
		{
			"from":[7,0,7],
			"to":[9,12,9],
			"rotation":{"angle":-45,"axis":"y","origin":[8,8,8]},
			"faces":{
				"north":{"uv":[9,4,7,16],"texture":"#0"},
				"east":{"uv":[7,4,9,16],"texture":"#0"},
				"south":{"uv":[7,4,9,16],"texture":"#0"},
				"west":{"uv":[7,4,9,16],"texture":"#0"},
				"up":{"uv":[7,4,9,6],"texture":"#0"},
				"down":{"uv":[7,15,9,16],"texture":"#0","cullface":"down"}
			}
		},
		{
			"from":[7.5,14,7.5],
			"to":[8.5,15,8.5],
			"rotation":{"angle":-45,"axis":"y","origin":[8,8,8]},
			"faces":{
				"north":{"uv":[7,1,8,2],"texture":"#0"},
				"east":{"uv":[7,1,8,2],"texture":"#0"},
				"south":{"uv":[7,1,8,2],"texture":"#0"},
				"west":{"uv":[7,1,8,2],"texture":"#0"},
				"up":{"uv":[7,1,8,2],"texture":"#0"}
			}
		},
		{
			"from":[6.5,12,7.5],
			"to":[9.5,14,8.5],
			"rotation":{"angle":-45,"axis":"y","origin":[8,8,8]},
			"faces":{
				"north":{"uv":[9,2,6,4],"texture":"#0"},
				"east":{"uv":[8,2,9,4],"texture":"#0"},
				"south":{"uv":[6,2,9,4],"texture":"#0"},
				"west":{"uv":[6,2,7,4],"texture":"#0"},
				"up":{"uv":[6,2,9,3],"texture":"#0"}
			}
		},
		{
			"from":[7.5,12,6.5],
			"to":[8.5,14,9.5],
			"rotation":{"angle":-45,"axis":"y","origin":[8,8,8]},
			"faces":{
				"north":{"uv":[8,2,9,4],"texture":"#0"},
				"east":{"uv":[6,2,9,4],"texture":"#0"},
				"south":{"uv":[6,2,7,4],"texture":"#0"},
				"west":{"uv":[9,2,6,4],"texture":"#0"},
				"up":{"uv":[6,2,9,3],"rotation":270,"texture":"#0"}
			}
		},
		{
			"from":[6,1,7.5],
			"to":[7,2,8.5],
			"rotation":{"angle":-45,"axis":"y","origin":[8,8,8]},
			"faces":{
				"north":{"uv":[6,14,7,15],"texture":"#0"},
				"south":{"uv":[6,14,7,15],"texture":"#0"},
				"west":{"uv":[6,14,7,15],"texture":"#0"},
				"down":{"uv":[6,14,7,15],"texture":"#0"}
			}
		},
		{
			"from":[7.5,1,9],
			"to":[8.5,2,10],
			"rotation":{"angle":-45,"axis":"y","origin":[8,8,8]},
			"faces":{
				"east":{"uv":[6,14,7,15],"texture":"#0"},
				"south":{"uv":[6,14,7,15],"texture":"#0"},
				"west":{"uv":[6,14,7,15],"texture":"#0"},
				"down":{"uv":[6,14,7,15],"rotation":90,"texture":"#0"}
			}
		},
		{
			"from":[6.5,2,8.5],
			"to":[7.5,9,9.5],
			"rotation":{"angle":-45,"axis":"y","origin":[8,8,8]},
			"faces":{
				"south":{"uv":[6,7,7,14],"texture":"#0"},
				"west":{"uv":[6,7,7,14],"texture":"#0"},
				"up":{"uv":[6,8,7,9],"rotation":270,"texture":"#0"},
				"down":{"uv":[6,13,7,14],"rotation":90,"texture":"#0"}
			}
		},
		{
			"from":[5.5,3,6.5],
			"to":[6.5,5,9.5],
			"rotation":{"angle":-45,"axis":"y","origin":[8,8,8]},
			"faces":{
				"north":{"uv":[5,11,6,13],"texture":"#0"},
				"south":{"uv":[5,11,6,13],"texture":"#0"},
				"west":{"uv":[5,11,6,13],"texture":"#0"},
				"up":{"uv":[5,11,6,12],"texture":"#0"}
			}
		},
		{
			"from":[6.5,3,9.5],
			"to":[9.5,5,10.5],
			"rotation":{"angle":-45,"axis":"y","origin":[8,8,8]},
			"faces":{
				"east":{"uv":[5,11,6,13],"texture":"#0"},
				"south":{"uv":[5,11,6,13],"texture":"#0"},
				"west":{"uv":[5,11,6,13],"texture":"#0"},
				"up":{"uv":[5,11,6,12],"rotation":270,"texture":"#0"}
			}
		},
		{
			"from":[5.5,6,6.5],
			"to":[6.5,8,9.5],
			"rotation":{"angle":-45,"axis":"y","origin":[8,8,8]},
			"faces":{
				"north":{"uv":[5,8,6,10],"texture":"#0"},
				"south":{"uv":[5,8,6,10],"texture":"#0"},
				"west":{"uv":[5,8,6,10],"texture":"#0"},
				"up":{"uv":[5,8,6,9],"texture":"#0"},
				"down":{"uv":[5,9,6,10],"texture":"#0"}
			}
		},
		{
			"from":[6.5,6,9.5],
			"to":[9.5,8,10.5],
			"rotation":{"angle":-45,"axis":"y","origin":[8,8,8]},
			"faces":{
				"east":{"uv":[5,8,6,10],"texture":"#0"},
				"south":{"uv":[5,8,6,10],"texture":"#0"},
				"west":{"uv":[5,8,6,10],"texture":"#0"},
				"up":{"uv":[5,8,6,9],"rotation":270,"texture":"#0"},
				"down":{"uv":[5,9,6,10],"rotation":90,"texture":"#0"}
			}
		},
		{
			"from":[6.5,10,6.5],
			"to":[7.5,12.01,9.5],
			"rotation":{"angle":-45,"axis":"y","origin":[8,8,8]},
			"faces":{
				"north":{"uv":[6,4,7,6],"texture":"#0"},
				"west":{"uv":[6,4,7,6],"texture":"#0"},
				"up":{"uv":[6,4,7,5],"texture":"#0"}
			}
		},
		{
			"from":[6.5,10,8.5],
			"to":[9.5,12.01,9.5],
			"rotation":{"angle":-45,"axis":"y","origin":[8,8,8]},
			"faces":{
				"east":{"uv":[6,4,7,6],"texture":"#0"},
				"south":{"uv":[6,4,7,6],"texture":"#0"},
				"up":{"uv":[6,4,7,5],"rotation":270,"texture":"#0"}
			}
		},
		{
			"from":[5.5,10,6.5],
			"to":[6.5,11,9.5],
			"rotation":{"angle":-45,"axis":"y","origin":[8,8,8]},
			"faces":{
				"north":{"uv":[5,5,6,6],"texture":"#0"},
				"south":{"uv":[5,5,6,6],"texture":"#0"},
				"west":{"uv":[5,5,6,6],"texture":"#0"},
				"up":{"uv":[5,5,6,6],"texture":"#0"},
				"down":{"uv":[5,5,6,6],"texture":"#0"}
			}
		},
		{
			"from":[6.5,10,9.5],
			"to":[9.5,11,10.5],
			"rotation":{"angle":-45,"axis":"y","origin":[8,8,8]},
			"faces":{
				"east":{"uv":[5,5,6,6],"texture":"#0"},
				"south":{"uv":[5,5,6,6],"texture":"#0"},
				"west":{"uv":[5,5,6,6],"texture":"#0"},
				"up":{"uv":[5,5,6,6],"rotation":270,"texture":"#0"},
				"down":{"uv":[5,5,6,6],"rotation":90,"texture":"#0"}
			}
		},
		{
			"from":[4.5,3,6.5],
			"to":[5.5,4,9.5],
			"rotation":{"angle":-45,"axis":"y","origin":[8,8,8]},
			"faces":{
				"north":{"uv":[4,12,5,13],"texture":"#0"},
				"south":{"uv":[4,12,5,13],"texture":"#0"},
				"west":{"uv":[4,12,5,13],"texture":"#0"},
				"up":{"uv":[4,12,5,13],"texture":"#0"},
				"down":{"uv":[4,12,5,13],"texture":"#0"}
			}
		},
		{
			"from":[6.5,3,10.5],
			"to":[9.5,4,11.5],
			"rotation":{"angle":-45,"axis":"y","origin":[8,8,8]},
			"faces":{
				"east":{"uv":[4,12,5,13],"texture":"#0"},
				"south":{"uv":[4,12,5,13],"texture":"#0"},
				"west":{"uv":[4,12,5,13],"texture":"#0"},
				"up":{"uv":[4,12,5,13],"rotation":270,"texture":"#0"},
				"down":{"uv":[4,12,5,13],"rotation":90,"texture":"#0"}
			}
		},
		{
			"from":[5.5,3,5.5],
			"to":[6.5,4,10.5],
			"rotation":{"angle":-45,"axis":"y","origin":[8,8,8]},
			"faces":{
				"north":{"uv":[5,12,7,13],"texture":"#0"},
				"west":{"uv":[5,12,7,13],"texture":"#0"},
				"up":{"uv":[5,12,7,13],"texture":"#0"},
				"down":{"uv":[5,12,7,13],"texture":"#0"}
			}
		},
		{
			"from":[5.5,3,9.5],
			"to":[10.5,4,10.5],
			"rotation":{"angle":-45,"axis":"y","origin":[8,8,8]},
			"faces":{
				"east":{"uv":[5,12,7,13],"texture":"#0"},
				"south":{"uv":[5,12,7,13],"texture":"#0"},
				"up":{"uv":[5,12,7,13],"rotation":270,"texture":"#0"},
				"down":{"uv":[5,12,7,13],"rotation":90,"texture":"#0"}
			}
		},
		{
			"from":[5.5,2,7.5],
			"to":[7.5,12,8.5],
			"rotation":{"angle":-45,"axis":"y","origin":[8,8,8]},
			"faces":{
				"north":{"uv":[7,4,5,14],"texture":"#0"},
				"south":{"uv":[5,4,7,14],"texture":"#0"},
				"west":{"uv":[5,4,6,14],"texture":"#0"},
				"up":{"uv":[5,4,7,5],"texture":"#0"},
				"down":{"uv":[5,13,7,14],"texture":"#0"}
			}
		},
		{
			"from":[7.5,2,8.5],
			"to":[8.5,12,10.5],
			"rotation":{"angle":-45,"axis":"y","origin":[8,8,8]},
			"faces":{
				"east":{"uv":[5,4,7,14],"texture":"#0"},
				"south":{"uv":[5,4,6,14],"texture":"#0"},
				"west":{"uv":[7,4,5,14],"texture":"#0"},
				"up":{"uv":[5,4,7,5],"rotation":270,"texture":"#0"},
				"down":{"uv":[5,13,7,14],"rotation":90,"texture":"#0"}
			}
		},
		{
			"from":[3.5,3,7.5],
			"to":[5.5,4,8.5],
			"rotation":{"angle":-45,"axis":"y","origin":[8,8,8]},
			"faces":{
				"north":{"uv":[5,12,3,13],"texture":"#0"},
				"south":{"uv":[3,12,5,13],"texture":"#0"},
				"west":{"uv":[3,12,4,13],"texture":"#0"},
				"up":{"uv":[3,12,5,13],"texture":"#0"},
				"down":{"uv":[3,12,5,13],"texture":"#0"}
			}
		},
		{
			"from":[7.5,3,10.5],
			"to":[8.5,4,12.5],
			"rotation":{"angle":-45,"axis":"y","origin":[8,8,8]},
			"faces":{
				"east":{"uv":[3,12,5,13],"texture":"#0"},
				"south":{"uv":[3,12,4,13],"texture":"#0"},
				"west":{"uv":[5,12,3,13],"texture":"#0"},
				"up":{"uv":[3,12,5,13],"rotation":270,"texture":"#0"},
				"down":{"uv":[3,12,5,13],"rotation":90,"texture":"#0"}
			}
		},
		{
			"from":[4.5,4,7.5],
			"to":[5.5,5,8.5],
			"rotation":{"angle":-45,"axis":"y","origin":[8,8,8]},
			"faces":{
				"north":{"uv":[4,11,5,12],"texture":"#0"},
				"south":{"uv":[4,11,5,12],"texture":"#0"},
				"west":{"uv":[4,11,5,12],"texture":"#0"},
				"up":{"uv":[4,11,5,12],"texture":"#0"}
			}
		},
		{
			"from":[7.5,4,10.5],
			"to":[8.5,5,11.5],
			"rotation":{"angle":-45,"axis":"y","origin":[8,8,8]},
			"faces":{
				"east":{"uv":[4,11,5,12],"texture":"#0"},
				"south":{"uv":[4,11,5,12],"texture":"#0"},
				"west":{"uv":[4,11,5,12],"texture":"#0"},
				"up":{"uv":[4,11,5,12],"rotation":270,"texture":"#0"}
			}
		},
		{
			"from":[4.5,6,7.5],
			"to":[5.5,8,8.5],
			"rotation":{"angle":-45,"axis":"y","origin":[8,8,8]},
			"faces":{
				"north":{"uv":[4,8,5,10],"texture":"#0"},
				"south":{"uv":[4,8,5,10],"texture":"#0"},
				"west":{"uv":[4,8,5,10],"texture":"#0"},
				"up":{"uv":[4,8,5,9],"texture":"#0"},
				"down":{"uv":[4,9,5,10],"texture":"#0"}
			}
		},
		{
			"from":[7.5,6,10.5],
			"to":[8.5,8,11.5],
			"rotation":{"angle":-45,"axis":"y","origin":[8,8,8]},
			"faces":{
				"east":{"uv":[4,8,5,10],"texture":"#0"},
				"south":{"uv":[4,8,5,10],"texture":"#0"},
				"west":{"uv":[4,8,5,10],"texture":"#0"},
				"up":{"uv":[4,8,5,9],"rotation":270,"texture":"#0"},
				"down":{"uv":[4,9,5,10],"rotation":90,"texture":"#0"}
			}
		},
		{
			"from":[4.5,10,7.5],
			"to":[5.5,11,8.5],
			"rotation":{"angle":-45,"axis":"y","origin":[8,8,8]},
			"faces":{
				"north":{"uv":[4,5,5,6],"texture":"#0"},
				"south":{"uv":[4,5,5,6],"texture":"#0"},
				"west":{"uv":[4,5,5,6],"texture":"#0"},
				"up":{"uv":[4,5,5,6],"texture":"#0"},
				"down":{"uv":[4,5,5,6],"texture":"#0"}
			}
		},
		{
			"from":[7.5,10,10.5],
			"to":[8.5,11,11.5],
			"rotation":{"angle":-45,"axis":"y","origin":[8,8,8]},
			"faces":{
				"east":{"uv":[4,5,5,6],"texture":"#0"},
				"south":{"uv":[4,5,5,6],"texture":"#0"},
				"west":{"uv":[4,5,5,6],"texture":"#0"},
				"up":{"uv":[4,5,5,6],"rotation":270,"texture":"#0"},
				"down":{"uv":[4,5,5,6],"rotation":90,"texture":"#0"}
			}
		},
		{
			"from":[8.5,2,7.5],
			"to":[11.5,3,8.5],
			"rotation":{"angle":-45,"axis":"y","origin":[8,8,8]},
			"faces":{
				"north":{"uv":[12,13,9,14],"texture":"#0"},
				"east":{"uv":[11,13,12,14],"texture":"#0"},
				"south":{"uv":[9,13,12,14],"texture":"#0"},
				"up":{"uv":[9,13,12,14],"texture":"#0"},
				"down":{"uv":[9,13,12,14],"texture":"#0"}
			}
		},
		{
			"from":[7.5,2,4.5],
			"to":[8.5,3,7.5],
			"rotation":{"angle":-45,"axis":"y","origin":[8,8,8]},
			"faces":{
				"north":{"uv":[11,13,12,14],"texture":"#0"},
				"east":{"uv":[9,13,12,14],"texture":"#0"},
				"west":{"uv":[12,13,9,14],"texture":"#0"},
				"up":{"uv":[9,13,12,14],"rotation":270,"texture":"#0"},
				"down":{"uv":[9,13,12,14],"rotation":90,"texture":"#0"}
			}
		},
		{
			"from":[9.5,1,7.5],
			"to":[10.5,2,8.5],
			"rotation":{"angle":-45,"axis":"y","origin":[8,8,8]},
			"faces":{
				"north":{"uv":[10,14,11,15],"texture":"#0"},
				"east":{"uv":[10,14,11,15],"texture":"#0"},
				"south":{"uv":[10,14,11,15],"texture":"#0"},
				"west":{"uv":[10,14,11,15],"texture":"#0"},
				"down":{"uv":[10,14,11,15],"texture":"#0"}
			}
		},
		{
			"from":[7.5,1,5.5],
			"to":[8.5,2,6.5],
			"rotation":{"angle":-45,"axis":"y","origin":[8,8,8]},
			"faces":{
				"north":{"uv":[10,14,11,15],"texture":"#0"},
				"east":{"uv":[10,14,11,15],"texture":"#0"},
				"south":{"uv":[10,14,11,15],"texture":"#0"},
				"west":{"uv":[10,14,11,15],"texture":"#0"},
				"down":{"uv":[10,14,11,15],"rotation":90,"texture":"#0"}
			}
		},
		{
			"from":[8.5,3,7.5],
			"to":[10.5,11,8.5],
			"rotation":{"angle":-45,"axis":"y","origin":[8,8,8]},
			"faces":{
				"north":{"uv":[11,5,9,13],"texture":"#0"},
				"east":{"uv":[10,5,11,13],"texture":"#0"},
				"south":{"uv":[9,5,11,13],"texture":"#0"},
				"up":{"uv":[9,5,11,6],"texture":"#0"}
			}
		},
		{
			"from":[7.5,3,5.5],
			"to":[8.5,11,7.5],
			"rotation":{"angle":-45,"axis":"y","origin":[8,8,8]},
			"faces":{
				"north":{"uv":[10,5,11,13],"texture":"#0"},
				"east":{"uv":[9,5,11,13],"texture":"#0"},
				"west":{"uv":[11,5,9,13],"texture":"#0"},
				"up":{"uv":[9,5,11,6],"rotation":270,"texture":"#0"}
			}
		},
		{
			"from":[8.5,11,7.5],
			"to":[9.5,12,8.5],
			"rotation":{"angle":-45,"axis":"y","origin":[8,8,8]},
			"faces":{
				"north":{"uv":[9,4,10,5],"texture":"#0"},
				"east":{"uv":[9,4,10,5],"texture":"#0"}
			}
		},
		{
			"from":[7.5,11,6.5],
			"to":[8.5,12,7.5],
			"rotation":{"angle":-45,"axis":"y","origin":[8,8,8]},
			"faces":{
				"north":{"uv":[9,4,10,5],"texture":"#0"},
				"east":{"uv":[9,4,10,5],"texture":"#0"}
			}
		},
		{
			"from":[10.5,8,7.5],
			"to":[11.5,9,8.5],
			"rotation":{"angle":-45,"axis":"y","origin":[8,8,8]},
			"faces":{
				"north":{"uv":[11,7,12,8],"texture":"#0"},
				"east":{"uv":[11,7,12,8],"texture":"#0"},
				"south":{"uv":[11,7,12,8],"texture":"#0"},
				"up":{"uv":[11,7,12,8],"texture":"#0"},
				"down":{"uv":[11,7,12,8],"texture":"#0"}
			}
		},
		{
			"from":[7.5,8,4.5],
			"to":[8.5,9,5.5],
			"rotation":{"angle":-45,"axis":"y","origin":[8,8,8]},
			"faces":{
				"north":{"uv":[11,7,12,8],"texture":"#0"},
				"east":{"uv":[11,7,12,8],"texture":"#0"},
				"west":{"uv":[11,7,12,8],"texture":"#0"},
				"up":{"uv":[11,7,12,8],"rotation":270,"texture":"#0"},
				"down":{"uv":[11,7,12,8],"rotation":90,"texture":"#0"}
			}
		},
		{
			"from":[10.5,4,7.5],
			"to":[11.5,6,8.5],
			"rotation":{"angle":-45,"axis":"y","origin":[8,8,8]},
			"faces":{
				"north":{"uv":[11,10,12,12],"texture":"#0"},
				"east":{"uv":[11,10,12,12],"texture":"#0"},
				"south":{"uv":[11,10,12,12],"texture":"#0"},
				"up":{"uv":[11,10,12,11],"texture":"#0"},
				"down":{"uv":[11,11,12,12],"texture":"#0"}
			}
		},
		{
			"from":[7.5,4,4.5],
			"to":[8.5,6,5.5],
			"rotation":{"angle":-45,"axis":"y","origin":[8,8,8]},
			"faces":{
				"north":{"uv":[11,10,12,12],"texture":"#0"},
				"east":{"uv":[11,10,12,12],"texture":"#0"},
				"west":{"uv":[11,10,12,12],"texture":"#0"},
				"up":{"uv":[11,10,12,11],"rotation":270,"texture":"#0"},
				"down":{"uv":[11,11,12,12],"rotation":90,"texture":"#0"}
			}
		},
		{
			"from":[11.5,3,7.5],
			"to":[12.5,4,8.5],
			"rotation":{"angle":-45,"axis":"y","origin":[8,8,8]},
			"faces":{
				"north":{"uv":[12,12,13,13],"texture":"#0"},
				"east":{"uv":[12,12,13,13],"texture":"#0"},
				"south":{"uv":[12,12,13,13],"texture":"#0"},
				"west":{"uv":[12,12,13,13],"texture":"#0"},
				"up":{"uv":[12,12,13,13],"texture":"#0"},
				"down":{"uv":[12,12,13,13],"texture":"#0"}
			}
		},
		{
			"from":[7.5,3,3.5],
			"to":[8.5,4,4.5],
			"rotation":{"angle":-45,"axis":"y","origin":[8,8,8]},
			"faces":{
				"north":{"uv":[12,12,13,13],"texture":"#0"},
				"east":{"uv":[12,12,13,13],"texture":"#0"},
				"south":{"uv":[12,12,13,13],"texture":"#0"},
				"west":{"uv":[12,12,13,13],"texture":"#0"},
				"up":{"uv":[12,12,13,13],"rotation":270,"texture":"#0"},
				"down":{"uv":[12,12,13,13],"rotation":90,"texture":"#0"}
			}
		},
		{
			"from":[8.5,2,6.5],
			"to":[10.5,6,9.5],
			"rotation":{"angle":-45,"axis":"y","origin":[8,8,8]},
			"faces":{
				"north":{"uv":[11,10,9,14],"texture":"#0"},
				"east":{"uv":[10,10,11,14],"texture":"#0"},
				"south":{"uv":[9,10,11,14],"texture":"#0"},
				"up":{"uv":[9,10,11,11],"texture":"#0"},
				"down":{"uv":[9,13,11,14],"texture":"#0"}
			}
		},
		{
			"from":[6.5,2,5.5],
			"to":[9.5,6,7.5],
			"rotation":{"angle":-45,"axis":"y","origin":[8,8,8]},
			"faces":{
				"north":{"uv":[10,10,11,14],"texture":"#0"},
				"east":{"uv":[9,10,11,14],"texture":"#0"},
				"west":{"uv":[11,10,9,14],"texture":"#0"},
				"up":{"uv":[9,10,11,11],"rotation":270,"texture":"#0"},
				"down":{"uv":[9,13,11,14],"rotation":90,"texture":"#0"}
			}
		},
		{
			"from":[8.5,6,6.5],
			"to":[9.5,11,9.5],
			"rotation":{"angle":-45,"axis":"y","origin":[8,8,8]},
			"faces":{
				"east":{"uv":[9,5,10,10],"texture":"#0"},
				"south":{"uv":[9,5,10,10],"texture":"#0"}
			}
		},
		{
			"from":[6.5,6,6.5],
			"to":[9.5,11,7.5],
			"rotation":{"angle":-45,"axis":"y","origin":[8,8,8]},
			"faces":{
				"north":{"uv":[9,5,10,10],"texture":"#0"},
				"west":{"uv":[9,5,10,10],"texture":"#0"},
				"up":{"uv":[9,5,10,6],"rotation":270,"texture":"#0"}
			}
		},
		{
			"from":[9.5,8,6.5],
			"to":[10.5,9,9.5],
			"rotation":{"angle":-45,"axis":"y","origin":[8,8,8]},
			"faces":{
				"north":{"uv":[10,7,11,8],"texture":"#0"},
				"east":{"uv":[10,7,11,8],"texture":"#0"},
				"south":{"uv":[10,7,11,8],"texture":"#0"},
				"up":{"uv":[10,7,11,8],"texture":"#0"},
				"down":{"uv":[10,7,11,8],"texture":"#0"}
			}
		},
		{
			"from":[6.5,8,5.5],
			"to":[9.5,9,6.5],
			"rotation":{"angle":-45,"axis":"y","origin":[8,8,8]},
			"faces":{
				"north":{"uv":[10,7,11,8],"texture":"#0"},
				"east":{"uv":[10,7,11,8],"texture":"#0"},
				"west":{"uv":[10,7,11,8],"texture":"#0"},
				"up":{"uv":[10,7,11,8],"rotation":270,"texture":"#0"},
				"down":{"uv":[10,7,11,8],"rotation":90,"texture":"#0"}
			}
		}
	]
}