{
	"__comment":"Designed by GeForceLegend",
	"ambientocclusion":false,
	"textures":{
		"particle":"#stem"
	},
	"elements":[
		{
			"from":[7.2,-1,7.2],
			"to":[8.8,4,8.8],
			"faces":{
				"north":{"uv":[7,5,9,10],"texture":"#stem","tintindex":0},
				"east":{"uv":[7,5,9,10],"texture":"#stem","tintindex":0},
				"south":{"uv":[7,5,9,10],"texture":"#stem","tintindex":0},
				"west":{"uv":[7,5,9,10],"texture":"#stem","tintindex":0},
				"up":{"uv":[7,5,9,7],"texture":"#stem","tintindex":0},
				"down":{"uv":[7,14,9,16],"texture":"#stem","cullface":"down","tintindex":0}
			}
		},
		{
			"from":[7.4,4,6.9],
			"to":[8.6,7,8.1],
			"faces":{
				"north":{"uv":[7,2,8,5],"texture":"#stem","tintindex":0},
				"east":{"uv":[7,2,8,5],"texture":"#stem","tintindex":0},
				"south":{"uv":[7,2,8,5],"texture":"#stem","tintindex":0},
				"west":{"uv":[7,2,8,5],"texture":"#stem","tintindex":0},
				"up":{"uv":[7,2,8,3],"texture":"#stem","tintindex":0},
				"down":{"uv":[7,4,8,5],"texture":"#stem","tintindex":0}
			}
		},
		{
			"from":[7.5,5,6],
			"to":[8.5,8,7],
			"faces":{
				"north":{"uv":[6,1,7,4],"texture":"#stem","tintindex":0},
				"east":{"uv":[6,1,7,4],"texture":"#stem","tintindex":0},
				"south":{"uv":[6,1,7,4],"texture":"#stem","tintindex":0},
				"west":{"uv":[6,1,7,4],"texture":"#stem","tintindex":0},
				"up":{"uv":[6,1,7,2],"texture":"#stem","tintindex":0},
				"down":{"uv":[6,3,7,4],"texture":"#stem","tintindex":0}
			}
		},
		{
			"from":[7.5,-1,8.8],
			"to":[8.5,0,9.8],
			"faces":{
				"east":{"uv":[9,9,10,10],"texture":"#stem","tintindex":0},
				"south":{"uv":[9,9,10,10],"texture":"#stem","tintindex":0},
				"west":{"uv":[9,9,10,10],"texture":"#stem","tintindex":0},
				"up":{"uv":[9,9,10,10],"texture":"#stem","tintindex":0},
				"down":{"uv":[9,9,10,10],"texture":"#stem","cullface":"down","tintindex":0}
			}
		},
		{
			"from":[7.5,0,9.8],
			"to":[8.5,1,10.8],
			"faces":{
				"north":{"uv":[10,8,11,9],"texture":"#stem","tintindex":0},
				"east":{"uv":[10,8,11,9],"texture":"#stem","tintindex":0},
				"south":{"uv":[10,8,11,9],"texture":"#stem","tintindex":0},
				"west":{"uv":[10,8,11,9],"texture":"#stem","tintindex":0},
				"up":{"uv":[10,8,11,9],"texture":"#stem","tintindex":0},
				"down":{"uv":[10,8,11,9],"texture":"#stem","tintindex":0}
			}
		},
		{
			"from":[7.5,-1,6.2],
			"to":[8.5,1,7.2],
			"faces":{
				"north":{"uv":[9,9,10,11],"texture":"#stem","tintindex":0},
				"east":{"uv":[9,9,10,11],"texture":"#stem","tintindex":0},
				"west":{"uv":[9,9,10,11],"texture":"#stem","tintindex":0},
				"up":{"uv":[9,9,10,10],"texture":"#stem","tintindex":0},
				"down":{"uv":[9,9,10,11],"texture":"#stem","cullface":"down","tintindex":0}
			}
		},
		{
			"from":[7.5,1,5.2],
			"to":[8.5,2,6.2],
			"faces":{
				"north":{"uv":[10,8,11,9],"texture":"#stem","tintindex":0},
				"east":{"uv":[10,8,11,9],"texture":"#stem","tintindex":0},
				"south":{"uv":[10,8,11,9],"texture":"#stem","tintindex":0},
				"west":{"uv":[10,8,11,9],"texture":"#stem","tintindex":0},
				"up":{"uv":[10,8,11,9],"texture":"#stem","tintindex":0},
				"down":{"uv":[10,8,11,9],"texture":"#stem","tintindex":0}
			}
		},
		{
			"from":[5.2,2,7.5],
			"to":[6.2,4,8.5],
			"faces":{
				"north":{"uv":[5,6,6,8],"texture":"#stem","tintindex":0},
				"east":{"uv":[5,6,6,8],"texture":"#stem","tintindex":0},
				"south":{"uv":[5,6,6,8],"texture":"#stem","tintindex":0},
				"west":{"uv":[5,6,6,8],"texture":"#stem","tintindex":0},
				"up":{"uv":[5,6,6,7],"texture":"#stem","tintindex":0},
				"down":{"uv":[5,7,6,8],"texture":"#stem","tintindex":0}
			}
		},
		{
			"from":[6.2,1,7.5],
			"to":[7.2,3,8.5],
			"faces":{
				"north":{"uv":[6,7,7,9],"texture":"#stem","tintindex":0},
				"south":{"uv":[6,7,7,9],"texture":"#stem","tintindex":0},
				"west":{"uv":[6,7,7,9],"texture":"#stem","tintindex":0},
				"up":{"uv":[6,7,7,8],"texture":"#stem","tintindex":0},
				"down":{"uv":[6,8,7,9],"texture":"#stem","tintindex":0}
			}
		},
		{
			"from":[8.8,0,7.5],
			"to":[9.8,2,8.5],
			"faces":{
				"north":{"uv":[6,7,7,9],"texture":"#stem","tintindex":0},
				"east":{"uv":[6,7,7,9],"texture":"#stem","tintindex":0},
				"south":{"uv":[6,7,7,9],"texture":"#stem","tintindex":0},
				"up":{"uv":[6,7,7,8],"texture":"#stem","tintindex":0},
				"down":{"uv":[6,8,7,9],"texture":"#stem","tintindex":0}
			}
		},
		{
			"from":[9.8,1,7.5],
			"to":[10.8,3,8.5],
			"faces":{
				"north":{"uv":[5,6,6,8],"texture":"#stem","tintindex":0},
				"east":{"uv":[5,6,6,8],"texture":"#stem","tintindex":0},
				"south":{"uv":[5,6,6,8],"texture":"#stem","tintindex":0},
				"west":{"uv":[5,6,6,8],"texture":"#stem","tintindex":0},
				"up":{"uv":[5,6,6,7],"texture":"#stem","tintindex":0},
				"down":{"uv":[5,7,6,8],"texture":"#stem","tintindex":0}
			}
		}
	]
}