{
	"__comment":"Designed by GeForceLegend",
	"ambientocclusion":false,
	"textures":{
		"particle":"#stem"
	},
	"elements":[
		{
			"from":[4.7,6.2,7.2],
			"to":[8.3,7.8,8.8],
			"faces":{
				"north":{"uv":[4,8,8,10],"texture":"#upperstem","tintindex":0},
				"east":{"uv":[4,8,6,10],"texture":"#upperstem","tintindex":0},
				"south":{"uv":[8,8,4,10],"texture":"#upperstem","tintindex":0},
				"west":{"uv":[6,8,8,10],"texture":"#upperstem","tintindex":0},
				"up":{"uv":[4,8,8,10],"texture":"#upperstem","tintindex":0},
				"down":{"uv":[4,8,8,10],"texture":"#upperstem","tintindex":0}
			}
		},
		{
			"from":[1.8,7.3,7.3],
			"to":[5.2,8.7,8.7],
			"faces":{
				"north":{"uv":[8,8,4,10],"texture":"#upperstem","tintindex":0},
				"east":{"uv":[8,8,6,10],"texture":"#upperstem","tintindex":0},
				"south":{"uv":[4,8,8,10],"texture":"#upperstem","tintindex":0},
				"west":{"uv":[6,8,4,10],"texture":"#upperstem","tintindex":0},
				"up":{"uv":[8,8,4,10],"texture":"#upperstem","tintindex":0},
				"down":{"uv":[8,8,4,10],"texture":"#upperstem","tintindex":0}
			}
		},
		{
			"from":[0,8,7.5],
			"to":[3,9,8.5],
			"faces":{
				"north":{"uv":[3,6,0,7],"texture":"#upperstem","tintindex":0},
				"east":{"uv":[2,6,3,7],"texture":"#upperstem","tintindex":0},
				"south":{"uv":[0,6,3,7],"texture":"#upperstem","tintindex":0},
				"west":{"uv":[0,6,1,7],"texture":"#upperstem","cullface":"west","tintindex":0},
				"up":{"uv":[0,6,3,7],"texture":"#upperstem","tintindex":0},
				"down":{"uv":[0,6,3,7],"texture":"#upperstem","tintindex":0}
			}
		},
		{
			"from":[8.3,7,7.5],
			"to":[9.3,9,8.5],
			"faces":{
				"north":{"uv":[8,7,9,9],"texture":"#upperstem","tintindex":0},
				"east":{"uv":[8,7,9,9],"texture":"#upperstem","tintindex":0},
				"south":{"uv":[8,7,9,9],"texture":"#upperstem","tintindex":0},
				"west":{"uv":[8,7,9,9],"texture":"#upperstem","tintindex":0},
				"up":{"uv":[8,7,9,8],"texture":"#upperstem","tintindex":0},
				"down":{"uv":[8,8,9,9],"texture":"#upperstem","tintindex":0}
			}
		},
		{
			"from":[3,6,7.5],
			"to":[5,7,8.5],
			"faces":{
				"north":{"uv":[5,10,3,11],"texture":"#upperstem","tintindex":0},
				"east":{"uv":[4,10,5,11],"texture":"#upperstem","tintindex":0},
				"south":{"uv":[3,10,5,11],"texture":"#upperstem","tintindex":0},
				"west":{"uv":[3,10,4,11],"texture":"#upperstem","tintindex":0},
				"up":{"uv":[3,10,5,11],"texture":"#upperstem","tintindex":0},
				"down":{"uv":[3,10,5,11],"texture":"#upperstem","tintindex":0}
			}
		},
		{
			"from":[7.5,4,5],
			"to":[8.5,6,6],
			"faces":{
				"north":{"uv":[5,6,6,8],"texture":"#stem","tintindex":0},
				"east":{"uv":[5,6,6,8],"texture":"#stem","tintindex":0},
				"south":{"uv":[5,6,6,8],"texture":"#stem","tintindex":0},
				"west":{"uv":[5,6,6,8],"texture":"#stem","tintindex":0},
				"up":{"uv":[5,6,6,7],"texture":"#stem","tintindex":0},
				"down":{"uv":[5,7,6,8],"texture":"#stem","tintindex":0}
			}
		},
		{
			"from":[7.5,3,6],
			"to":[8.5,5,7],
			"faces":{
				"north":{"uv":[6,7,7,9],"texture":"#stem","tintindex":0},
				"east":{"uv":[6,7,7,9],"texture":"#stem","tintindex":0},
				"west":{"uv":[6,7,7,9],"texture":"#stem","tintindex":0},
				"up":{"uv":[6,7,7,8],"texture":"#stem","tintindex":0},
				"down":{"uv":[6,8,7,9],"texture":"#stem","tintindex":0}
			}
		},
		{
			"from":[7.5,4,9],
			"to":[8.5,6,10],
			"faces":{
				"east":{"uv":[6,7,7,9],"texture":"#stem","tintindex":0},
				"south":{"uv":[6,7,7,9],"texture":"#stem","tintindex":0},
				"west":{"uv":[6,7,7,9],"texture":"#stem","tintindex":0},
				"up":{"uv":[6,7,7,8],"texture":"#stem","tintindex":0},
				"down":{"uv":[6,8,7,9],"texture":"#stem","tintindex":0}
			}
		},
		{
			"from":[7.5,5,10],
			"to":[8.5,7,11],
			"faces":{
				"north":{"uv":[5,6,6,8],"texture":"#stem","tintindex":0},
				"east":{"uv":[5,6,6,8],"texture":"#stem","tintindex":0},
				"south":{"uv":[5,6,6,8],"texture":"#stem","tintindex":0},
				"west":{"uv":[5,6,6,8],"texture":"#stem","tintindex":0},
				"up":{"uv":[5,6,6,7],"texture":"#stem","tintindex":0},
				"down":{"uv":[5,7,6,8],"texture":"#stem","tintindex":0}
			}
		},
		{
			"from":[5,4,7.5],
			"to":[6,5,8.5],
			"faces":{
				"north":{"uv":[10,8,11,9],"texture":"#stem","tintindex":0},
				"east":{"uv":[10,8,11,9],"texture":"#stem","tintindex":0},
				"south":{"uv":[10,8,11,9],"texture":"#stem","tintindex":0},
				"west":{"uv":[10,8,11,9],"texture":"#stem","tintindex":0},
				"up":{"uv":[10,8,11,9],"texture":"#stem","tintindex":0},
				"down":{"uv":[10,8,11,9],"texture":"#stem","tintindex":0}
			}
		},
		{
			"from":[6,2,7.5],
			"to":[7,4,8.5],
			"faces":{
				"north":{"uv":[9,9,10,11],"texture":"#stem","tintindex":0},
				"south":{"uv":[9,9,10,11],"texture":"#stem","tintindex":0},
				"west":{"uv":[9,9,10,11],"texture":"#stem","tintindex":0},
				"up":{"uv":[9,9,10,10],"texture":"#stem","tintindex":0},
				"down":{"uv":[9,9,10,11],"texture":"#stem","tintindex":0}
			}
		},
		{
			"from":[10,3,7.5],
			"to":[11,4,8.5],
			"faces":{
				"north":{"uv":[10,8,11,9],"texture":"#stem","tintindex":0},
				"east":{"uv":[10,8,11,9],"texture":"#stem","tintindex":0},
				"south":{"uv":[10,8,11,9],"texture":"#stem","tintindex":0},
				"west":{"uv":[10,8,11,9],"texture":"#stem","tintindex":0},
				"up":{"uv":[10,8,11,9],"texture":"#stem","tintindex":0},
				"down":{"uv":[10,8,11,9],"texture":"#stem","tintindex":0}
			}
		},
		{
			"from":[9,1,7.5],
			"to":[10,3,8.5],
			"faces":{
				"north":{"uv":[9,9,10,10],"texture":"#stem","tintindex":0},
				"east":{"uv":[9,9,10,10],"texture":"#stem","tintindex":0},
				"south":{"uv":[9,9,10,10],"texture":"#stem","tintindex":0},
				"up":{"uv":[9,9,10,10],"texture":"#stem","tintindex":0},
				"down":{"uv":[9,9,10,10],"texture":"#stem","tintindex":0}
			}
		},
		{
			"from":[7,-1,7],
			"to":[9,7,9],
			"faces":{
				"north":{"uv":[7,5,9,13],"texture":"#stem","tintindex":0},
				"east":{"uv":[7,5,9,13],"texture":"#stem","tintindex":0},
				"south":{"uv":[7,5,9,13],"texture":"#stem","tintindex":0},
				"west":{"uv":[7,5,9,13],"texture":"#stem","tintindex":0},
				"up":{"uv":[7,5,9,7],"texture":"#stem","tintindex":0},
				"down":{"uv":[7,14,9,16],"texture":"#stem","cullface":"down","tintindex":0}
			}
		}
	]
}