{
	"__comment":"Designed by GeForceLegend",
	"ambientocclusion":false,
	"textures":{
		"particle":"#stem"
	},
	"elements":[
		{
			"from":[7.1,-1,7.1],
			"to":[8.9,6,8.9],
			"faces":{
				"north":{"uv":[7,5,9,12],"texture":"#stem","tintindex":0},
				"east":{"uv":[7,5,9,12],"texture":"#stem","tintindex":0},
				"south":{"uv":[7,5,9,12],"texture":"#stem","tintindex":0},
				"west":{"uv":[7,5,9,12],"texture":"#stem","tintindex":0},
				"up":{"uv":[7,5,9,7],"texture":"#stem","tintindex":0},
				"down":{"uv":[7,14,9,16],"texture":"#stem","cullface":"down","tintindex":0}
			}
		},
		{
			"from":[7.3,5.8,6.8],
			"to":[8.7,9,8.2],
			"faces":{
				"north":{"uv":[7,2,8,5],"texture":"#stem","tintindex":0},
				"east":{"uv":[7,2,8,5],"texture":"#stem","tintindex":0},
				"south":{"uv":[7,2,8,5],"texture":"#stem","tintindex":0},
				"west":{"uv":[7,2,8,5],"texture":"#stem","tintindex":0},
				"up":{"uv":[7,2,8,3],"texture":"#stem","tintindex":0},
				"down":{"uv":[7,4,8,5],"texture":"#stem","tintindex":0}
			}
		},
		{
			"from":[7.5,7,6],
			"to":[8.5,10,7],
			"faces":{
				"north":{"uv":[6,1,7,4],"texture":"#stem","tintindex":0},
				"east":{"uv":[6,1,7,4],"texture":"#stem","tintindex":0},
				"south":{"uv":[6,1,7,4],"texture":"#stem","tintindex":0},
				"west":{"uv":[6,1,7,4],"texture":"#stem","tintindex":0},
				"up":{"uv":[6,1,7,2],"texture":"#stem","tintindex":0},
				"down":{"uv":[6,3,7,4],"texture":"#stem","tintindex":0}
			}
		},
		{
			"from":[7.5,0,8.9],
			"to":[8.5,2,9.9],
			"faces":{
				"east":{"uv":[9,9,10,10],"texture":"#stem","tintindex":0},
				"south":{"uv":[9,9,10,10],"texture":"#stem","tintindex":0},
				"west":{"uv":[9,9,10,10],"texture":"#stem","tintindex":0},
				"up":{"uv":[9,9,10,10],"texture":"#stem","tintindex":0},
				"down":{"uv":[9,9,10,10],"texture":"#stem","tintindex":0}
			}
		},
		{
			"from":[7.5,2,9.9],
			"to":[8.5,3,10.9],
			"faces":{
				"north":{"uv":[10,8,11,9],"texture":"#stem","tintindex":0},
				"east":{"uv":[10,8,11,9],"texture":"#stem","tintindex":0},
				"south":{"uv":[10,8,11,9],"texture":"#stem","tintindex":0},
				"west":{"uv":[10,8,11,9],"texture":"#stem","tintindex":0},
				"up":{"uv":[10,8,11,9],"texture":"#stem","tintindex":0},
				"down":{"uv":[10,8,11,9],"texture":"#stem","tintindex":0}
			}
		},
		{
			"from":[7.5,1,6.1],
			"to":[8.5,3,7.1],
			"faces":{
				"north":{"uv":[9,9,10,11],"texture":"#stem","tintindex":0},
				"east":{"uv":[9,9,10,11],"texture":"#stem","tintindex":0},
				"west":{"uv":[9,9,10,11],"texture":"#stem","tintindex":0},
				"up":{"uv":[9,9,10,10],"texture":"#stem","tintindex":0},
				"down":{"uv":[9,9,10,11],"texture":"#stem","tintindex":0}
			}
		},
		{
			"from":[7.5,3,5.1],
			"to":[8.5,4,6.1],
			"faces":{
				"north":{"uv":[10,8,11,9],"texture":"#stem","tintindex":0},
				"east":{"uv":[10,8,11,9],"texture":"#stem","tintindex":0},
				"south":{"uv":[10,8,11,9],"texture":"#stem","tintindex":0},
				"west":{"uv":[10,8,11,9],"texture":"#stem","tintindex":0},
				"up":{"uv":[10,8,11,9],"texture":"#stem","tintindex":0},
				"down":{"uv":[10,8,11,9],"texture":"#stem","tintindex":0}
			}
		},
		{
			"from":[5.1,4,7.5],
			"to":[6.1,6,8.5],
			"faces":{
				"north":{"uv":[5,6,6,8],"texture":"#stem","tintindex":0},
				"east":{"uv":[5,6,6,8],"texture":"#stem","tintindex":0},
				"south":{"uv":[5,6,6,8],"texture":"#stem","tintindex":0},
				"west":{"uv":[5,6,6,8],"texture":"#stem","tintindex":0},
				"up":{"uv":[5,6,6,7],"texture":"#stem","tintindex":0},
				"down":{"uv":[5,7,6,8],"texture":"#stem","tintindex":0}
			}
		},
		{
			"from":[6.1,3,7.5],
			"to":[7.1,5,8.5],
			"faces":{
				"north":{"uv":[6,7,7,9],"texture":"#stem","tintindex":0},
				"south":{"uv":[6,7,7,9],"texture":"#stem","tintindex":0},
				"west":{"uv":[6,7,7,9],"texture":"#stem","tintindex":0},
				"up":{"uv":[6,7,7,8],"texture":"#stem","tintindex":0},
				"down":{"uv":[6,8,7,9],"texture":"#stem","tintindex":0}
			}
		},
		{
			"from":[8.9,2,7.5],
			"to":[9.9,4,8.5],
			"faces":{
				"north":{"uv":[6,7,7,9],"texture":"#stem","tintindex":0},
				"east":{"uv":[6,7,7,9],"texture":"#stem","tintindex":0},
				"south":{"uv":[6,7,7,9],"texture":"#stem","tintindex":0},
				"up":{"uv":[6,7,7,8],"texture":"#stem","tintindex":0},
				"down":{"uv":[6,8,7,9],"texture":"#stem","tintindex":0}
			}
		},
		{
			"from":[9.9,3,7.5],
			"to":[10.9,5,8.5],
			"faces":{
				"north":{"uv":[5,6,6,8],"texture":"#stem","tintindex":0},
				"east":{"uv":[5,6,6,8],"texture":"#stem","tintindex":0},
				"south":{"uv":[5,6,6,8],"texture":"#stem","tintindex":0},
				"west":{"uv":[5,6,6,8],"texture":"#stem","tintindex":0},
				"up":{"uv":[5,6,6,7],"texture":"#stem","tintindex":0},
				"down":{"uv":[5,7,6,8],"texture":"#stem","tintindex":0}
			}
		}
	]
}