{
	"__comment":"Designed by GeForceLegend",
	"ambientocclusion":false,
	"textures":{
		"particle":"#stem"
	},
	"elements":[
		{
			"from":[7,-1,7],
			"to":[9,8,9],
			"faces":{
				"north":{"uv":[7,5,9,14],"texture":"#stem","tintindex":0},
				"east":{"uv":[7,5,9,14],"texture":"#stem","tintindex":0},
				"south":{"uv":[7,5,9,14],"texture":"#stem","tintindex":0},
				"west":{"uv":[7,5,9,14],"texture":"#stem","tintindex":0},
				"up":{"uv":[7,5,9,7],"texture":"#stem","tintindex":0},
				"down":{"uv":[7,14,9,16],"texture":"#stem","cullface":"down","tintindex":0}
			}
		},
		{
			"from":[7.3,7.8,6.8],
			"to":[8.7,11,8.2],
			"faces":{
				"north":{"uv":[7,2,8,5],"texture":"#stem","tintindex":0},
				"east":{"uv":[7,2,8,5],"texture":"#stem","tintindex":0},
				"south":{"uv":[7,2,8,5],"texture":"#stem","tintindex":0},
				"west":{"uv":[7,2,8,5],"texture":"#stem","tintindex":0},
				"up":{"uv":[7,2,8,3],"texture":"#stem","tintindex":0},
				"down":{"uv":[7,4,8,5],"texture":"#stem","tintindex":0}
			}
		},
		{
			"from":[7.5,9,6],
			"to":[8.5,12,7],
			"faces":{
				"north":{"uv":[6,1,7,4],"texture":"#stem","tintindex":0},
				"east":{"uv":[6,1,7,4],"texture":"#stem","tintindex":0},
				"south":{"uv":[6,1,7,4],"texture":"#stem","tintindex":0},
				"west":{"uv":[6,1,7,4],"texture":"#stem","tintindex":0},
				"up":{"uv":[6,1,7,2],"texture":"#stem","tintindex":0},
				"down":{"uv":[6,3,7,4],"texture":"#stem","tintindex":0}
			}
		},
		{
			"from":[7.5,2,9],
			"to":[8.5,4,10],
			"faces":{
				"east":{"uv":[9,9,10,10],"texture":"#stem","tintindex":0},
				"south":{"uv":[9,9,10,10],"texture":"#stem","tintindex":0},
				"west":{"uv":[9,9,10,10],"texture":"#stem","tintindex":0},
				"up":{"uv":[9,9,10,10],"texture":"#stem","tintindex":0},
				"down":{"uv":[9,9,10,10],"texture":"#stem","tintindex":0}
			}
		},
		{
			"from":[7.5,4,10],
			"to":[8.5,5,11],
			"faces":{
				"north":{"uv":[10,8,11,9],"texture":"#stem","tintindex":0},
				"east":{"uv":[10,8,11,9],"texture":"#stem","tintindex":0},
				"south":{"uv":[10,8,11,9],"texture":"#stem","tintindex":0},
				"west":{"uv":[10,8,11,9],"texture":"#stem","tintindex":0},
				"up":{"uv":[10,8,11,9],"texture":"#stem","tintindex":0},
				"down":{"uv":[10,8,11,9],"texture":"#stem","tintindex":0}
			}
		},
		{
			"from":[7.5,3,6],
			"to":[8.5,5,7],
			"faces":{
				"north":{"uv":[9,9,10,11],"texture":"#stem","tintindex":0},
				"east":{"uv":[9,9,10,11],"texture":"#stem","tintindex":0},
				"west":{"uv":[9,9,10,11],"texture":"#stem","tintindex":0},
				"up":{"uv":[9,9,10,10],"texture":"#stem","tintindex":0},
				"down":{"uv":[9,9,10,11],"texture":"#stem","tintindex":0}
			}
		},
		{
			"from":[7.5,5,5],
			"to":[8.5,6,6],
			"faces":{
				"north":{"uv":[10,8,11,9],"texture":"#stem","tintindex":0},
				"east":{"uv":[10,8,11,9],"texture":"#stem","tintindex":0},
				"south":{"uv":[10,8,11,9],"texture":"#stem","tintindex":0},
				"west":{"uv":[10,8,11,9],"texture":"#stem","tintindex":0},
				"up":{"uv":[10,8,11,9],"texture":"#stem","tintindex":0},
				"down":{"uv":[10,8,11,9],"texture":"#stem","tintindex":0}
			}
		},
		{
			"from":[5,6,7.5],
			"to":[6,8,8.5],
			"faces":{
				"north":{"uv":[5,6,6,8],"texture":"#stem","tintindex":0},
				"east":{"uv":[5,6,6,8],"texture":"#stem","tintindex":0},
				"south":{"uv":[5,6,6,8],"texture":"#stem","tintindex":0},
				"west":{"uv":[5,6,6,8],"texture":"#stem","tintindex":0},
				"up":{"uv":[5,6,6,7],"texture":"#stem","tintindex":0},
				"down":{"uv":[5,7,6,8],"texture":"#stem","tintindex":0}
			}
		},
		{
			"from":[6,5,7.5],
			"to":[7,7,8.5],
			"faces":{
				"north":{"uv":[6,7,7,9],"texture":"#stem","tintindex":0},
				"south":{"uv":[6,7,7,9],"texture":"#stem","tintindex":0},
				"west":{"uv":[6,7,7,9],"texture":"#stem","tintindex":0},
				"up":{"uv":[6,7,7,8],"texture":"#stem","tintindex":0},
				"down":{"uv":[6,8,7,9],"texture":"#stem","tintindex":0}
			}
		},
		{
			"from":[9,4,7.5],
			"to":[10,6,8.5],
			"faces":{
				"north":{"uv":[6,7,7,9],"texture":"#stem","tintindex":0},
				"east":{"uv":[6,7,7,9],"texture":"#stem","tintindex":0},
				"south":{"uv":[6,7,7,9],"texture":"#stem","tintindex":0},
				"up":{"uv":[6,7,7,8],"texture":"#stem","tintindex":0},
				"down":{"uv":[6,8,7,9],"texture":"#stem","tintindex":0}
			}
		},
		{
			"from":[10,5,7.5],
			"to":[11,7,8.5],
			"faces":{
				"north":{"uv":[5,6,6,8],"texture":"#stem","tintindex":0},
				"east":{"uv":[5,6,6,8],"texture":"#stem","tintindex":0},
				"south":{"uv":[5,6,6,8],"texture":"#stem","tintindex":0},
				"west":{"uv":[5,6,6,8],"texture":"#stem","tintindex":0},
				"up":{"uv":[5,6,6,7],"texture":"#stem","tintindex":0},
				"down":{"uv":[5,7,6,8],"texture":"#stem","tintindex":0}
			}
		}
	]
}