{
	"__comment":"Designed by GeForceLegend",
	"ambientocclusion":false,
	"textures":{
		"particle":"#stem"
	},
	"elements":[
		{
			"from":[7.5,-1,7.5],
			"to":[8.5,0,8.5],
			"faces":{
				"north":{"uv":[6,1,7,2],"texture":"#stem","tintindex":0},
				"east":{"uv":[6,1,7,2],"texture":"#stem","tintindex":0},
				"south":{"uv":[6,1,7,2],"texture":"#stem","tintindex":0},
				"west":{"uv":[6,1,7,2],"texture":"#stem","tintindex":0},
				"up":{"uv":[6,1,7,2],"texture":"#stem","tintindex":0},
				"down":{"uv":[6,1,7,2],"texture":"#stem","cullface":"down","tintindex":0}
			}
		}
	]
}