{
	"__comment":"Designed by GeForceLegend",
	"ambientocclusion":false,
	"textures":{
		"particle":"#stem"
	},
	"elements":[
		{
			"from":[7.3,-1,7.3],
			"to":[8.7,5,8.7],
			"faces":{
				"north":{"uv":[7,2,8,8],"texture":"#stem","tintindex":0},
				"east":{"uv":[7,2,8,8],"texture":"#stem","tintindex":0},
				"south":{"uv":[7,2,8,8],"texture":"#stem","tintindex":0},
				"west":{"uv":[7,2,8,8],"texture":"#stem","tintindex":0},
				"up":{"uv":[7,2,8,3],"texture":"#stem","tintindex":0},
				"down":{"uv":[7,5,8,6],"texture":"#stem","cullface":"down","tintindex":0}
			}
		},
		{
			"from":[7.5,0,8.7],
			"to":[8.5,2,9.7],
			"faces":{
				"east":{"uv":[8,5,9,7],"texture":"#stem","tintindex":0},
				"south":{"uv":[8,5,9,7],"texture":"#stem","tintindex":0},
				"west":{"uv":[8,5,9,7],"texture":"#stem","tintindex":0},
				"up":{"uv":[8,5,9,6],"texture":"#stem","tintindex":0},
				"down":{"uv":[8,6,9,7],"texture":"#stem","tintindex":0}
			}
		},
		{
			"from":[8.7,-1,7.5],
			"to":[9.7,0,8.5],
			"faces":{
				"north":{"uv":[6,7,7,8],"texture":"#stem","tintindex":0},
				"east":{"uv":[6,7,7,8],"texture":"#stem","tintindex":0},
				"south":{"uv":[6,7,7,8],"texture":"#stem","tintindex":0},
				"up":{"uv":[6,7,7,8],"texture":"#stem","tintindex":0},
				"down":{"uv":[6,7,7,8],"texture":"#stem","cullface":"down","tintindex":0}
			}
		},
		{
			"from":[9.7,0,7.5],
			"to":[10.7,1,8.5],
			"faces":{
				"north":{"uv":[5,6,6,7],"texture":"#stem","tintindex":0},
				"east":{"uv":[5,6,6,7],"texture":"#stem","tintindex":0},
				"south":{"uv":[5,6,6,7],"texture":"#stem","tintindex":0},
				"west":{"uv":[5,6,6,7],"texture":"#stem","tintindex":0},
				"up":{"uv":[5,6,6,7],"texture":"#stem","tintindex":0},
				"down":{"uv":[5,6,6,7],"texture":"#stem","tintindex":0}
			}
		},
		{
			"from":[5.3,1,7.5],
			"to":[6.3,2,8.5],
			"faces":{
				"north":{"uv":[5,6,6,7],"texture":"#stem","tintindex":0},
				"east":{"uv":[5,6,6,7],"texture":"#stem","tintindex":0},
				"south":{"uv":[5,6,6,7],"texture":"#stem","tintindex":0},
				"west":{"uv":[5,6,6,7],"texture":"#stem","tintindex":0},
				"up":{"uv":[5,6,6,7],"texture":"#stem","tintindex":0},
				"down":{"uv":[5,6,6,7],"texture":"#stem","tintindex":0}
			}
		},
		{
			"from":[6.3,-1,7.5],
			"to":[7.3,1,8.5],
			"faces":{
				"north":{"uv":[6,7,7,9],"texture":"#stem","tintindex":0},
				"south":{"uv":[6,7,7,9],"texture":"#stem","tintindex":0},
				"west":{"uv":[6,7,7,9],"texture":"#stem","tintindex":0},
				"up":{"uv":[6,7,7,8],"texture":"#stem","tintindex":0},
				"down":{"uv":[6,7,7,8],"texture":"#stem","cullface":"down","tintindex":0}
			}
		},
		{
			"from":[7.4,3,6.1],
			"to":[8.6,6,7.3],
			"faces":{
				"north":{"uv":[6,1,7,4],"texture":"#stem","tintindex":0},
				"east":{"uv":[6,1,7,4],"texture":"#stem","tintindex":0},
				"south":{"uv":[6,1,7,4],"texture":"#stem","tintindex":0},
				"west":{"uv":[6,1,7,4],"texture":"#stem","tintindex":0},
				"up":{"uv":[6,1,7,2],"texture":"#stem","tintindex":0},
				"down":{"uv":[6,3,7,4],"texture":"#stem","tintindex":0}
			}
		}
	]
}