{
	"__comment":"Designed by GeForceLegend",
	"ambientocclusion":false,
	"textures":{
		"particle":"#stem"
	},
	"elements":[
		{
			"from":[7.5,-1,7.5],
			"to":[8.5,1,8.5],
			"faces":{
				"north":{"uv":[7,2,8,4],"texture":"#stem","tintindex":0},
				"east":{"uv":[7,2,8,4],"texture":"#stem","tintindex":0},
				"south":{"uv":[7,2,8,4],"texture":"#stem","tintindex":0},
				"west":{"uv":[7,2,8,4],"texture":"#stem","tintindex":0},
				"up":{"uv":[7,2,8,3],"texture":"#stem","tintindex":0},
				"down":{"uv":[7,3,8,4],"texture":"#stem","cullface":"down","tintindex":0}
			}
		},
		{
			"from":[8.5,1,6.5],
			"to":[9.5,2,7.5],
			"faces":{
				"north":{"uv":[6,1,7,2],"texture":"#stem","tintindex":0},
				"east":{"uv":[6,1,7,2],"texture":"#stem","tintindex":0},
				"south":{"uv":[6,1,7,2],"texture":"#stem","tintindex":0},
				"west":{"uv":[6,1,7,2],"texture":"#stem","tintindex":0},
				"up":{"uv":[6,1,7,2],"texture":"#stem","tintindex":0},
				"down":{"uv":[6,1,7,2],"texture":"#stem","tintindex":0}
			}
		},
		{
			"from":[6.5,1,6.5],
			"to":[7.5,2,7.5],
			"faces":{
				"north":{"uv":[6,1,7,2],"texture":"#stem","tintindex":0},
				"east":{"uv":[6,1,7,2],"texture":"#stem","tintindex":0},
				"south":{"uv":[6,1,7,2],"texture":"#stem","tintindex":0},
				"west":{"uv":[6,1,7,2],"texture":"#stem","tintindex":0},
				"up":{"uv":[6,1,7,2],"texture":"#stem","tintindex":0},
				"down":{"uv":[6,1,7,2],"texture":"#stem","tintindex":0}
			}
		}
	]
}