{
	"__comment":"Designed by GeForceLegend",
	"parent":"block/tinted_cross",
	"textures":{
		"cross":"block/sugar_cane"
	},
	"elements":[
		{
			"from":[3,0,2],
			"to":[5,16,4],
			"faces":{
				"north":{"uv":[1,0,3,16],"texture":"#cross","tintindex":0},
				"east":{"uv":[1,0,3,16],"texture":"#cross","tintindex":0},
				"south":{"uv":[1,0,3,16],"texture":"#cross","tintindex":0},
				"west":{"uv":[1,0,3,16],"texture":"#cross","tintindex":0},
				"up":{"uv":[13,1,15,3],"texture":"#cross","tintindex":0}
			}
		},
		{
			"from":[7,0,4],
			"to":[9,16,6],
			"faces":{
				"north":{"uv":[5,0,7,16],"texture":"#cross","tintindex":0},
				"east":{"uv":[5,0,7,16],"texture":"#cross","tintindex":0},
				"south":{"uv":[5,0,7,16],"texture":"#cross","tintindex":0},
				"west":{"uv":[5,0,7,16],"texture":"#cross","tintindex":0},
				"up":{"uv":[9,5,11,7],"texture":"#cross","tintindex":0}
			}
		},
		{
			"from":[5,0,9],
			"to":[7,16,11],
			"faces":{
				"north":{"uv":[9,0,11,16],"texture":"#cross","tintindex":0},
				"east":{"uv":[9,0,11,16],"texture":"#cross","tintindex":0},
				"south":{"uv":[9,0,11,16],"texture":"#cross","tintindex":0},
				"west":{"uv":[9,0,11,16],"texture":"#cross","tintindex":0},
				"up":{"uv":[5,4,7,6],"texture":"#cross","tintindex":0}
			}
		},
		{
			"from":[13,0,12],
			"to":[15,16,14],
			"faces":{
				"north":{"uv":[13,0,15,16],"texture":"#cross","tintindex":0},
				"east":{"uv":[13,0,15,16],"texture":"#cross","tintindex":0},
				"south":{"uv":[13,0,15,16],"texture":"#cross","tintindex":0},
				"west":{"uv":[13,0,15,16],"texture":"#cross","tintindex":0},
				"up":{"uv":[1,0,3,2],"texture":"#cross","tintindex":0}
			}
		},
		{
			"from":[3,6,1],
			"to":[4,8,2],
			"faces":{
				"north":{"uv":[0,8,1,10],"texture":"#cross","tintindex":0},
				"east":{"uv":[0,8,1,10],"texture":"#cross","tintindex":0},
				"west":{"uv":[0,8,1,10],"texture":"#cross","tintindex":0},
				"up":{"uv":[0,8,1,9],"texture":"#cross","tintindex":0},
				"down":{"uv":[0,9,1,10],"texture":"#cross","tintindex":0}
			}
		},
		{
			"from":[4,12,4],
			"to":[5,14,5],
			"faces":{
				"east":{"uv":[3,2,4,4],"texture":"#cross","tintindex":0},
				"south":{"uv":[3,2,4,4],"texture":"#cross","tintindex":0},
				"west":{"uv":[3,2,4,4],"texture":"#cross","tintindex":0},
				"up":{"uv":[3,2,4,3],"texture":"#cross","tintindex":0},
				"down":{"uv":[3,3,4,4],"texture":"#cross","tintindex":0}
			}
		},
		{
			"from":[9,11,5],
			"to":[10,13,6],
			"faces":{
				"north":{"uv":[7,3,8,5],"texture":"#cross","tintindex":0},
				"east":{"uv":[7,3,8,5],"texture":"#cross","tintindex":0},
				"south":{"uv":[7,3,8,5],"texture":"#cross","tintindex":0},
				"up":{"uv":[7,3,8,4],"texture":"#cross","tintindex":0},
				"down":{"uv":[7,4,8,5],"texture":"#cross","tintindex":0}
			}
		},
		{
			"from":[6,5,4],
			"to":[7,6,5],
			"faces":{
				"north":{"uv":[4,10,5,11],"texture":"#cross","tintindex":0},
				"south":{"uv":[4,10,5,11],"texture":"#cross","tintindex":0},
				"west":{"uv":[4,10,5,11],"texture":"#cross","tintindex":0},
				"up":{"uv":[4,10,5,11],"texture":"#cross","tintindex":0},
				"down":{"uv":[4,10,5,11],"texture":"#cross","tintindex":0}
			}
		},
		{
			"from":[6,4,8],
			"to":[7,6,9],
			"faces":{
				"north":{"uv":[8,10,9,12],"texture":"#cross","tintindex":0},
				"east":{"uv":[8,10,9,12],"texture":"#cross","tintindex":0},
				"west":{"uv":[8,10,9,12],"texture":"#cross","tintindex":0},
				"up":{"uv":[8,10,9,11],"texture":"#cross","tintindex":0},
				"down":{"uv":[8,11,9,12],"texture":"#cross","tintindex":0}
			}
		},
		{
			"from":[15,8,13],
			"to":[16,10,14],
			"faces":{
				"north":{"uv":[15,6,16,8],"texture":"#cross","tintindex":0},
				"east":{"uv":[15,6,16,8],"texture":"#cross","cullface":"east","tintindex":0},
				"south":{"uv":[15,6,16,8],"texture":"#cross","tintindex":0},
				"up":{"uv":[15,6,16,7],"texture":"#cross","tintindex":0},
				"down":{"uv":[15,7,16,8],"texture":"#cross","tintindex":0}
			}
		},
		{
			"from":[5,13,11],
			"to":[6,14,12],
			"faces":{
				"east":{"uv":[11,2,12,3],"texture":"#cross","tintindex":0},
				"south":{"uv":[11,2,12,3],"texture":"#cross","tintindex":0},
				"west":{"uv":[11,2,12,3],"texture":"#cross","tintindex":0},
				"up":{"uv":[11,2,12,3],"texture":"#cross","tintindex":0},
				"down":{"uv":[11,2,12,3],"texture":"#cross","tintindex":0}
			}
		},
		{
			"from":[12,2,12],
			"to":[13,3,13],
			"faces":{
				"north":{"uv":[12,13,13,14],"texture":"#cross","tintindex":0},
				"south":{"uv":[12,13,13,14],"texture":"#cross","tintindex":0},
				"west":{"uv":[12,13,13,14],"texture":"#cross","tintindex":0},
				"up":{"uv":[12,13,13,14],"texture":"#cross","tintindex":0},
				"down":{"uv":[12,13,13,14],"texture":"#cross","tintindex":0}
			}
		},
		{
			"from":[1,0,13],
			"to":[3,16,15],
			"faces":{
				"north":{"uv":[5,0,7,16],"texture":"#cross","tintindex":0},
				"east":{"uv":[5,0,7,16],"texture":"#cross","tintindex":0},
				"south":{"uv":[5,0,7,16],"texture":"#cross","tintindex":0},
				"west":{"uv":[5,0,7,16],"texture":"#cross","tintindex":0},
				"up":{"uv":[9,5,11,7],"texture":"#cross","tintindex":0}
			}
		},
		{
			"from":[0,5,13],
			"to":[1,6,14],
			"faces":{
				"north":{"uv":[4,10,5,11],"texture":"#cross","tintindex":0},
				"south":{"uv":[4,10,5,11],"texture":"#cross","tintindex":0},
				"west":{"uv":[4,10,5,11],"texture":"#cross","cullface":"west","tintindex":0},
				"up":{"uv":[4,10,5,11],"texture":"#cross","tintindex":0},
				"down":{"uv":[4,10,5,11],"texture":"#cross","tintindex":0}
			}
		},
		{
			"from":[3,11,14],
			"to":[4,13,15],
			"faces":{
				"north":{"uv":[7,3,8,5],"texture":"#cross","tintindex":0},
				"east":{"uv":[7,3,8,5],"texture":"#cross","tintindex":0},
				"south":{"uv":[7,3,8,5],"texture":"#cross","tintindex":0},
				"up":{"uv":[7,3,8,4],"texture":"#cross","tintindex":0},
				"down":{"uv":[7,4,8,5],"texture":"#cross","tintindex":0}
			}
		},
		{
			"from":[11,0,1],
			"to":[13,16,3],
			"faces":{
				"north":{"uv":[9,0,11,16],"texture":"#cross","tintindex":0},
				"east":{"uv":[9,0,11,16],"texture":"#cross","tintindex":0},
				"south":{"uv":[9,0,11,16],"texture":"#cross","tintindex":0},
				"west":{"uv":[9,0,11,16],"texture":"#cross","tintindex":0},
				"up":{"uv":[5,4,7,6],"texture":"#cross","tintindex":0}
			}
		},
		{
			"from":[12,4,0],
			"to":[13,6,1],
			"faces":{
				"north":{"uv":[8,10,9,12],"texture":"#cross","cullface":"north","tintindex":0},
				"east":{"uv":[8,10,9,12],"texture":"#cross","tintindex":0},
				"west":{"uv":[8,10,9,12],"texture":"#cross","tintindex":0},
				"up":{"uv":[8,10,9,11],"texture":"#cross","tintindex":0},
				"down":{"uv":[8,11,9,12],"texture":"#cross","tintindex":0}
			}
		},
		{
			"from":[11,13,3],
			"to":[12,14,4],
			"faces":{
				"east":{"uv":[11,2,12,3],"texture":"#cross","tintindex":0},
				"south":{"uv":[11,2,12,3],"texture":"#cross","tintindex":0},
				"west":{"uv":[11,2,12,3],"texture":"#cross","tintindex":0},
				"up":{"uv":[11,2,12,3],"texture":"#cross","tintindex":0},
				"down":{"uv":[11,2,12,3],"texture":"#cross","tintindex":0}
			}
		},
		{
			"from":[10,0,8],
			"to":[12,16,10],
			"faces":{
				"north":{"uv":[1,0,3,16],"texture":"#cross","tintindex":0},
				"east":{"uv":[1,0,3,16],"texture":"#cross","tintindex":0},
				"south":{"uv":[1,0,3,16],"texture":"#cross","tintindex":0},
				"west":{"uv":[1,0,3,16],"texture":"#cross","tintindex":0},
				"up":{"uv":[13,1,15,3],"texture":"#cross","tintindex":0}
			}
		},
		{
			"from":[10,6,7],
			"to":[11,8,8],
			"faces":{
				"north":{"uv":[0,8,1,10],"texture":"#cross","tintindex":0},
				"east":{"uv":[0,8,1,10],"texture":"#cross","tintindex":0},
				"west":{"uv":[0,8,1,10],"texture":"#cross","tintindex":0},
				"up":{"uv":[0,8,1,9],"texture":"#cross","tintindex":0},
				"down":{"uv":[0,9,1,10],"texture":"#cross","tintindex":0}
			}
		},
		{
			"from":[11,12,10],
			"to":[12,14,11],
			"faces":{
				"east":{"uv":[3,2,4,4],"texture":"#cross","tintindex":0},
				"south":{"uv":[3,2,4,4],"texture":"#cross","tintindex":0},
				"west":{"uv":[3,2,4,4],"texture":"#cross","tintindex":0},
				"up":{"uv":[3,2,4,3],"texture":"#cross","tintindex":0},
				"down":{"uv":[3,3,4,4],"texture":"#cross","tintindex":0}
			}
		}
	]
}