{
	"__comment":"Designed by GeForceLegend",
	"ambientocclusion":false,
	"textures":{
		"0":"block/grass",
		"particle":"block/grass"
	},
	"elements":[
		{
			"from":[3,0,1],
			"to":[4,6,2],
			"rotation":{"angle":0,"axis":"y","origin":[8,16,8]},
			"faces":{
				"north":{"uv":[1,13,2,16],"texture":"#0","tintindex":0},
				"east":{"uv":[1,13,2,16],"texture":"#0","tintindex":0},
				"south":{"uv":[1,13,2,16],"texture":"#0","tintindex":0},
				"west":{"uv":[1,13,2,16],"texture":"#0","tintindex":0},
				"up":{"uv":[1,13,2,14],"texture":"#0","tintindex":0},
				"down":{"uv":[1,15,2,16],"texture":"#0","cullface":"down","tintindex":0}
			}
		},
		{
			"from":[3,6,0],
			"to":[4,8,1],
			"rotation":{"angle":0,"axis":"y","origin":[8,16,8]},
			"faces":{
				"north":{"uv":[1,11,2,12],"texture":"#0","tintindex":0},
				"east":{"uv":[1,11,2,12],"texture":"#0","tintindex":0},
				"south":{"uv":[1,11,2,12],"texture":"#0","tintindex":0},
				"west":{"uv":[1,11,2,12],"texture":"#0","tintindex":0},
				"up":{"uv":[1,11,2,12],"texture":"#0","tintindex":0},
				"down":{"uv":[1,11,2,12],"texture":"#0","tintindex":0}
			}
		},
		{
			"from":[2,28,5],
			"to":[3,29,6],
			"rotation":{"angle":0,"axis":"y","origin":[8,16,8]},
			"faces":{
				"north":{"uv":[1,11,2,12],"texture":"#0","tintindex":0},
				"east":{"uv":[1,11,2,12],"texture":"#0","tintindex":0},
				"south":{"uv":[1,11,2,12],"texture":"#0","tintindex":0},
				"west":{"uv":[1,11,2,12],"texture":"#0","tintindex":0},
				"up":{"uv":[1,11,2,12],"texture":"#0","tintindex":0},
				"down":{"uv":[1,11,2,12],"texture":"#0","tintindex":0}
			}
		},
		{
			"from":[1,0,5],
			"to":[2,14,6],
			"rotation":{"angle":0,"axis":"y","origin":[8,16,9]},
			"faces":{
				"north":{"uv":[8,9,9,16],"texture":"#0","tintindex":0},
				"east":{"uv":[8,9,9,16],"texture":"#0","tintindex":0},
				"south":{"uv":[8,9,9,16],"texture":"#0","tintindex":0},
				"west":{"uv":[8,9,9,16],"texture":"#0","tintindex":0},
				"up":{"uv":[8,9,9,10],"texture":"#0","tintindex":0},
				"down":{"uv":[8,15,9,16],"texture":"#0","cullface":"down","tintindex":0}
			}
		},
		{
			"from":[0,12,5],
			"to":[1,20,6],
			"rotation":{"angle":0,"axis":"y","origin":[8,16,9]},
			"faces":{
				"north":{"uv":[11,6,12,10],"texture":"#0","tintindex":0},
				"east":{"uv":[11,6,12,10],"texture":"#0","tintindex":0},
				"south":{"uv":[11,6,12,10],"texture":"#0","tintindex":0},
				"west":{"uv":[11,6,12,10],"texture":"#0","tintindex":0},
				"up":{"uv":[11,6,12,7],"texture":"#0","tintindex":0},
				"down":{"uv":[11,9,12,10],"texture":"#0","tintindex":0}
			}
		},
		{
			"from":[3,0,7],
			"to":[4,16,8],
			"rotation":{"angle":0,"axis":"y","origin":[9,16,8]},
			"faces":{
				"north":{"uv":[3,8,4,16],"texture":"#0","tintindex":0},
				"east":{"uv":[3,8,4,16],"texture":"#0","tintindex":0},
				"south":{"uv":[3,8,4,16],"texture":"#0","tintindex":0},
				"west":{"uv":[3,8,4,16],"texture":"#0","tintindex":0},
				"up":{"uv":[3,8,4,9],"texture":"#0","tintindex":0},
				"down":{"uv":[3,15,4,16],"texture":"#0","cullface":"down","tintindex":0}
			}
		},
		{
			"from":[2,16,7],
			"to":[3,22,8],
			"rotation":{"angle":0,"axis":"y","origin":[9,16,8]},
			"faces":{
				"north":{"uv":[9,4,10,7],"texture":"#0","tintindex":0},
				"east":{"uv":[9,4,10,7],"texture":"#0","tintindex":0},
				"south":{"uv":[9,4,10,7],"texture":"#0","tintindex":0},
				"west":{"uv":[9,4,10,7],"texture":"#0","tintindex":0},
				"up":{"uv":[9,4,10,5],"texture":"#0","tintindex":0},
				"down":{"uv":[9,6,10,7],"texture":"#0","tintindex":0}
			}
		},
		{
			"from":[1,20,7],
			"to":[2,26,8],
			"rotation":{"angle":0,"axis":"y","origin":[9,16,8]},
			"faces":{
				"north":{"uv":[10,2,11,5],"texture":"#0","tintindex":0},
				"east":{"uv":[10,2,11,5],"texture":"#0","tintindex":0},
				"south":{"uv":[10,2,11,5],"texture":"#0","tintindex":0},
				"west":{"uv":[10,2,11,5],"texture":"#0","tintindex":0},
				"up":{"uv":[10,2,11,3],"texture":"#0","tintindex":0},
				"down":{"uv":[10,4,11,5],"texture":"#0","tintindex":0}
			}
		},
		{
			"from":[1,0,10],
			"to":[2,8,11],
			"rotation":{"angle":0,"axis":"y","origin":[8,16,8]},
			"faces":{
				"north":{"uv":[14,12,15,16],"texture":"#0","tintindex":0},
				"east":{"uv":[14,12,15,16],"texture":"#0","tintindex":0},
				"south":{"uv":[14,12,15,16],"texture":"#0","tintindex":0},
				"west":{"uv":[14,12,15,16],"texture":"#0","tintindex":0},
				"up":{"uv":[14,12,15,13],"texture":"#0","tintindex":0},
				"down":{"uv":[14,15,15,16],"texture":"#0","cullface":"down","tintindex":0}
			}
		},
		{
			"from":[0,6,10],
			"to":[1,12,11],
			"rotation":{"angle":0,"axis":"y","origin":[8,16,8]},
			"faces":{
				"north":{"uv":[15,10,16,13],"texture":"#0","tintindex":0},
				"east":{"uv":[14,13,15,16],"texture":"#0","tintindex":0},
				"south":{"uv":[14,13,15,16],"texture":"#0","tintindex":0},
				"west":{"uv":[14,13,15,16],"texture":"#0","tintindex":0},
				"up":{"uv":[14,13,15,14],"texture":"#0","tintindex":0},
				"down":{"uv":[14,15,15,16],"texture":"#0","tintindex":0}
			}
		},
		{
			"from":[2,0,13],
			"to":[3,16,14],
			"rotation":{"angle":0,"axis":"y","origin":[8,16,8]},
			"faces":{
				"north":{"uv":[10,8,11,16],"texture":"#0","tintindex":0},
				"east":{"uv":[10,8,11,16],"texture":"#0","tintindex":0},
				"south":{"uv":[10,8,11,16],"texture":"#0","tintindex":0},
				"west":{"uv":[10,8,11,16],"texture":"#0","tintindex":0},
				"up":{"uv":[10,8,11,9],"texture":"#0","tintindex":0},
				"down":{"uv":[10,15,11,16],"texture":"#0","cullface":"down","tintindex":0}
			}
		},
		{
			"from":[2,22,15],
			"to":[3,28,16],
			"rotation":{"angle":0,"axis":"y","origin":[8,16,8]},
			"faces":{
				"north":{"uv":[7,2,8,5],"texture":"#0","tintindex":0},
				"east":{"uv":[7,2,8,5],"texture":"#0","tintindex":0},
				"south":{"uv":[7,2,8,5],"texture":"#0","tintindex":0},
				"west":{"uv":[7,2,8,5],"texture":"#0","tintindex":0},
				"up":{"uv":[7,2,8,3],"texture":"#0","tintindex":0},
				"down":{"uv":[7,4,8,5],"texture":"#0","tintindex":0}
			}
		},
		{
			"from":[2,14,14],
			"to":[3,22,15],
			"rotation":{"angle":0,"axis":"y","origin":[8,16,8]},
			"faces":{
				"north":{"uv":[11,5,12,9],"texture":"#0","tintindex":0},
				"east":{"uv":[11,5,12,9],"texture":"#0","tintindex":0},
				"south":{"uv":[11,5,12,9],"texture":"#0","tintindex":0},
				"west":{"uv":[11,5,12,9],"texture":"#0","tintindex":0},
				"up":{"uv":[11,5,12,6],"texture":"#0","tintindex":0},
				"down":{"uv":[11,8,12,9],"texture":"#0","tintindex":0}
			}
		},
		{
			"from":[4,0,3],
			"to":[5,10,4],
			"rotation":{"angle":0,"axis":"y","origin":[8,16,8]},
			"faces":{
				"north":{"uv":[4,11,5,16],"texture":"#0","tintindex":0},
				"east":{"uv":[4,11,5,16],"texture":"#0","tintindex":0},
				"south":{"uv":[4,11,5,16],"texture":"#0","tintindex":0},
				"west":{"uv":[4,11,5,16],"texture":"#0","tintindex":0},
				"up":{"uv":[4,11,5,12],"texture":"#0","tintindex":0},
				"down":{"uv":[4,15,5,16],"texture":"#0","cullface":"down","tintindex":0}
			}
		},
		{
			"from":[4,8,2],
			"to":[5,14,3],
			"rotation":{"angle":0,"axis":"y","origin":[8,16,8]},
			"faces":{
				"north":{"uv":[15,10,16,13],"texture":"#0","tintindex":0},
				"east":{"uv":[15,10,16,13],"texture":"#0","tintindex":0},
				"south":{"uv":[15,10,16,13],"texture":"#0","tintindex":0},
				"west":{"uv":[15,10,16,13],"texture":"#0","tintindex":0},
				"up":{"uv":[15,10,16,11],"texture":"#0","tintindex":0},
				"down":{"uv":[15,12,16,13],"texture":"#0","tintindex":0}
			}
		},
		{
			"from":[2,0,3],
			"to":[3,8,4],
			"rotation":{"angle":0,"axis":"y","origin":[5,16,6]},
			"faces":{
				"north":{"uv":[7,12,8,16],"texture":"#0","tintindex":0},
				"east":{"uv":[7,12,8,16],"texture":"#0","tintindex":0},
				"south":{"uv":[7,12,8,16],"texture":"#0","tintindex":0},
				"west":{"uv":[7,12,8,16],"texture":"#0","tintindex":0},
				"up":{"uv":[7,12,8,13],"texture":"#0","tintindex":0},
				"down":{"uv":[7,15,8,16],"texture":"#0","cullface":"down","tintindex":0}
			}
		},
		{
			"from":[1,8,3],
			"to":[2,14,4],
			"rotation":{"angle":0,"axis":"y","origin":[5,16,6]},
			"faces":{
				"north":{"uv":[5,9,6,12],"texture":"#0","tintindex":0},
				"east":{"uv":[5,9,6,12],"texture":"#0","tintindex":0},
				"south":{"uv":[5,9,6,12],"texture":"#0","tintindex":0},
				"west":{"uv":[5,9,6,12],"texture":"#0","tintindex":0},
				"up":{"uv":[5,9,6,10],"texture":"#0","tintindex":0},
				"down":{"uv":[5,11,6,12],"texture":"#0","tintindex":0}
			}
		},
		{
			"from":[0,14,3],
			"to":[1,16,4],
			"rotation":{"angle":0,"axis":"y","origin":[5,16,6]},
			"faces":{
				"north":{"uv":[14,5,15,6],"texture":"#0","tintindex":0},
				"east":{"uv":[14,5,15,6],"texture":"#0","tintindex":0},
				"south":{"uv":[14,5,15,6],"texture":"#0","tintindex":0},
				"west":{"uv":[14,5,15,6],"texture":"#0","tintindex":0},
				"up":{"uv":[14,5,15,6],"texture":"#0","tintindex":0},
				"down":{"uv":[14,5,15,6],"texture":"#0","tintindex":0}
			}
		},
		{
			"from":[14,28,5],
			"to":[15,30,6],
			"rotation":{"angle":0,"axis":"y","origin":[5,16,6]},
			"faces":{
				"north":{"uv":[14,5,15,6],"texture":"#0","tintindex":0},
				"east":{"uv":[14,5,15,6],"texture":"#0","tintindex":0},
				"south":{"uv":[14,5,15,6],"texture":"#0","tintindex":0},
				"west":{"uv":[14,5,15,6],"texture":"#0","tintindex":0},
				"up":{"uv":[14,5,15,6],"texture":"#0","tintindex":0},
				"down":{"uv":[14,5,15,6],"texture":"#0","tintindex":0}
			}
		},
		{
			"from":[6,0,8],
			"to":[7,26,9],
			"rotation":{"angle":0,"axis":"y","origin":[8,16,8]},
			"faces":{
				"north":{"uv":[5,3,6,16],"texture":"#0","tintindex":0},
				"east":{"uv":[5,3,6,16],"texture":"#0","tintindex":0},
				"south":{"uv":[5,3,6,16],"texture":"#0","tintindex":0},
				"west":{"uv":[5,3,6,16],"texture":"#0","tintindex":0},
				"up":{"uv":[5,3,6,4],"texture":"#0","tintindex":0},
				"down":{"uv":[5,15,6,16],"texture":"#0","cullface":"down","tintindex":0}
			}
		},
		{
			"from":[5,26,8],
			"to":[6,28,9],
			"rotation":{"angle":0,"axis":"y","origin":[8,16,8]},
			"faces":{
				"north":{"uv":[4,2,5,3],"texture":"#0","tintindex":0},
				"east":{"uv":[4,2,5,3],"texture":"#0","tintindex":0},
				"south":{"uv":[4,2,5,3],"texture":"#0","tintindex":0},
				"west":{"uv":[4,2,5,3],"texture":"#0","tintindex":0},
				"up":{"uv":[4,2,5,3],"texture":"#0","tintindex":0},
				"down":{"uv":[4,2,5,3],"texture":"#0","tintindex":0}
			}
		},
		{
			"from":[4,0,11],
			"to":[5,14,12],
			"rotation":{"angle":0,"axis":"y","origin":[8,16,8]},
			"faces":{
				"north":{"uv":[12,9,13,16],"texture":"#0","cullface":"north","tintindex":0},
				"east":{"uv":[12,9,13,16],"texture":"#0","cullface":"north","tintindex":0},
				"south":{"uv":[12,9,13,16],"texture":"#0","cullface":"north","tintindex":0},
				"west":{"uv":[12,9,13,16],"texture":"#0","cullface":"north","tintindex":0},
				"up":{"uv":[12,9,13,10],"texture":"#0","cullface":"north","tintindex":0},
				"down":{"uv":[12,15,13,16],"texture":"#0","cullface":"down","tintindex":0}
			}
		},
		{
			"from":[4,12,12],
			"to":[5,22,13],
			"rotation":{"angle":0,"axis":"y","origin":[8,16,8]},
			"faces":{
				"north":{"uv":[8,6,9,11],"texture":"#0","cullface":"north","tintindex":0},
				"east":{"uv":[8,6,9,11],"texture":"#0","cullface":"north","tintindex":0},
				"south":{"uv":[8,6,9,11],"texture":"#0","cullface":"north","tintindex":0},
				"west":{"uv":[8,6,9,11],"texture":"#0","cullface":"north","tintindex":0},
				"up":{"uv":[8,6,9,7],"texture":"#0","cullface":"north","tintindex":0},
				"down":{"uv":[8,10,9,11],"texture":"#0","cullface":"north","tintindex":0}
			}
		},
		{
			"from":[8,0,10],
			"to":[9,12,11],
			"rotation":{"angle":0,"axis":"y","origin":[10,16,5]},
			"faces":{
				"north":{"uv":[6,10,7,16],"texture":"#0","tintindex":0},
				"east":{"uv":[6,10,7,16],"texture":"#0","tintindex":0},
				"south":{"uv":[6,10,7,16],"texture":"#0","tintindex":0},
				"west":{"uv":[6,10,7,16],"texture":"#0","tintindex":0},
				"up":{"uv":[6,10,7,11],"texture":"#0","tintindex":0},
				"down":{"uv":[6,15,7,16],"texture":"#0","cullface":"down","tintindex":0}
			}
		},
		{
			"from":[8,10,11],
			"to":[9,20,12],
			"rotation":{"angle":0,"axis":"y","origin":[10,16,5]},
			"faces":{
				"north":{"uv":[6,11,7,16],"texture":"#0","tintindex":0},
				"east":{"uv":[6,11,7,16],"texture":"#0","tintindex":0},
				"south":{"uv":[6,11,7,16],"texture":"#0","tintindex":0},
				"west":{"uv":[6,11,7,16],"texture":"#0","tintindex":0},
				"up":{"uv":[6,11,7,12],"texture":"#0","tintindex":0},
				"down":{"uv":[6,15,7,16],"texture":"#0","tintindex":0}
			}
		},
		{
			"from":[6,0,2],
			"to":[7,8,3],
			"rotation":{"angle":0,"axis":"y","origin":[7,16,8]},
			"faces":{
				"north":{"uv":[2,12,3,16],"texture":"#0","tintindex":0},
				"east":{"uv":[2,12,3,16],"texture":"#0","tintindex":0},
				"south":{"uv":[2,12,3,16],"texture":"#0","tintindex":0},
				"west":{"uv":[2,12,3,16],"texture":"#0","tintindex":0},
				"up":{"uv":[2,12,3,13],"texture":"#0","tintindex":0},
				"down":{"uv":[2,15,3,16],"texture":"#0","cullface":"down","tintindex":0}
			}
		},
		{
			"from":[6,8,1],
			"to":[7,12,2],
			"rotation":{"angle":0,"axis":"y","origin":[7,16,8]},
			"faces":{
				"north":{"uv":[4,5,5,7],"texture":"#0","tintindex":0},
				"east":{"uv":[4,5,5,7],"texture":"#0","tintindex":0},
				"south":{"uv":[4,5,5,7],"texture":"#0","tintindex":0},
				"west":{"uv":[4,5,5,7],"texture":"#0","tintindex":0},
				"up":{"uv":[4,5,5,6],"texture":"#0","tintindex":0},
				"down":{"uv":[4,6,5,7],"texture":"#0","tintindex":0}
			}
		},
		{
			"from":[7,0,4],
			"to":[8,18,5],
			"rotation":{"angle":0,"axis":"y","origin":[8,16,8]},
			"faces":{
				"north":{"uv":[5,7,6,16],"texture":"#0","tintindex":0},
				"east":{"uv":[5,7,6,16],"texture":"#0","tintindex":0},
				"south":{"uv":[5,7,6,16],"texture":"#0","tintindex":0},
				"west":{"uv":[5,7,6,16],"texture":"#0","tintindex":0},
				"up":{"uv":[5,7,6,8],"texture":"#0","tintindex":0},
				"down":{"uv":[5,15,6,16],"texture":"#0","cullface":"down","tintindex":0}
			}
		},
		{
			"from":[7,16,3],
			"to":[8,26,4],
			"rotation":{"angle":0,"axis":"y","origin":[8,16,8]},
			"faces":{
				"north":{"uv":[9,4,10,9],"texture":"#0","tintindex":0},
				"east":{"uv":[9,4,10,9],"texture":"#0","tintindex":0},
				"south":{"uv":[9,4,10,9],"texture":"#0","tintindex":0},
				"west":{"uv":[9,4,10,9],"texture":"#0","tintindex":0},
				"up":{"uv":[9,4,10,5],"texture":"#0","tintindex":0},
				"down":{"uv":[9,8,10,9],"texture":"#0","tintindex":0}
			}
		},
		{
			"from":[9,0,6],
			"to":[10,16,7],
			"rotation":{"angle":0,"axis":"y","origin":[8,16,8]},
			"faces":{
				"north":{"uv":[10,8,11,16],"texture":"#0","tintindex":0},
				"east":{"uv":[10,8,11,16],"texture":"#0","tintindex":0},
				"south":{"uv":[10,8,11,16],"texture":"#0","tintindex":0},
				"west":{"uv":[10,8,11,16],"texture":"#0","tintindex":0},
				"up":{"uv":[10,8,11,9],"texture":"#0","tintindex":0},
				"down":{"uv":[10,15,11,16],"texture":"#0","cullface":"down","tintindex":0}
			}
		},
		{
			"from":[9,12,5],
			"to":[10,22,6],
			"rotation":{"angle":0,"axis":"y","origin":[7,16,7]},
			"faces":{
				"north":{"uv":[11,5,12,10],"texture":"#0","tintindex":0},
				"east":{"uv":[11,5,12,10],"texture":"#0","tintindex":0},
				"south":{"uv":[11,5,12,10],"texture":"#0","tintindex":0},
				"west":{"uv":[11,5,12,10],"texture":"#0","tintindex":0},
				"up":{"uv":[11,5,12,6],"texture":"#0","tintindex":0},
				"down":{"uv":[11,9,12,10],"texture":"#0","tintindex":0}
			}
		},
		{
			"from":[9,22,4],
			"to":[10,26,5],
			"rotation":{"angle":0,"axis":"y","origin":[6,16,6]},
			"faces":{
				"north":{"uv":[12,3,13,5],"texture":"#0","tintindex":0},
				"east":{"uv":[12,3,13,5],"texture":"#0","tintindex":0},
				"south":{"uv":[12,3,13,5],"texture":"#0","tintindex":0},
				"west":{"uv":[12,3,13,5],"texture":"#0","tintindex":0},
				"up":{"uv":[12,3,13,4],"texture":"#0","tintindex":0},
				"down":{"uv":[12,4,13,5],"texture":"#0","tintindex":0}
			}
		},
		{
			"from":[9,26,3],
			"to":[10,27,4],
			"rotation":{"angle":0,"axis":"y","origin":[6,16,6]},
			"faces":{
				"north":{"uv":[13,2,14,3],"texture":"#0","tintindex":0},
				"east":{"uv":[13,2,14,3],"texture":"#0","tintindex":0},
				"south":{"uv":[13,2,14,3],"texture":"#0","tintindex":0},
				"west":{"uv":[13,2,14,3],"texture":"#0","tintindex":0},
				"up":{"uv":[13,2,14,3],"texture":"#0","tintindex":0},
				"down":{"uv":[13,2,14,3],"texture":"#0","tintindex":0}
			}
		},
		{
			"from":[2,28,16],
			"to":[3,29,17],
			"rotation":{"angle":0,"axis":"y","origin":[6,16,6]},
			"faces":{
				"north":{"uv":[13,2,14,3],"texture":"#0","tintindex":0},
				"east":{"uv":[13,2,14,3],"texture":"#0","tintindex":0},
				"south":{"uv":[13,2,14,3],"texture":"#0","tintindex":0},
				"west":{"uv":[13,2,14,3],"texture":"#0","tintindex":0},
				"up":{"uv":[13,2,14,3],"texture":"#0","tintindex":0},
				"down":{"uv":[13,2,14,3],"texture":"#0","tintindex":0}
			}
		},
		{
			"from":[5,0,14],
			"to":[6,6,15],
			"rotation":{"angle":0,"axis":"y","origin":[5,16,12]},
			"faces":{
				"north":{"uv":[1,13,2,16],"texture":"#0","tintindex":0},
				"east":{"uv":[1,13,2,16],"texture":"#0","tintindex":0},
				"south":{"uv":[1,13,2,16],"texture":"#0","tintindex":0},
				"west":{"uv":[1,13,2,16],"texture":"#0","tintindex":0},
				"up":{"uv":[1,13,2,14],"texture":"#0","tintindex":0},
				"down":{"uv":[1,15,2,16],"texture":"#0","cullface":"down","tintindex":0}
			}
		},
		{
			"from":[5,6,15],
			"to":[6,10,16],
			"rotation":{"angle":0,"axis":"y","origin":[5,16,12]},
			"faces":{
				"north":{"uv":[0,12,1,14],"texture":"#0","tintindex":0},
				"east":{"uv":[0,12,1,14],"texture":"#0","tintindex":0},
				"south":{"uv":[0,12,1,14],"texture":"#0","tintindex":0},
				"west":{"uv":[0,12,1,14],"texture":"#0","tintindex":0},
				"up":{"uv":[0,12,1,13],"texture":"#0","tintindex":0},
				"down":{"uv":[0,13,1,14],"texture":"#0","tintindex":0}
			}
		},
		{
			"from":[9,0,13],
			"to":[10,16,14],
			"rotation":{"angle":0,"axis":"y","origin":[8,16,7]},
			"faces":{
				"north":{"uv":[10,8,11,16],"texture":"#0","tintindex":0},
				"east":{"uv":[10,8,11,16],"texture":"#0","tintindex":0},
				"south":{"uv":[10,8,11,16],"texture":"#0","tintindex":0},
				"west":{"uv":[10,8,11,16],"texture":"#0","tintindex":0},
				"up":{"uv":[10,8,11,9],"texture":"#0","tintindex":0},
				"down":{"uv":[10,15,11,16],"texture":"#0","cullface":"down","tintindex":0}
			}
		},
		{
			"from":[9,14,14],
			"to":[10,24,15],
			"rotation":{"angle":0,"axis":"y","origin":[8,16,7]},
			"faces":{
				"north":{"uv":[9,4,10,9],"texture":"#0","tintindex":0},
				"east":{"uv":[9,4,10,9],"texture":"#0","tintindex":0},
				"south":{"uv":[9,4,10,9],"texture":"#0","tintindex":0},
				"west":{"uv":[9,4,10,9],"texture":"#0","tintindex":0},
				"up":{"uv":[9,4,10,5],"texture":"#0","tintindex":0},
				"down":{"uv":[9,8,10,9],"texture":"#0","tintindex":0}
			}
		},
		{
			"from":[10,0,2],
			"to":[11,12,3],
			"rotation":{"angle":0,"axis":"y","origin":[8,16,8]},
			"faces":{
				"north":{"uv":[6,10,7,16],"texture":"#0","tintindex":0},
				"east":{"uv":[6,10,7,16],"texture":"#0","tintindex":0},
				"south":{"uv":[6,10,7,16],"texture":"#0","tintindex":0},
				"west":{"uv":[6,10,7,16],"texture":"#0","tintindex":0},
				"up":{"uv":[6,10,7,11],"texture":"#0","tintindex":0},
				"down":{"uv":[6,15,7,16],"texture":"#0","cullface":"down","tintindex":0}
			}
		},
		{
			"from":[10,10,1],
			"to":[11,18,2],
			"rotation":{"angle":0,"axis":"y","origin":[8,16,8]},
			"faces":{
				"north":{"uv":[2,7,3,11],"texture":"#0","tintindex":0},
				"east":{"uv":[2,7,3,11],"texture":"#0","tintindex":0},
				"south":{"uv":[2,7,3,11],"texture":"#0","tintindex":0},
				"west":{"uv":[2,7,3,11],"texture":"#0","tintindex":0},
				"up":{"uv":[2,7,3,8],"texture":"#0","tintindex":0},
				"down":{"uv":[2,10,3,11],"texture":"#0","tintindex":0}
			}
		},
		{
			"from":[10,18,0],
			"to":[11,22,1],
			"rotation":{"angle":0,"axis":"y","origin":[8,16,8]},
			"faces":{
				"north":{"uv":[12,3,13,5],"texture":"#0","tintindex":0},
				"east":{"uv":[12,3,13,5],"texture":"#0","tintindex":0},
				"south":{"uv":[12,3,13,5],"texture":"#0","tintindex":0},
				"west":{"uv":[12,3,13,5],"texture":"#0","tintindex":0},
				"up":{"uv":[12,3,13,4],"texture":"#0","tintindex":0},
				"down":{"uv":[12,4,13,5],"texture":"#0","tintindex":0}
			}
		},
		{
			"from":[11,0,5],
			"to":[12,14,6],
			"rotation":{"angle":0,"axis":"y","origin":[8,16,8]},
			"faces":{
				"north":{"uv":[12,9,13,16],"texture":"#0","tintindex":0},
				"east":{"uv":[12,9,13,16],"texture":"#0","tintindex":0},
				"south":{"uv":[12,9,13,16],"texture":"#0","tintindex":0},
				"west":{"uv":[12,9,13,16],"texture":"#0","tintindex":0},
				"up":{"uv":[12,9,13,10],"texture":"#0","tintindex":0},
				"down":{"uv":[12,15,13,16],"texture":"#0","cullface":"down","tintindex":0}
			}
		},
		{
			"from":[12,12,5],
			"to":[13,22,6],
			"rotation":{"angle":0,"axis":"y","origin":[8,16,8]},
			"faces":{
				"north":{"uv":[11,5,12,10],"texture":"#0","tintindex":0},
				"east":{"uv":[11,5,12,10],"texture":"#0","tintindex":0},
				"south":{"uv":[11,5,12,10],"texture":"#0","tintindex":0},
				"west":{"uv":[11,5,12,10],"texture":"#0","tintindex":0},
				"up":{"uv":[11,5,12,6],"texture":"#0","tintindex":0},
				"down":{"uv":[11,9,12,10],"texture":"#0","tintindex":0}
			}
		},
		{
			"from":[13,22,5],
			"to":[14,28,6],
			"rotation":{"angle":0,"axis":"y","origin":[8,16,8]},
			"faces":{
				"north":{"uv":[10,2,11,5],"texture":"#0","tintindex":0},
				"east":{"uv":[10,2,11,5],"texture":"#0","tintindex":0},
				"south":{"uv":[10,2,11,5],"texture":"#0","tintindex":0},
				"west":{"uv":[10,2,11,5],"texture":"#0","tintindex":0},
				"up":{"uv":[10,2,11,3],"texture":"#0","tintindex":0},
				"down":{"uv":[10,4,11,5],"texture":"#0","tintindex":0}
			}
		},
		{
			"from":[12,0,7],
			"to":[13,6,8],
			"rotation":{"angle":0,"axis":"y","origin":[8,16,8]},
			"faces":{
				"north":{"uv":[1,13,2,16],"texture":"#0","tintindex":0},
				"east":{"uv":[1,13,2,16],"texture":"#0","tintindex":0},
				"south":{"uv":[1,13,2,16],"texture":"#0","tintindex":0},
				"west":{"uv":[1,13,2,16],"texture":"#0","tintindex":0},
				"up":{"uv":[1,13,2,14],"texture":"#0","tintindex":0},
				"down":{"uv":[1,15,2,16],"texture":"#0","cullface":"down","tintindex":0}
			}
		},
		{
			"from":[10,0,9],
			"to":[11,20,10],
			"rotation":{"angle":0,"axis":"y","origin":[8,16,8]},
			"faces":{
				"north":{"uv":[8,6,9,16],"texture":"#0","tintindex":0},
				"east":{"uv":[8,6,9,16],"texture":"#0","tintindex":0},
				"south":{"uv":[8,6,9,16],"texture":"#0","tintindex":0},
				"west":{"uv":[8,6,9,16],"texture":"#0","tintindex":0},
				"up":{"uv":[8,6,9,7],"texture":"#0","tintindex":0},
				"down":{"uv":[8,15,9,16],"texture":"#0","cullface":"down","tintindex":0}
			}
		},
		{
			"from":[11,18,9],
			"to":[12,26,10],
			"rotation":{"angle":0,"axis":"y","origin":[8,16,8]},
			"faces":{
				"north":{"uv":[5,3,6,7],"texture":"#0","tintindex":0},
				"east":{"uv":[5,3,6,7],"texture":"#0","tintindex":0},
				"south":{"uv":[5,3,6,7],"texture":"#0","tintindex":0},
				"west":{"uv":[5,3,6,7],"texture":"#0","tintindex":0},
				"up":{"uv":[5,3,6,4],"texture":"#0","tintindex":0},
				"down":{"uv":[5,6,6,7],"texture":"#0","tintindex":0}
			}
		},
		{
			"from":[11,0,12],
			"to":[12,12,13],
			"rotation":{"angle":0,"axis":"y","origin":[8,16,8]},
			"faces":{
				"north":{"uv":[3,10,4,16],"texture":"#0","tintindex":0},
				"east":{"uv":[3,10,4,16],"texture":"#0","tintindex":0},
				"south":{"uv":[3,10,4,16],"texture":"#0","tintindex":0},
				"west":{"uv":[3,10,4,16],"texture":"#0","tintindex":0},
				"up":{"uv":[3,10,4,11],"texture":"#0","tintindex":0},
				"down":{"uv":[3,15,4,16],"texture":"#0","cullface":"down","tintindex":0}
			}
		},
		{
			"from":[11,12,13],
			"to":[12,20,14],
			"rotation":{"angle":0,"axis":"y","origin":[8,16,8]},
			"faces":{
				"north":{"uv":[2,6,3,10],"texture":"#0","tintindex":0},
				"east":{"uv":[2,6,3,10],"texture":"#0","tintindex":0},
				"south":{"uv":[2,6,3,10],"texture":"#0","tintindex":0},
				"west":{"uv":[2,6,3,10],"texture":"#0","tintindex":0},
				"up":{"uv":[2,6,3,7],"texture":"#0","tintindex":0},
				"down":{"uv":[2,9,3,10],"texture":"#0","tintindex":0}
			}
		},
		{
			"from":[13,0,1],
			"to":[14,10,2],
			"rotation":{"angle":0,"axis":"y","origin":[8,16,8]},
			"faces":{
				"north":{"uv":[0,9,1,14],"texture":"#0","tintindex":0},
				"east":{"uv":[0,9,1,14],"texture":"#0","tintindex":0},
				"south":{"uv":[0,9,1,14],"texture":"#0","tintindex":0},
				"west":{"uv":[0,9,1,14],"texture":"#0","tintindex":0},
				"up":{"uv":[0,9,1,10],"texture":"#0","tintindex":0},
				"down":{"uv":[0,13,1,14],"texture":"#0","cullface":"down","tintindex":0}
			}
		},
		{
			"from":[13,10,0],
			"to":[14,12,1],
			"rotation":{"angle":0,"axis":"y","origin":[8,16,8]},
			"faces":{
				"north":{"uv":[10,2,11,3],"texture":"#0","tintindex":0},
				"east":{"uv":[10,2,11,3],"texture":"#0","tintindex":0},
				"south":{"uv":[10,2,11,3],"texture":"#0","tintindex":0},
				"west":{"uv":[10,2,11,3],"texture":"#0","tintindex":0},
				"up":{"uv":[10,2,11,3],"texture":"#0","tintindex":0},
				"down":{"uv":[10,2,11,3],"texture":"#0","tintindex":0}
			}
		},
		{
			"from":[14,0,4],
			"to":[15,14,5],
			"rotation":{"angle":0,"axis":"y","origin":[9,16,8]},
			"faces":{
				"north":{"uv":[3,9,4,16],"texture":"#0","tintindex":0},
				"east":{"uv":[3,9,4,16],"texture":"#0","tintindex":0},
				"south":{"uv":[3,9,4,16],"texture":"#0","tintindex":0},
				"west":{"uv":[3,9,4,16],"texture":"#0","tintindex":0},
				"up":{"uv":[3,9,4,10],"texture":"#0","tintindex":0},
				"down":{"uv":[3,15,4,16],"texture":"#0","cullface":"down","tintindex":0}
			}
		},
		{
			"from":[15,14,4],
			"to":[16,20,5],
			"rotation":{"angle":0,"axis":"y","origin":[9,16,8]},
			"faces":{
				"north":{"uv":[9,4,10,7],"texture":"#0","tintindex":0},
				"east":{"uv":[9,4,10,7],"texture":"#0","tintindex":0},
				"south":{"uv":[9,4,10,7],"texture":"#0","tintindex":0},
				"west":{"uv":[9,4,10,7],"texture":"#0","tintindex":0},
				"up":{"uv":[9,4,10,5],"texture":"#0","tintindex":0},
				"down":{"uv":[9,6,10,7],"texture":"#0","tintindex":0}
			}
		},
		{
			"from":[14,0,8],
			"to":[15,10,9],
			"rotation":{"angle":0,"axis":"y","origin":[8,16,8]},
			"faces":{
				"north":{"uv":[4,11,5,16],"texture":"#0","tintindex":0},
				"east":{"uv":[4,11,5,16],"texture":"#0","tintindex":0},
				"south":{"uv":[4,11,5,16],"texture":"#0","tintindex":0},
				"west":{"uv":[4,11,5,16],"texture":"#0","tintindex":0},
				"up":{"uv":[4,11,5,12],"texture":"#0","tintindex":0},
				"down":{"uv":[4,15,5,16],"texture":"#0","cullface":"down","tintindex":0}
			}
		},
		{
			"from":[15,8,8],
			"to":[16,14,9],
			"rotation":{"angle":0,"axis":"y","origin":[8,16,8]},
			"faces":{
				"north":{"uv":[13,6,14,9],"texture":"#0","tintindex":0},
				"east":{"uv":[13,6,14,9],"texture":"#0","tintindex":0},
				"south":{"uv":[13,6,14,9],"texture":"#0","tintindex":0},
				"west":{"uv":[13,6,14,9],"texture":"#0","tintindex":0},
				"up":{"uv":[13,6,14,7],"texture":"#0","tintindex":0},
				"down":{"uv":[13,8,14,9],"texture":"#0","tintindex":0}
			}
		},
		{
			"from":[13,0,11],
			"to":[14,14,12],
			"rotation":{"angle":0,"axis":"y","origin":[8,16,8]},
			"faces":{
				"north":{"uv":[3,9,4,16],"texture":"#0","tintindex":0},
				"east":{"uv":[3,9,4,16],"texture":"#0","tintindex":0},
				"south":{"uv":[3,9,4,16],"texture":"#0","tintindex":0},
				"west":{"uv":[3,9,4,16],"texture":"#0","tintindex":0},
				"up":{"uv":[3,9,4,10],"texture":"#0","tintindex":0},
				"down":{"uv":[3,15,4,16],"texture":"#0","cullface":"down","tintindex":0}
			}
		},
		{
			"from":[14,12,11],
			"to":[15,22,12],
			"rotation":{"angle":0,"axis":"y","origin":[8,16,8]},
			"faces":{
				"north":{"uv":[2,6,3,11],"texture":"#0","tintindex":0},
				"east":{"uv":[2,6,3,11],"texture":"#0","tintindex":0},
				"south":{"uv":[2,6,3,11],"texture":"#0","tintindex":0},
				"west":{"uv":[2,6,3,11],"texture":"#0","tintindex":0},
				"up":{"uv":[2,6,3,7],"texture":"#0","tintindex":0},
				"down":{"uv":[2,10,3,11],"texture":"#0","tintindex":0}
			}
		},
		{
			"from":[14,0,14],
			"to":[15,8,15],
			"rotation":{"angle":0,"axis":"y","origin":[8,16,8]},
			"faces":{
				"north":{"uv":[2,12,3,16],"texture":"#0","tintindex":0},
				"east":{"uv":[2,12,3,16],"texture":"#0","tintindex":0},
				"south":{"uv":[2,12,3,16],"texture":"#0","tintindex":0},
				"west":{"uv":[2,12,3,16],"texture":"#0","tintindex":0},
				"up":{"uv":[2,12,3,13],"texture":"#0","tintindex":0},
				"down":{"uv":[2,15,3,16],"texture":"#0","cullface":"down","tintindex":0}
			}
		},
		{
			"from":[15,8,14],
			"to":[16,12,15],
			"rotation":{"angle":0,"axis":"y","origin":[8,16,8]},
			"faces":{
				"north":{"uv":[0,9,1,11],"texture":"#0","tintindex":0},
				"east":{"uv":[0,9,1,11],"texture":"#0","tintindex":0},
				"south":{"uv":[0,9,1,11],"texture":"#0","tintindex":0},
				"west":{"uv":[0,9,1,11],"texture":"#0","tintindex":0},
				"up":{"uv":[0,9,1,10],"texture":"#0","tintindex":0},
				"down":{"uv":[0,10,1,11],"texture":"#0","tintindex":0}
			}
		},
		{
			"from":[12,25,10],
			"to":[13,29,11],
			"rotation":{"angle":0,"axis":"y","origin":[8,16,8]},
			"faces":{
				"north":{"uv":[0,9,1,11],"texture":"#0","tintindex":0},
				"east":{"uv":[0,9,1,11],"texture":"#0","tintindex":0},
				"south":{"uv":[0,9,1,11],"texture":"#0","tintindex":0},
				"west":{"uv":[0,9,1,11],"texture":"#0","tintindex":0},
				"up":{"uv":[0,9,1,10],"texture":"#0","tintindex":0},
				"down":{"uv":[0,10,1,11],"texture":"#0","tintindex":0}
			}
		},
		{
			"from":[8,0,1],
			"to":[9,6,2],
			"rotation":{"angle":0,"axis":"y","origin":[8,16,8]},
			"faces":{
				"north":{"uv":[1,13,2,16],"texture":"#0","tintindex":0},
				"east":{"uv":[1,13,2,16],"texture":"#0","tintindex":0},
				"south":{"uv":[1,13,2,16],"texture":"#0","tintindex":0},
				"west":{"uv":[1,13,2,16],"texture":"#0","tintindex":0},
				"up":{"uv":[1,13,2,14],"texture":"#0","tintindex":0},
				"down":{"uv":[1,15,2,16],"texture":"#0","cullface":"down","tintindex":0}
			}
		},
		{
			"from":[5,0,5],
			"to":[6,12,6],
			"rotation":{"angle":0,"axis":"y","origin":[12,16,11]},
			"faces":{
				"north":{"uv":[6,10,7,16],"texture":"#0","tintindex":0},
				"east":{"uv":[6,10,7,16],"texture":"#0","tintindex":0},
				"south":{"uv":[6,10,7,16],"texture":"#0","tintindex":0},
				"west":{"uv":[6,10,7,16],"texture":"#0","tintindex":0},
				"up":{"uv":[6,10,7,11],"texture":"#0","tintindex":0},
				"down":{"uv":[6,15,7,16],"texture":"#0","cullface":"down","tintindex":0}
			}
		},
		{
			"from":[4,10,5],
			"to":[5,20,6],
			"rotation":{"angle":0,"axis":"y","origin":[12,16,11]},
			"faces":{
				"north":{"uv":[11,5,12,10],"texture":"#0","tintindex":0},
				"east":{"uv":[11,5,12,10],"texture":"#0","tintindex":0},
				"south":{"uv":[11,5,12,10],"texture":"#0","tintindex":0},
				"west":{"uv":[11,5,12,10],"texture":"#0","tintindex":0},
				"up":{"uv":[11,5,12,6],"texture":"#0","tintindex":0},
				"down":{"uv":[11,9,12,10],"texture":"#0","tintindex":0}
			}
		},
		{
			"from":[3,20,5],
			"to":[4,28,6],
			"rotation":{"angle":0,"axis":"y","origin":[12,16,11]},
			"faces":{
				"north":{"uv":[7,3,8,7],"texture":"#0","tintindex":0},
				"east":{"uv":[7,3,8,7],"texture":"#0","tintindex":0},
				"south":{"uv":[7,3,8,7],"texture":"#0","tintindex":0},
				"west":{"uv":[7,3,8,7],"texture":"#0","tintindex":0},
				"up":{"uv":[7,3,8,4],"texture":"#0","tintindex":0},
				"down":{"uv":[7,6,8,7],"texture":"#0","tintindex":0}
			}
		},
		{
			"from":[8,0,8],
			"to":[9,24,9],
			"rotation":{"angle":0,"axis":"y","origin":[8,16,8]},
			"faces":{
				"north":{"uv":[5,4,6,16],"texture":"#0","tintindex":0},
				"east":{"uv":[5,4,6,16],"texture":"#0","tintindex":0},
				"south":{"uv":[5,4,6,16],"texture":"#0","tintindex":0},
				"west":{"uv":[5,4,6,16],"texture":"#0","tintindex":0},
				"up":{"uv":[5,4,6,5],"texture":"#0","tintindex":0},
				"down":{"uv":[5,15,6,16],"texture":"#0","cullface":"down","tintindex":0}
			}
		},
		{
			"from":[7,0,6],
			"to":[8,6,7],
			"rotation":{"angle":0,"axis":"y","origin":[8,16,8]},
			"faces":{
				"north":{"uv":[8,6,9,9],"texture":"#0","tintindex":0},
				"east":{"uv":[8,6,9,9],"texture":"#0","tintindex":0},
				"south":{"uv":[8,6,9,9],"texture":"#0","tintindex":0},
				"west":{"uv":[8,6,9,9],"texture":"#0","tintindex":0},
				"up":{"uv":[8,6,9,7],"texture":"#0","tintindex":0},
				"down":{"uv":[8,8,9,9],"texture":"#0","cullface":"down","tintindex":0}
			}
		},
		{
			"from":[12,0,3],
			"to":[13,8,4],
			"rotation":{"angle":0,"axis":"y","origin":[8,16,8]},
			"faces":{
				"north":{"uv":[8,6,9,10],"texture":"#0","tintindex":0},
				"east":{"uv":[8,6,9,10],"texture":"#0","tintindex":0},
				"south":{"uv":[8,6,9,10],"texture":"#0","tintindex":0},
				"west":{"uv":[8,6,9,10],"texture":"#0","tintindex":0},
				"up":{"uv":[8,6,9,7],"texture":"#0","tintindex":0},
				"down":{"uv":[8,9,9,10],"texture":"#0","cullface":"down","tintindex":0}
			}
		},
		{
			"from":[9,0,4],
			"to":[10,4,5],
			"rotation":{"angle":0,"axis":"y","origin":[8,16,8]},
			"faces":{
				"north":{"uv":[15,14,16,16],"texture":"#0","tintindex":0},
				"east":{"uv":[15,14,16,16],"texture":"#0","tintindex":0},
				"south":{"uv":[15,14,16,16],"texture":"#0","tintindex":0},
				"west":{"uv":[15,14,16,16],"texture":"#0","tintindex":0},
				"up":{"uv":[15,14,16,15],"texture":"#0","tintindex":0},
				"down":{"uv":[15,15,16,16],"texture":"#0","cullface":"down","tintindex":0}
			}
		},
		{
			"from":[12,0,14],
			"to":[13,2,15],
			"rotation":{"angle":0,"axis":"y","origin":[8,16,8]},
			"faces":{
				"north":{"uv":[0,15,1,16],"texture":"#0","tintindex":0},
				"east":{"uv":[0,15,1,16],"texture":"#0","tintindex":0},
				"south":{"uv":[0,15,1,16],"texture":"#0","tintindex":0},
				"west":{"uv":[0,15,1,16],"texture":"#0","tintindex":0},
				"up":{"uv":[0,15,1,16],"texture":"#0","tintindex":0},
				"down":{"uv":[0,15,1,16],"texture":"#0","cullface":"down","tintindex":0}
			}
		},
		{
			"from":[6,0,10],
			"to":[7,8,11],
			"rotation":{"angle":0,"axis":"y","origin":[8,16,8]},
			"faces":{
				"north":{"uv":[2,7,3,11],"texture":"#0","tintindex":0},
				"east":{"uv":[2,7,3,11],"texture":"#0","tintindex":0},
				"south":{"uv":[2,7,3,11],"texture":"#0","tintindex":0},
				"west":{"uv":[2,7,3,11],"texture":"#0","tintindex":0},
				"up":{"uv":[2,7,3,8],"texture":"#0","tintindex":0},
				"down":{"uv":[2,10,3,11],"texture":"#0","cullface":"down","tintindex":0}
			}
		},
		{
			"from":[6,8,11],
			"to":[7,12,12],
			"rotation":{"angle":0,"axis":"y","origin":[8,16,8]},
			"faces":{
				"north":{"uv":[12,3,13,5],"texture":"#0","tintindex":0},
				"east":{"uv":[12,3,13,5],"texture":"#0","tintindex":0},
				"south":{"uv":[12,3,13,5],"texture":"#0","tintindex":0},
				"west":{"uv":[12,3,13,5],"texture":"#0","tintindex":0},
				"up":{"uv":[12,3,13,4],"texture":"#0","tintindex":0},
				"down":{"uv":[12,4,13,5],"texture":"#0","tintindex":0}
			}
		},
		{
			"from":[7,0,12],
			"to":[8,4,13],
			"rotation":{"angle":0,"axis":"y","origin":[8,16,8]},
			"faces":{
				"north":{"uv":[12,3,13,5],"texture":"#0","tintindex":0},
				"east":{"uv":[12,3,13,5],"texture":"#0","tintindex":0},
				"south":{"uv":[12,3,13,5],"texture":"#0","tintindex":0},
				"west":{"uv":[12,3,13,5],"texture":"#0","tintindex":0},
				"up":{"uv":[12,3,13,4],"texture":"#0","tintindex":0},
				"down":{"uv":[12,4,13,5],"texture":"#0","cullface":"down","tintindex":0}
			}
		},
		{
			"from":[4,0,9],
			"to":[5,6,10],
			"rotation":{"angle":0,"axis":"y","origin":[8,16,8]},
			"faces":{
				"north":{"uv":[2,13,3,16],"texture":"#0","tintindex":0},
				"east":{"uv":[2,13,3,16],"texture":"#0","tintindex":0},
				"south":{"uv":[2,13,3,16],"texture":"#0","tintindex":0},
				"west":{"uv":[2,13,3,16],"texture":"#0","tintindex":0},
				"up":{"uv":[2,13,3,14],"texture":"#0","tintindex":0},
				"down":{"uv":[2,15,3,16],"texture":"#0","cullface":"down","tintindex":0}
			}
		},
		{
			"from":[2,0,8],
			"to":[3,2,9],
			"rotation":{"angle":0,"axis":"y","origin":[8,16,8]},
			"faces":{
				"north":{"uv":[3,4,4,5],"texture":"#0","tintindex":0},
				"east":{"uv":[3,4,4,5],"texture":"#0","tintindex":0},
				"south":{"uv":[3,4,4,5],"texture":"#0","tintindex":0},
				"west":{"uv":[3,4,4,5],"texture":"#0","tintindex":0},
				"up":{"uv":[3,4,4,5],"texture":"#0","tintindex":0},
				"down":{"uv":[3,4,4,5],"texture":"#0","cullface":"down","tintindex":0}
			}
		}
	]
}