{
	"__comment":"Designed by GeForceLegend",
	"ambientocclusion":false,
	"textures":{
		"0":"block/tall_seagrass_top",
		"particle":"block/tall_seagrass_top"
	},
	"elements":[
		{
			"from":[0,0,11.01],
			"to":[16,1,11.99],
			"faces":{
				"up":{"uv":[16.0314,15,-0.0314,16],"texture":"#0"},
				"down":{"uv":[16.0314,15,-0.0314,16],"texture":"#0"}
			}
		},
		{
			"from":[0,1,11.01],
			"to":[16,2,11.99],
			"faces":{
				"up":{"uv":[16.0314,14,-0.0314,15],"texture":"#0"},
				"down":{"uv":[16.0314,14,-0.0314,15],"texture":"#0"}
			}
		},
		{
			"from":[0,2,11.01],
			"to":[16,3,11.99],
			"faces":{
				"up":{"uv":[16.0314,13,-0.0314,14],"texture":"#0"},
				"down":{"uv":[16.0314,13,-0.0314,14],"texture":"#0"}
			}
		},
		{
			"from":[0,3,11.01],
			"to":[16,4,11.99],
			"faces":{
				"up":{"uv":[16.0314,12,-0.0314,13],"texture":"#0"},
				"down":{"uv":[16.0314,12,-0.0314,13],"texture":"#0"}
			}
		},
		{
			"from":[0,4,11.01],
			"to":[16,5,11.99],
			"faces":{
				"up":{"uv":[16.0314,11,-0.0314,12],"texture":"#0"},
				"down":{"uv":[16.0314,11,-0.0314,12],"texture":"#0"}
			}
		},
		{
			"from":[0,6,11.01],
			"to":[16,7,11.99],
			"faces":{
				"up":{"uv":[16.0314,9,-0.0314,10],"texture":"#0"},
				"down":{"uv":[16.0314,9,-0.0314,10],"texture":"#0"}
			}
		},
		{
			"from":[0,5,11.01],
			"to":[16,8,11.99],
			"faces":{
				"up":{"uv":[16.0314,8,-0.0314,9],"texture":"#0"},
				"down":{"uv":[16.0314,10,-0.0314,11],"texture":"#0"}
			}
		},
		{
			"from":[0,8,11.01],
			"to":[16,9,11.99],
			"faces":{
				"up":{"uv":[16.0314,7,-0.0314,8],"texture":"#0"},
				"down":{"uv":[16.0314,7,-0.0314,8],"texture":"#0"}
			}
		},
		{
			"from":[0,9,11.01],
			"to":[16,10,11.99],
			"faces":{
				"up":{"uv":[16.0314,6,-0.0314,7],"texture":"#0"},
				"down":{"uv":[16.0314,6,-0.0314,7],"texture":"#0"}
			}
		},
		{
			"from":[0,10,11.01],
			"to":[16,11,11.99],
			"faces":{
				"up":{"uv":[16.0314,5,-0.0314,6],"texture":"#0"},
				"down":{"uv":[16.0314,5,-0.0314,6],"texture":"#0"}
			}
		},
		{
			"from":[0,12,11.01],
			"to":[16,13,11.99],
			"faces":{
				"up":{"uv":[16.0314,3,-0.0314,4],"texture":"#0"},
				"down":{"uv":[16.0314,3,-0.0314,4],"texture":"#0"}
			}
		},
		{
			"from":[0,13,11.01],
			"to":[16,14,11.99],
			"faces":{
				"up":{"uv":[16.0314,2,-0.0314,3],"texture":"#0"},
				"down":{"uv":[16.0314,2,-0.0314,3],"texture":"#0"}
			}
		},
		{
			"from":[0,14,11.01],
			"to":[16,15,11.99],
			"faces":{
				"up":{"uv":[16.0314,1,-0.0314,2],"texture":"#0"},
				"down":{"uv":[16.0314,1,-0.0314,2],"texture":"#0"}
			}
		},
		{
			"from":[13,0,11.01],
			"to":[14,16,11.99],
			"faces":{
				"east":{"uv":[3,-0.0314,2,16.0314],"texture":"#0"}
			}
		},
		{
			"from":[12,0,11.01],
			"to":[13,16,11.99],
			"faces":{
				"east":{"uv":[4,-0.0314,3,16.0314],"texture":"#0"},
				"west":{"uv":[4,-0.0314,3,16.0314],"texture":"#0"}
			}
		},
		{
			"from":[11,0,11.01],
			"to":[12,16,11.99],
			"faces":{
				"east":{"uv":[5,-0.0314,4,16.0314],"texture":"#0"},
				"west":{"uv":[5,-0.0314,4,16.0314],"texture":"#0"}
			}
		},
		{
			"from":[10,0,11.01],
			"to":[11,16,11.99],
			"faces":{
				"east":{"uv":[6,-0.0314,5,16.0314],"texture":"#0"},
				"west":{"uv":[6,-0.0314,5,16.0314],"texture":"#0"}
			}
		},
		{
			"from":[9,0,11.01],
			"to":[10,16,11.99],
			"faces":{
				"east":{"uv":[7,-0.0314,6,16.0314],"texture":"#0"},
				"west":{"uv":[7,-0.0314,6,16.0314],"texture":"#0"}
			}
		},
		{
			"from":[8,0,11.01],
			"to":[9,16,11.99],
			"faces":{
				"east":{"uv":[8,-0.0314,7,16.0314],"texture":"#0"},
				"west":{"uv":[8,-0.0314,7,16.0314],"texture":"#0"}
			}
		},
		{
			"from":[7,0,11.01],
			"to":[8,16,11.99],
			"faces":{
				"east":{"uv":[9,-0.0314,8,16.0314],"texture":"#0"},
				"west":{"uv":[9,-0.0314,8,16.0314],"texture":"#0"}
			}
		},
		{
			"from":[6,0,11.01],
			"to":[7,16,11.99],
			"faces":{
				"east":{"uv":[10,-0.0314,9,16.0314],"texture":"#0"},
				"west":{"uv":[10,-0.0314,9,16.0314],"texture":"#0"}
			}
		},
		{
			"from":[5,0,11.01],
			"to":[6,16,11.99],
			"faces":{
				"east":{"uv":[11,-0.0314,10,16.0314],"texture":"#0"},
				"west":{"uv":[11,-0.0314,10,16.0314],"texture":"#0"}
			}
		},
		{
			"from":[4,0,11.01],
			"to":[5,16,11.99],
			"faces":{
				"east":{"uv":[12,-0.0314,11,16.0314],"texture":"#0"},
				"west":{"uv":[12,-0.0314,11,16.0314],"texture":"#0"}
			}
		},
		{
			"from":[3,0,11.01],
			"to":[4,16,11.99],
			"faces":{
				"east":{"uv":[13,-0.0314,12,16.0314],"texture":"#0"},
				"west":{"uv":[13,-0.0314,12,16.0314],"texture":"#0"}
			}
		},
		{
			"from":[2,0,11.01],
			"to":[3,16,11.99],
			"faces":{
				"east":{"uv":[14,-0.0314,13,16.0314],"texture":"#0"},
				"west":{"uv":[14,-0.0314,13,16.0314],"texture":"#0"}
			}
		},
		{
			"from":[0,0,11.01],
			"to":[16,16,11.99],
			"faces":{
				"north":{"uv":[-0.0314,-0.0314,16.0314,16.0314],"texture":"#0"},
				"south":{"uv":[16.0314,-0.0314,-0.0314,16.0314],"texture":"#0"}
			}
		},
		{
			"from":[0,0,4.01],
			"to":[16,1,4.99],
			"faces":{
				"up":{"uv":[-0.0314,15,16.0314,16],"texture":"#0"},
				"down":{"uv":[-0.0314,15,16.0314,16],"texture":"#0"}
			}
		},
		{
			"from":[0,1,4.01],
			"to":[16,2,4.99],
			"faces":{
				"up":{"uv":[-0.0314,14,16.0314,15],"texture":"#0"},
				"down":{"uv":[-0.0314,14,16.0314,15],"texture":"#0"}
			}
		},
		{
			"from":[0,2,4.01],
			"to":[16,3,4.99],
			"faces":{
				"up":{"uv":[-0.0314,13,16.0314,14],"texture":"#0"},
				"down":{"uv":[-0.0314,13,16.0314,14],"texture":"#0"}
			}
		},
		{
			"from":[0,3,4.01],
			"to":[16,4,4.99],
			"faces":{
				"up":{"uv":[-0.0314,12,16.0314,13],"texture":"#0"},
				"down":{"uv":[-0.0314,12,16.0314,13],"texture":"#0"}
			}
		},
		{
			"from":[0,4,4.01],
			"to":[16,5,4.99],
			"faces":{
				"up":{"uv":[-0.0314,11,16.0314,12],"texture":"#0"},
				"down":{"uv":[-0.0314,11,16.0314,12],"texture":"#0"}
			}
		},
		{
			"from":[0,6,4.01],
			"to":[16,7,4.99],
			"faces":{
				"up":{"uv":[-0.0314,9,16.0314,10],"texture":"#0"},
				"down":{"uv":[-0.0314,9,16.0314,10],"texture":"#0"}
			}
		},
		{
			"from":[0,5,4.01],
			"to":[16,8,4.99],
			"faces":{
				"up":{"uv":[-0.0314,8,16.0314,9],"texture":"#0"},
				"down":{"uv":[-0.0314,10,16.0314,11],"texture":"#0"}
			}
		},
		{
			"from":[0,8,4.01],
			"to":[16,9,4.99],
			"faces":{
				"up":{"uv":[-0.0314,7,16.0314,8],"texture":"#0"},
				"down":{"uv":[-0.0314,7,16.0314,8],"texture":"#0"}
			}
		},
		{
			"from":[0,9,4.01],
			"to":[16,10,4.99],
			"faces":{
				"up":{"uv":[-0.0314,6,16.0314,7],"texture":"#0"},
				"down":{"uv":[-0.0314,6,16.0314,7],"texture":"#0"}
			}
		},
		{
			"from":[0,10,4.01],
			"to":[16,11,4.99],
			"faces":{
				"up":{"uv":[-0.0314,5,16.0314,6],"texture":"#0"},
				"down":{"uv":[-0.0314,5,16.0314,6],"texture":"#0"}
			}
		},
		{
			"from":[0,12,4.01],
			"to":[16,13,4.99],
			"faces":{
				"up":{"uv":[-0.0314,3,16.0314,4],"texture":"#0"},
				"down":{"uv":[-0.0314,3,16.0314,4],"texture":"#0"}
			}
		},
		{
			"from":[0,13,4.01],
			"to":[16,14,4.99],
			"faces":{
				"up":{"uv":[-0.0314,2,16.0314,3],"texture":"#0"},
				"down":{"uv":[-0.0314,2,16.0314,3],"texture":"#0"}
			}
		},
		{
			"from":[0,14,4.01],
			"to":[16,15,4.99],
			"faces":{
				"up":{"uv":[-0.0314,1,16.0314,2],"texture":"#0"},
				"down":{"uv":[-0.0314,1,16.0314,2],"texture":"#0"}
			}
		},
		{
			"from":[2,0,4.01],
			"to":[3,16,4.99],
			"faces":{
				"west":{"uv":[2,-0.0314,3,16.0314],"texture":"#0"}
			}
		},
		{
			"from":[3,0,4.01],
			"to":[4,16,4.99],
			"faces":{
				"east":{"uv":[3,-0.0314,4,16.0314],"texture":"#0"},
				"west":{"uv":[3,-0.0314,4,16.0314],"texture":"#0"}
			}
		},
		{
			"from":[4,0,4.01],
			"to":[5,16,4.99],
			"faces":{
				"east":{"uv":[4,-0.0314,5,16.0314],"texture":"#0"},
				"west":{"uv":[4,-0.0314,5,16.0314],"texture":"#0"}
			}
		},
		{
			"from":[5,0,4.01],
			"to":[6,16,4.99],
			"faces":{
				"east":{"uv":[5,-0.0314,6,16.0314],"texture":"#0"},
				"west":{"uv":[5,-0.0314,6,16.0314],"texture":"#0"}
			}
		},
		{
			"from":[6,0,4.01],
			"to":[7,16,4.99],
			"faces":{
				"east":{"uv":[6,-0.0314,7,16.0314],"texture":"#0"},
				"west":{"uv":[6,-0.0314,7,16.0314],"texture":"#0"}
			}
		},
		{
			"from":[7,0,4.01],
			"to":[8,16,4.99],
			"faces":{
				"east":{"uv":[7,-0.0314,8,16.0314],"texture":"#0"},
				"west":{"uv":[7,-0.0314,8,16.0314],"texture":"#0"}
			}
		},
		{
			"from":[8,0,4.01],
			"to":[9,16,4.99],
			"faces":{
				"east":{"uv":[8,-0.0314,9,16.0314],"texture":"#0"},
				"west":{"uv":[8,-0.0314,9,16.0314],"texture":"#0"}
			}
		},
		{
			"from":[9,0,4.01],
			"to":[10,16,4.99],
			"faces":{
				"east":{"uv":[9,-0.0314,10,16.0314],"texture":"#0"},
				"west":{"uv":[9,-0.0314,10,16.0314],"texture":"#0"}
			}
		},
		{
			"from":[10,0,4.01],
			"to":[11,16,4.99],
			"faces":{
				"east":{"uv":[10,-0.0314,11,16.0314],"texture":"#0"},
				"west":{"uv":[10,-0.0314,11,16.0314],"texture":"#0"}
			}
		},
		{
			"from":[11,0,4.01],
			"to":[12,16,4.99],
			"faces":{
				"east":{"uv":[11,-0.0314,12,16.0314],"texture":"#0"},
				"west":{"uv":[11,-0.0314,12,16.0314],"texture":"#0"}
			}
		},
		{
			"from":[12,0,4.01],
			"to":[13,16,4.99],
			"faces":{
				"east":{"uv":[12,-0.0314,13,16.0314],"texture":"#0"},
				"west":{"uv":[12,-0.0314,13,16.0314],"texture":"#0"}
			}
		},
		{
			"from":[13,0,4.01],
			"to":[14,16,4.99],
			"faces":{
				"east":{"uv":[13,-0.0314,14,16.0314],"texture":"#0"},
				"west":{"uv":[13,-0.0314,14,16.0314],"texture":"#0"}
			}
		},
		{
			"from":[0,0,4.01],
			"to":[16,16,4.99],
			"faces":{
				"north":{"uv":[16.0314,-0.0314,-0.0314,16.0314],"texture":"#0"},
				"south":{"uv":[-0.0314,-0.0314,16.0314,16.0314],"texture":"#0"}
			}
		},
		{
			"from":[11.01,0,0],
			"to":[11.99,16,16],
			"faces":{
				"east":{"uv":[16.0314,-0.0314,-0.0314,16.0314],"texture":"#0"},
				"west":{"uv":[-0.0314,-0.0314,16.0314,16.0314],"texture":"#0"}
			}
		},
		{
			"from":[11.01,0,13],
			"to":[11.99,16,14],
			"faces":{
				"north":{"uv":[13,-0.0314,14,16.0314],"texture":"#0"},
				"south":{"uv":[13,-0.0314,14,16.0314],"texture":"#0"}
			}
		},
		{
			"from":[11.01,0,12],
			"to":[11.99,16,13],
			"faces":{
				"north":{"uv":[12,-0.0314,13,16.0314],"texture":"#0"},
				"south":{"uv":[12,-0.0314,13,16.0314],"texture":"#0"}
			}
		},
		{
			"from":[11.01,0,11],
			"to":[11.99,16,12],
			"faces":{
				"north":{"uv":[11,-0.0314,12,16.0314],"texture":"#0"},
				"south":{"uv":[11,-0.0314,12,16.0314],"texture":"#0"}
			}
		},
		{
			"from":[11.01,0,10],
			"to":[11.99,16,11],
			"faces":{
				"north":{"uv":[10,-0.0314,11,16.0314],"texture":"#0"},
				"south":{"uv":[10,-0.0314,11,16.0314],"texture":"#0"}
			}
		},
		{
			"from":[11.01,0,9],
			"to":[11.99,16,10],
			"faces":{
				"north":{"uv":[9,-0.0314,10,16.0314],"texture":"#0"},
				"south":{"uv":[9,-0.0314,10,16.0314],"texture":"#0"}
			}
		},
		{
			"from":[11.01,0,8],
			"to":[11.99,16,9],
			"faces":{
				"north":{"uv":[8,-0.0314,9,16.0314],"texture":"#0"},
				"south":{"uv":[8,-0.0314,9,16.0314],"texture":"#0"}
			}
		},
		{
			"from":[11.01,0,7],
			"to":[11.99,16,8],
			"faces":{
				"north":{"uv":[7,-0.0314,8,16.0314],"texture":"#0"},
				"south":{"uv":[7,-0.0314,8,16.0314],"texture":"#0"}
			}
		},
		{
			"from":[11.01,0,6],
			"to":[11.99,16,7],
			"faces":{
				"north":{"uv":[6,-0.0314,7,16.0314],"texture":"#0"},
				"south":{"uv":[6,-0.0314,7,16.0314],"texture":"#0"}
			}
		},
		{
			"from":[11.01,0,5],
			"to":[11.99,16,6],
			"faces":{
				"north":{"uv":[5,-0.0314,6,16.0314],"texture":"#0"},
				"south":{"uv":[5,-0.0314,6,16.0314],"texture":"#0"}
			}
		},
		{
			"from":[11.01,0,4],
			"to":[11.99,16,5],
			"faces":{
				"north":{"uv":[4,-0.0314,5,16.0314],"texture":"#0"},
				"south":{"uv":[4,-0.0314,5,16.0314],"texture":"#0"}
			}
		},
		{
			"from":[11.01,0,3],
			"to":[11.99,16,4],
			"faces":{
				"north":{"uv":[3,-0.0314,4,16.0314],"texture":"#0"},
				"south":{"uv":[3,-0.0314,4,16.0314],"texture":"#0"}
			}
		},
		{
			"from":[11.01,0,2],
			"to":[11.99,16,3],
			"faces":{
				"north":{"uv":[2,-0.0314,3,16.0314],"texture":"#0"}
			}
		},
		{
			"from":[11.01,14,0],
			"to":[11.99,15,16],
			"faces":{
				"up":{"uv":[-0.0314,1,16.0314,2],"rotation":90,"texture":"#0"},
				"down":{"uv":[-0.0314,1,16.0314,2],"rotation":270,"texture":"#0"}
			}
		},
		{
			"from":[11.01,13,0],
			"to":[11.99,14,16],
			"faces":{
				"up":{"uv":[-0.0314,2,16.0314,3],"rotation":90,"texture":"#0"},
				"down":{"uv":[-0.0314,2,16.0314,3],"rotation":270,"texture":"#0"}
			}
		},
		{
			"from":[11.01,12,0],
			"to":[11.99,13,16],
			"faces":{
				"up":{"uv":[-0.0314,3,16.0314,4],"rotation":90,"texture":"#0"},
				"down":{"uv":[-0.0314,3,16.0314,4],"rotation":270,"texture":"#0"}
			}
		},
		{
			"from":[11.01,10,0],
			"to":[11.99,11,16],
			"faces":{
				"up":{"uv":[-0.0314,5,16.0314,6],"rotation":90,"texture":"#0"},
				"down":{"uv":[-0.0314,5,16.0314,6],"rotation":270,"texture":"#0"}
			}
		},
		{
			"from":[11.01,9,0],
			"to":[11.99,10,16],
			"faces":{
				"up":{"uv":[-0.0314,6,16.0314,7],"rotation":90,"texture":"#0"},
				"down":{"uv":[-0.0314,6,16.0314,7],"rotation":270,"texture":"#0"}
			}
		},
		{
			"from":[11.01,8,0],
			"to":[11.99,9,16],
			"faces":{
				"up":{"uv":[-0.0314,7,16.0314,8],"rotation":90,"texture":"#0"},
				"down":{"uv":[-0.0314,7,16.0314,8],"rotation":270,"texture":"#0"}
			}
		},
		{
			"from":[11.01,5,0],
			"to":[11.99,8,16],
			"faces":{
				"up":{"uv":[-0.0314,8,16.0314,9],"rotation":90,"texture":"#0"},
				"down":{"uv":[-0.0314,10,16.0314,11],"rotation":270,"texture":"#0"}
			}
		},
		{
			"from":[11.01,6,0],
			"to":[11.99,7,16],
			"faces":{
				"up":{"uv":[-0.0314,9,16.0314,10],"rotation":90,"texture":"#0"},
				"down":{"uv":[-0.0314,9,16.0314,10],"rotation":270,"texture":"#0"}
			}
		},
		{
			"from":[11.01,4,0],
			"to":[11.99,5,16],
			"faces":{
				"up":{"uv":[-0.0314,11,16.0314,12],"rotation":90,"texture":"#0"},
				"down":{"uv":[-0.0314,11,16.0314,12],"rotation":270,"texture":"#0"}
			}
		},
		{
			"from":[11.01,3,0],
			"to":[11.99,4,16],
			"faces":{
				"up":{"uv":[-0.0314,12,16.0314,13],"rotation":90,"texture":"#0"},
				"down":{"uv":[-0.0314,12,16.0314,13],"rotation":270,"texture":"#0"}
			}
		},
		{
			"from":[11.01,2,0],
			"to":[11.99,3,16],
			"faces":{
				"up":{"uv":[-0.0314,13,16.0314,14],"rotation":90,"texture":"#0"},
				"down":{"uv":[-0.0314,13,16.0314,14],"rotation":270,"texture":"#0"}
			}
		},
		{
			"from":[11.01,1,0],
			"to":[11.99,2,16],
			"faces":{
				"up":{"uv":[-0.0314,14,16.0314,15],"rotation":90,"texture":"#0"},
				"down":{"uv":[-0.0314,14,16.0314,15],"rotation":270,"texture":"#0"}
			}
		},
		{
			"from":[11.01,0,0],
			"to":[11.99,1,16],
			"faces":{
				"up":{"uv":[-0.0314,15,16.0314,16],"rotation":90,"texture":"#0"},
				"down":{"uv":[-0.0314,15,16.0314,16],"rotation":270,"texture":"#0"}
			}
		},
		{
			"from":[4.01,0,0],
			"to":[4.99,16,16],
			"faces":{
				"east":{"uv":[-0.0314,-0.0314,16.0314,16.0314],"texture":"#0"},
				"west":{"uv":[16.0314,-0.0314,-0.0314,16.0314],"texture":"#0"}
			}
		},
		{
			"from":[4.01,0,0],
			"to":[4.99,1,16],
			"faces":{
				"up":{"uv":[-0.0314,15,16.0314,16],"rotation":270,"texture":"#0"},
				"down":{"uv":[-0.0314,15,16.0314,16],"rotation":90,"texture":"#0"}
			}
		},
		{
			"from":[4.01,1,0],
			"to":[4.99,2,16],
			"faces":{
				"up":{"uv":[-0.0314,14,16.0314,15],"rotation":270,"texture":"#0"},
				"down":{"uv":[-0.0314,14,16.0314,15],"rotation":90,"texture":"#0"}
			}
		},
		{
			"from":[4.01,2,0],
			"to":[4.99,3,16],
			"faces":{
				"up":{"uv":[-0.0314,13,16.0314,14],"rotation":270,"texture":"#0"},
				"down":{"uv":[-0.0314,13,16.0314,14],"rotation":90,"texture":"#0"}
			}
		},
		{
			"from":[4.01,3,0],
			"to":[4.99,4,16],
			"faces":{
				"up":{"uv":[-0.0314,12,16.0314,13],"rotation":270,"texture":"#0"},
				"down":{"uv":[-0.0314,12,16.0314,13],"rotation":90,"texture":"#0"}
			}
		},
		{
			"from":[4.01,4,0],
			"to":[4.99,5,16],
			"faces":{
				"up":{"uv":[-0.0314,11,16.0314,12],"rotation":270,"texture":"#0"},
				"down":{"uv":[-0.0314,11,16.0314,12],"rotation":90,"texture":"#0"}
			}
		},
		{
			"from":[4.01,6,0],
			"to":[4.99,7,16],
			"faces":{
				"up":{"uv":[-0.0314,9,16.0314,10],"rotation":270,"texture":"#0"},
				"down":{"uv":[-0.0314,9,16.0314,10],"rotation":90,"texture":"#0"}
			}
		},
		{
			"from":[4.01,5,0],
			"to":[4.99,8,16],
			"faces":{
				"up":{"uv":[-0.0314,8,16.0314,9],"rotation":270,"texture":"#0"},
				"down":{"uv":[-0.0314,10,16.0314,11],"rotation":90,"texture":"#0"}
			}
		},
		{
			"from":[4.01,8,0],
			"to":[4.99,9,16],
			"faces":{
				"up":{"uv":[-0.0314,7,16.0314,8],"rotation":270,"texture":"#0"},
				"down":{"uv":[-0.0314,7,16.0314,8],"rotation":90,"texture":"#0"}
			}
		},
		{
			"from":[4.01,9,0],
			"to":[4.99,10,16],
			"faces":{
				"up":{"uv":[-0.0314,6,16.0314,7],"rotation":270,"texture":"#0"},
				"down":{"uv":[-0.0314,6,16.0314,7],"rotation":90,"texture":"#0"}
			}
		},
		{
			"from":[4.01,10,0],
			"to":[4.99,11,16],
			"faces":{
				"up":{"uv":[-0.0314,5,16.0314,6],"rotation":270,"texture":"#0"},
				"down":{"uv":[-0.0314,5,16.0314,6],"rotation":90,"texture":"#0"}
			}
		},
		{
			"from":[4.01,12,0],
			"to":[4.99,13,16],
			"faces":{
				"up":{"uv":[-0.0314,3,16.0314,4],"rotation":270,"texture":"#0"},
				"down":{"uv":[-0.0314,3,16.0314,4],"rotation":90,"texture":"#0"}
			}
		},
		{
			"from":[4.01,13,0],
			"to":[4.99,14,16],
			"faces":{
				"up":{"uv":[-0.0314,2,16.0314,3],"rotation":270,"texture":"#0"},
				"down":{"uv":[-0.0314,2,16.0314,3],"rotation":90,"texture":"#0"}
			}
		},
		{
			"from":[4.01,14,0],
			"to":[4.99,15,16],
			"faces":{
				"up":{"uv":[-0.0314,1,16.0314,2],"rotation":270,"texture":"#0"},
				"down":{"uv":[-0.0314,1,16.0314,2],"rotation":90,"texture":"#0"}
			}
		},
		{
			"from":[4.01,0,13],
			"to":[4.99,16,14],
			"faces":{
				"south":{"uv":[2,-0.0314,3,16.0314],"texture":"#0"}
			}
		},
		{
			"from":[4.01,0,12],
			"to":[4.99,16,13],
			"faces":{
				"north":{"uv":[3,-0.0314,4,16.0314],"texture":"#0"},
				"south":{"uv":[3,-0.0314,4,16.0314],"texture":"#0"}
			}
		},
		{
			"from":[4.01,0,11],
			"to":[4.99,16,12],
			"faces":{
				"north":{"uv":[4,-0.0314,5,16.0314],"texture":"#0"},
				"south":{"uv":[4,-0.0314,5,16.0314],"texture":"#0"}
			}
		},
		{
			"from":[4.01,0,10],
			"to":[4.99,16,11],
			"faces":{
				"north":{"uv":[5,-0.0314,6,16.0314],"texture":"#0"},
				"south":{"uv":[5,-0.0314,6,16.0314],"texture":"#0"}
			}
		},
		{
			"from":[4.01,0,9],
			"to":[4.99,16,10],
			"faces":{
				"north":{"uv":[6,-0.0314,7,16.0314],"texture":"#0"},
				"south":{"uv":[6,-0.0314,7,16.0314],"texture":"#0"}
			}
		},
		{
			"from":[4.01,0,8],
			"to":[4.99,16,9],
			"faces":{
				"north":{"uv":[7,-0.0314,8,16.0314],"texture":"#0"},
				"south":{"uv":[7,-0.0314,8,16.0314],"texture":"#0"}
			}
		},
		{
			"from":[4.01,0,7],
			"to":[4.99,16,8],
			"faces":{
				"north":{"uv":[8,-0.0314,9,16.0314],"texture":"#0"},
				"south":{"uv":[8,-0.0314,9,16.0314],"texture":"#0"}
			}
		},
		{
			"from":[4.01,0,6],
			"to":[4.99,16,7],
			"faces":{
				"north":{"uv":[9,-0.0314,10,16.0314],"texture":"#0"},
				"south":{"uv":[9,-0.0314,10,16.0314],"texture":"#0"}
			}
		},
		{
			"from":[4.01,0,5],
			"to":[4.99,16,6],
			"faces":{
				"north":{"uv":[10,-0.0314,11,16.0314],"texture":"#0"},
				"south":{"uv":[10,-0.0314,11,16.0314],"texture":"#0"}
			}
		},
		{
			"from":[4.01,0,4],
			"to":[4.99,16,5],
			"faces":{
				"north":{"uv":[11,-0.0314,12,16.0314],"texture":"#0"},
				"south":{"uv":[11,-0.0314,12,16.0314],"texture":"#0"}
			}
		},
		{
			"from":[4.01,0,3],
			"to":[4.99,16,4],
			"faces":{
				"north":{"uv":[12,-0.0314,13,16.0314],"texture":"#0"},
				"south":{"uv":[12,-0.0314,13,16.0314],"texture":"#0"}
			}
		},
		{
			"from":[4.01,0,2],
			"to":[4.99,16,3],
			"faces":{
				"north":{"uv":[13,-0.0314,14,16.0314],"texture":"#0"},
				"south":{"uv":[13,-0.0314,14,16.0314],"texture":"#0"}
			}
		}
	]
}