{
	"__comment":"Designed by GeForceLegend",
	"ambientocclusion":false,
	"textures":{
		"particle":"#coral"
	},
	"elements":[
		{
			"from":[7.5,0,-0.5],
			"to":[8.5,1,15.5],
			"rotation":{"angle":-45,"axis":"y","origin":[8,4,8]},
			"faces":{
				"up":{"uv":[-0.0314,16,16.0314,15],"rotation":90,"texture":"#coral"},
				"down":{"uv":[-0.0314,16,16.0314,15],"rotation":270,"texture":"#coral","cullface":"down"}
			}
		},
		{
			"from":[7.5,1,-0.5],
			"to":[8.5,2,15.5],
			"rotation":{"angle":-45,"axis":"y","origin":[8,4,8]},
			"faces":{
				"up":{"uv":[-0.0314,15,16.0314,14],"rotation":90,"texture":"#coral"},
				"down":{"uv":[-0.0314,15,16.0314,14],"rotation":270,"texture":"#coral"}
			}
		},
		{
			"from":[7.5,2,-0.5],
			"to":[8.5,3,15.5],
			"rotation":{"angle":-45,"axis":"y","origin":[8,4,8]},
			"faces":{
				"up":{"uv":[-0.0314,14,16.0314,13],"rotation":90,"texture":"#coral"},
				"down":{"uv":[-0.0314,14,16.0314,13],"rotation":270,"texture":"#coral"}
			}
		},
		{
			"from":[7.5,3,-0.5],
			"to":[8.5,4,15.5],
			"rotation":{"angle":-45,"axis":"y","origin":[8,4,8]},
			"faces":{
				"up":{"uv":[-0.0314,13,16.0314,12],"rotation":90,"texture":"#coral"},
				"down":{"uv":[-0.0314,13,16.0314,12],"rotation":270,"texture":"#coral"}
			}
		},
		{
			"from":[7.5,4,-0.5],
			"to":[8.5,5,15.5],
			"rotation":{"angle":-45,"axis":"y","origin":[8,4,8]},
			"faces":{
				"up":{"uv":[-0.0314,12,16.0314,11],"rotation":90,"texture":"#coral"},
				"down":{"uv":[-0.0314,12,16.0314,11],"rotation":270,"texture":"#coral"}
			}
		},
		{
			"from":[7.5,5,-0.5],
			"to":[8.5,6,15.5],
			"rotation":{"angle":-45,"axis":"y","origin":[8,4,8]},
			"faces":{
				"up":{"uv":[-0.0314,11,16.0314,10],"rotation":90,"texture":"#coral"},
				"down":{"uv":[-0.0314,11,16.0314,10],"rotation":270,"texture":"#coral"}
			}
		},
		{
			"from":[7.5,6,-0.5],
			"to":[8.5,7,15.5],
			"rotation":{"angle":-45,"axis":"y","origin":[8,4,8]},
			"faces":{
				"up":{"uv":[-0.0314,10,16.0314,9],"rotation":90,"texture":"#coral"},
				"down":{"uv":[-0.0314,10,16.0314,9],"rotation":270,"texture":"#coral"}
			}
		},
		{
			"from":[7.5,7,-0.5],
			"to":[8.5,8,15.5],
			"rotation":{"angle":-45,"axis":"y","origin":[8,4,8]},
			"faces":{
				"up":{"uv":[-0.0314,9,16.0314,8],"rotation":90,"texture":"#coral"},
				"down":{"uv":[-0.0314,9,16.0314,8],"rotation":270,"texture":"#coral"}
			}
		},
		{
			"from":[7.5,8,-0.5],
			"to":[8.5,9,15.5],
			"rotation":{"angle":-45,"axis":"y","origin":[8,4,8]},
			"faces":{
				"up":{"uv":[-0.0314,8,16.0314,7],"rotation":90,"texture":"#coral"},
				"down":{"uv":[-0.0314,8,16.0314,7],"rotation":270,"texture":"#coral"}
			}
		},
		{
			"from":[7.5,9,-0.5],
			"to":[8.5,10,15.5],
			"rotation":{"angle":-45,"axis":"y","origin":[8,4,8]},
			"faces":{
				"up":{"uv":[-0.0314,7,16.0314,6],"rotation":90,"texture":"#coral"},
				"down":{"uv":[-0.0314,7,16.0314,6],"rotation":270,"texture":"#coral"}
			}
		},
		{
			"from":[7.5,10,-0.5],
			"to":[8.5,11,15.5],
			"rotation":{"angle":-45,"axis":"y","origin":[8,4,8]},
			"faces":{
				"up":{"uv":[-0.0314,6,16.0314,5],"rotation":90,"texture":"#coral"},
				"down":{"uv":[-0.0314,6,16.0314,5],"rotation":270,"texture":"#coral"}
			}
		},
		{
			"from":[7.5,11,-0.5],
			"to":[8.5,12,15.5],
			"rotation":{"angle":-45,"axis":"y","origin":[8,4,8]},
			"faces":{
				"up":{"uv":[-0.0314,5,16.0314,4],"rotation":90,"texture":"#coral"},
				"down":{"uv":[-0.0314,5,16.0314,4],"rotation":270,"texture":"#coral"}
			}
		},
		{
			"from":[7.5,12,-0.5],
			"to":[8.5,13,15.5],
			"rotation":{"angle":-45,"axis":"y","origin":[8,4,8]},
			"faces":{
				"up":{"uv":[-0.0314,4,16.0314,3],"rotation":90,"texture":"#coral"},
				"down":{"uv":[-0.0314,4,16.0314,3],"rotation":270,"texture":"#coral"}
			}
		},
		{
			"from":[7.5,13,-0.5],
			"to":[8.5,14,15.5],
			"rotation":{"angle":-45,"axis":"y","origin":[8,4,8]},
			"faces":{
				"up":{"uv":[-0.0314,3,16.0314,2],"rotation":90,"texture":"#coral"},
				"down":{"uv":[-0.0314,3,16.0314,2],"rotation":270,"texture":"#coral"}
			}
		},
		{
			"from":[7.5,14,-0.5],
			"to":[8.5,15,15.5],
			"rotation":{"angle":-45,"axis":"y","origin":[8,4,8]},
			"faces":{
				"up":{"uv":[-0.0314,2,16.0314,1],"rotation":90,"texture":"#coral"},
				"down":{"uv":[-0.0314,2,16.0314,1],"rotation":270,"texture":"#coral"}
			}
		},
		{
			"from":[7.5,15,-0.5],
			"to":[8.5,16,15.5],
			"rotation":{"angle":-45,"axis":"y","origin":[8,4,8]},
			"faces":{
				"up":{"uv":[-0.0314,1,16.0314,0],"rotation":90,"texture":"#coral","cullface":"up"},
				"down":{"uv":[-0.0314,1,16.0314,0],"rotation":270,"texture":"#coral"}
			}
		},
		{
			"from":[7.5,0,-0.5],
			"to":[8.5,16,0.5],
			"rotation":{"angle":-45,"axis":"y","origin":[8,4,8]},
			"faces":{
				"north":{"uv":[1,-0.0314,0,16.0314],"texture":"#coral"},
				"south":{"uv":[1,-0.0314,0,16.0314],"texture":"#coral"}
			}
		},
		{
			"from":[7.5,0,0.5],
			"to":[8.5,16,1.5],
			"rotation":{"angle":-45,"axis":"y","origin":[8,4,8]},
			"faces":{
				"north":{"uv":[2,-0.0314,1,16.0314],"texture":"#coral"},
				"south":{"uv":[2,-0.0314,1,16.0314],"texture":"#coral"}
			}
		},
		{
			"from":[7.5,0,1.5],
			"to":[8.5,16,2.5],
			"rotation":{"angle":-45,"axis":"y","origin":[8,4,8]},
			"faces":{
				"north":{"uv":[3,-0.0314,2,16.0314],"texture":"#coral"},
				"south":{"uv":[3,-0.0314,2,16.0314],"texture":"#coral"}
			}
		},
		{
			"from":[7.5,0,2.5],
			"to":[8.5,16,3.5],
			"rotation":{"angle":-45,"axis":"y","origin":[8,4,8]},
			"faces":{
				"north":{"uv":[4,-0.0314,3,16.0314],"texture":"#coral"},
				"south":{"uv":[4,-0.0314,3,16.0314],"texture":"#coral"}
			}
		},
		{
			"from":[7.5,0,3.5],
			"to":[8.5,16,4.5],
			"rotation":{"angle":-45,"axis":"y","origin":[8,4,8]},
			"faces":{
				"north":{"uv":[5,-0.0314,4,16.0314],"texture":"#coral"},
				"south":{"uv":[5,-0.0314,4,16.0314],"texture":"#coral"}
			}
		},
		{
			"from":[7.5,0,4.5],
			"to":[8.5,16,5.5],
			"rotation":{"angle":-45,"axis":"y","origin":[8,4,8]},
			"faces":{
				"north":{"uv":[6,-0.0314,5,16.0314],"texture":"#coral"},
				"south":{"uv":[6,-0.0314,5,16.0314],"texture":"#coral"}
			}
		},
		{
			"from":[7.5,0,5.5],
			"to":[8.5,16,6.5],
			"rotation":{"angle":-45,"axis":"y","origin":[8,4,8]},
			"faces":{
				"north":{"uv":[7,-0.0314,6,16.0314],"texture":"#coral"},
				"south":{"uv":[7,-0.0314,6,16.0314],"texture":"#coral"}
			}
		},
		{
			"from":[7.5,0,6.5],
			"to":[8.5,16,7.5],
			"rotation":{"angle":-45,"axis":"y","origin":[8,4,8]},
			"faces":{
				"north":{"uv":[8,-0.0314,7,16.0314],"texture":"#coral"},
				"south":{"uv":[8,-0.0314,7,16.0314],"texture":"#coral"}
			}
		},
		{
			"from":[7.5,0,8.5],
			"to":[8.5,16,9.5],
			"rotation":{"angle":-45,"axis":"y","origin":[8,4,8]},
			"faces":{
				"north":{"uv":[10,-0.0314,9,16.0314],"texture":"#coral"},
				"south":{"uv":[10,-0.0314,9,16.0314],"texture":"#coral"}
			}
		},
		{
			"from":[7.5,0,9.5],
			"to":[8.5,16,10.5],
			"rotation":{"angle":-45,"axis":"y","origin":[8,4,8]},
			"faces":{
				"north":{"uv":[11,-0.0314,10,16.0314],"texture":"#coral"},
				"south":{"uv":[11,-0.0314,10,16.0314],"texture":"#coral"}
			}
		},
		{
			"from":[7.5,0,10.5],
			"to":[8.5,16,11.5],
			"rotation":{"angle":-45,"axis":"y","origin":[8,4,8]},
			"faces":{
				"north":{"uv":[12,-0.0314,11,16.0314],"texture":"#coral"},
				"south":{"uv":[12,-0.0314,11,16.0314],"texture":"#coral"}
			}
		},
		{
			"from":[7.5,0,11.5],
			"to":[8.5,16,12.5],
			"rotation":{"angle":-45,"axis":"y","origin":[8,4,8]},
			"faces":{
				"north":{"uv":[13,-0.0314,12,16.0314],"texture":"#coral"},
				"south":{"uv":[13,-0.0314,12,16.0314],"texture":"#coral"}
			}
		},
		{
			"from":[7.5,0,12.5],
			"to":[8.5,16,13.5],
			"rotation":{"angle":-45,"axis":"y","origin":[8,4,8]},
			"faces":{
				"north":{"uv":[14,-0.0314,13,16.0314],"texture":"#coral"},
				"south":{"uv":[14,-0.0314,13,16.0314],"texture":"#coral"}
			}
		},
		{
			"from":[7.5,0,13.5],
			"to":[8.5,16,14.5],
			"rotation":{"angle":-45,"axis":"y","origin":[8,4,8]},
			"faces":{
				"north":{"uv":[15,-0.0314,14,16.0314],"texture":"#coral"},
				"south":{"uv":[15,-0.0314,14,16.0314],"texture":"#coral"}
			}
		},
		{
			"from":[7.5,0,14.5],
			"to":[8.5,16,15.5],
			"rotation":{"angle":-45,"axis":"y","origin":[8,4,8]},
			"faces":{
				"north":{"uv":[16,-0.0314,15,16.0314],"texture":"#coral"},
				"south":{"uv":[16,-0.0314,15,16.0314],"texture":"#coral"}
			}
		},
		{
			"from":[7.5,0,-0.5],
			"to":[8.5,16,15.5],
			"rotation":{"angle":-45,"axis":"y","origin":[8,4,8]},
			"faces":{
				"east":{"uv":[16.0314,-0.0314,-0.0314,16.0314],"texture":"#coral"},
				"west":{"uv":[-0.0314,-0.0314,16.0314,16.0314],"texture":"#coral"}
			}
		},
		{
			"from":[0.5,0,7.5],
			"to":[16.5,1,8.5],
			"rotation":{"angle":-45,"axis":"y","origin":[8,4,8]},
			"faces":{
				"up":{"uv":[-0.0314,16,16.0314,15],"rotation":180,"texture":"#coral"},
				"down":{"uv":[-0.0314,16,16.0314,15],"rotation":180,"texture":"#coral","cullface":"down"}
			}
		},
		{
			"from":[0.5,1,7.5],
			"to":[16.5,2,8.5],
			"rotation":{"angle":-45,"axis":"y","origin":[8,4,8]},
			"faces":{
				"up":{"uv":[-0.0314,15,16.0314,14],"rotation":180,"texture":"#coral"},
				"down":{"uv":[-0.0314,15,16.0314,14],"rotation":180,"texture":"#coral"}
			}
		},
		{
			"from":[0.5,2,7.5],
			"to":[16.5,3,8.5],
			"rotation":{"angle":-45,"axis":"y","origin":[8,4,8]},
			"faces":{
				"up":{"uv":[-0.0314,14,16.0314,13],"rotation":180,"texture":"#coral"},
				"down":{"uv":[-0.0314,14,16.0314,13],"rotation":180,"texture":"#coral"}
			}
		},
		{
			"from":[0.5,3,7.5],
			"to":[16.5,4,8.5],
			"rotation":{"angle":-45,"axis":"y","origin":[8,4,8]},
			"faces":{
				"up":{"uv":[-0.0314,13,16.0314,12],"rotation":180,"texture":"#coral"},
				"down":{"uv":[-0.0314,13,16.0314,12],"rotation":180,"texture":"#coral"}
			}
		},
		{
			"from":[0.5,4,7.5],
			"to":[16.5,5,8.5],
			"rotation":{"angle":-45,"axis":"y","origin":[8,4,8]},
			"faces":{
				"up":{"uv":[-0.0314,12,16.0314,11],"rotation":180,"texture":"#coral"},
				"down":{"uv":[-0.0314,12,16.0314,11],"rotation":180,"texture":"#coral"}
			}
		},
		{
			"from":[0.5,5,7.5],
			"to":[16.5,6,8.5],
			"rotation":{"angle":-45,"axis":"y","origin":[8,4,8]},
			"faces":{
				"up":{"uv":[-0.0314,11,16.0314,10],"rotation":180,"texture":"#coral"},
				"down":{"uv":[-0.0314,11,16.0314,10],"rotation":180,"texture":"#coral"}
			}
		},
		{
			"from":[0.5,6,7.5],
			"to":[16.5,7,8.5],
			"rotation":{"angle":-45,"axis":"y","origin":[8,4,8]},
			"faces":{
				"up":{"uv":[-0.0314,10,16.0314,9],"rotation":180,"texture":"#coral"},
				"down":{"uv":[-0.0314,10,16.0314,9],"rotation":180,"texture":"#coral"}
			}
		},
		{
			"from":[0.5,7,7.5],
			"to":[16.5,8,8.5],
			"rotation":{"angle":-45,"axis":"y","origin":[8,4,8]},
			"faces":{
				"up":{"uv":[-0.0314,9,16.0314,8],"rotation":180,"texture":"#coral"},
				"down":{"uv":[-0.0314,9,16.0314,8],"rotation":180,"texture":"#coral"}
			}
		},
		{
			"from":[0.5,8,7.5],
			"to":[16.5,9,8.5],
			"rotation":{"angle":-45,"axis":"y","origin":[8,4,8]},
			"faces":{
				"up":{"uv":[-0.0314,8,16.0314,7],"rotation":180,"texture":"#coral"},
				"down":{"uv":[-0.0314,8,16.0314,7],"rotation":180,"texture":"#coral"}
			}
		},
		{
			"from":[0.5,9,7.5],
			"to":[16.5,10,8.5],
			"rotation":{"angle":-45,"axis":"y","origin":[8,4,8]},
			"faces":{
				"up":{"uv":[-0.0314,7,16.0314,6],"rotation":180,"texture":"#coral"},
				"down":{"uv":[-0.0314,7,16.0314,6],"rotation":180,"texture":"#coral"}
			}
		},
		{
			"from":[0.5,10,7.5],
			"to":[16.5,11,8.5],
			"rotation":{"angle":-45,"axis":"y","origin":[8,4,8]},
			"faces":{
				"up":{"uv":[-0.0314,6,16.0314,5],"rotation":180,"texture":"#coral"},
				"down":{"uv":[-0.0314,6,16.0314,5],"rotation":180,"texture":"#coral"}
			}
		},
		{
			"from":[0.5,11,7.5],
			"to":[16.5,12,8.5],
			"rotation":{"angle":-45,"axis":"y","origin":[8,4,8]},
			"faces":{
				"up":{"uv":[-0.0314,5,16.0314,4],"rotation":180,"texture":"#coral"},
				"down":{"uv":[-0.0314,5,16.0314,4],"rotation":180,"texture":"#coral"}
			}
		},
		{
			"from":[0.5,12,7.5],
			"to":[16.5,13,8.5],
			"rotation":{"angle":-45,"axis":"y","origin":[8,4,8]},
			"faces":{
				"up":{"uv":[-0.0314,4,16.0314,3],"rotation":180,"texture":"#coral"},
				"down":{"uv":[-0.0314,4,16.0314,3],"rotation":180,"texture":"#coral"}
			}
		},
		{
			"from":[0.5,13,7.5],
			"to":[16.5,14,8.5],
			"rotation":{"angle":-45,"axis":"y","origin":[8,4,8]},
			"faces":{
				"up":{"uv":[-0.0314,3,16.0314,2],"rotation":180,"texture":"#coral"},
				"down":{"uv":[-0.0314,3,16.0314,2],"rotation":180,"texture":"#coral"}
			}
		},
		{
			"from":[0.5,14,7.5],
			"to":[16.5,15,8.5],
			"rotation":{"angle":-45,"axis":"y","origin":[8,4,8]},
			"faces":{
				"up":{"uv":[-0.0314,2,16.0314,1],"rotation":180,"texture":"#coral"},
				"down":{"uv":[-0.0314,2,16.0314,1],"rotation":180,"texture":"#coral"}
			}
		},
		{
			"from":[0.5,15,7.5],
			"to":[16.5,16,8.5],
			"rotation":{"angle":-45,"axis":"y","origin":[8,4,8]},
			"faces":{
				"up":{"uv":[-0.0314,1,16.0314,0],"rotation":180,"texture":"#coral","cullface":"up"},
				"down":{"uv":[-0.0314,1,16.0314,0],"rotation":180,"texture":"#coral"}
			}
		},
		{
			"from":[15.5,0,7.5],
			"to":[16.5,16,8.5],
			"rotation":{"angle":-45,"axis":"y","origin":[8,4,8]},
			"faces":{
				"east":{"uv":[1,-0.0314,0,16.0314],"texture":"#coral"},
				"west":{"uv":[1,-0.0314,0,16.0314],"texture":"#coral"}
			}
		},
		{
			"from":[14.5,0,7.5],
			"to":[15.5,16,8.5],
			"rotation":{"angle":-45,"axis":"y","origin":[8,4,8]},
			"faces":{
				"east":{"uv":[2,-0.0314,1,16.0314],"texture":"#coral"},
				"west":{"uv":[2,-0.0314,1,16.0314],"texture":"#coral"}
			}
		},
		{
			"from":[13.5,0,7.5],
			"to":[14.5,16,8.5],
			"rotation":{"angle":-45,"axis":"y","origin":[8,4,8]},
			"faces":{
				"east":{"uv":[3,-0.0314,2,16.0314],"texture":"#coral"},
				"west":{"uv":[3,-0.0314,2,16.0314],"texture":"#coral"}
			}
		},
		{
			"from":[12.5,0,7.5],
			"to":[13.5,16,8.5],
			"rotation":{"angle":-45,"axis":"y","origin":[8,4,8]},
			"faces":{
				"east":{"uv":[4,-0.0314,3,16.0314],"texture":"#coral"},
				"west":{"uv":[4,-0.0314,3,16.0314],"texture":"#coral"}
			}
		},
		{
			"from":[11.5,0,7.5],
			"to":[12.5,16,8.5],
			"rotation":{"angle":-45,"axis":"y","origin":[8,4,8]},
			"faces":{
				"east":{"uv":[5,-0.0314,4,16.0314],"texture":"#coral"},
				"west":{"uv":[5,-0.0314,4,16.0314],"texture":"#coral"}
			}
		},
		{
			"from":[10.5,0,7.5],
			"to":[11.5,16,8.5],
			"rotation":{"angle":-45,"axis":"y","origin":[8,4,8]},
			"faces":{
				"east":{"uv":[6,-0.0314,5,16.0314],"texture":"#coral"},
				"west":{"uv":[6,-0.0314,5,16.0314],"texture":"#coral"}
			}
		},
		{
			"from":[9.5,0,7.5],
			"to":[10.5,16,8.5],
			"rotation":{"angle":-45,"axis":"y","origin":[8,4,8]},
			"faces":{
				"east":{"uv":[7,-0.0314,6,16.0314],"texture":"#coral"},
				"west":{"uv":[7,-0.0314,6,16.0314],"texture":"#coral"}
			}
		},
		{
			"from":[8.5,0,7.5],
			"to":[9.5,16,8.5],
			"rotation":{"angle":-45,"axis":"y","origin":[8,4,8]},
			"faces":{
				"east":{"uv":[8,-0.0314,7,16.0314],"texture":"#coral"},
				"west":{"uv":[8,-0.0314,7,16.0314],"texture":"#coral"}
			}
		},
		{
			"from":[6.5,0,7.5],
			"to":[7.5,16,8.5],
			"rotation":{"angle":-45,"axis":"y","origin":[8,4,8]},
			"faces":{
				"east":{"uv":[10,-0.0314,9,16.0314],"texture":"#coral"},
				"west":{"uv":[10,-0.0314,9,16.0314],"texture":"#coral"}
			}
		},
		{
			"from":[5.5,0,7.5],
			"to":[6.5,16,8.5],
			"rotation":{"angle":-45,"axis":"y","origin":[8,4,8]},
			"faces":{
				"east":{"uv":[11,-0.0314,10,16.0314],"texture":"#coral"},
				"west":{"uv":[11,-0.0314,10,16.0314],"texture":"#coral"}
			}
		},
		{
			"from":[4.5,0,7.5],
			"to":[5.5,16,8.5],
			"rotation":{"angle":-45,"axis":"y","origin":[8,4,8]},
			"faces":{
				"east":{"uv":[12,-0.0314,11,16.0314],"texture":"#coral"},
				"west":{"uv":[12,-0.0314,11,16.0314],"texture":"#coral"}
			}
		},
		{
			"from":[3.5,0,7.5],
			"to":[4.5,16,8.5],
			"rotation":{"angle":-45,"axis":"y","origin":[8,4,8]},
			"faces":{
				"east":{"uv":[13,-0.0314,12,16.0314],"texture":"#coral"},
				"west":{"uv":[13,-0.0314,12,16.0314],"texture":"#coral"}
			}
		},
		{
			"from":[2.5,0,7.5],
			"to":[3.5,16,8.5],
			"rotation":{"angle":-45,"axis":"y","origin":[8,4,8]},
			"faces":{
				"east":{"uv":[14,-0.0314,13,16.0314],"texture":"#coral"},
				"west":{"uv":[14,-0.0314,13,16.0314],"texture":"#coral"}
			}
		},
		{
			"from":[1.5,0,7.5],
			"to":[2.5,16,8.5],
			"rotation":{"angle":-45,"axis":"y","origin":[8,4,8]},
			"faces":{
				"east":{"uv":[15,-0.0314,14,16.0314],"texture":"#coral"},
				"west":{"uv":[15,-0.0314,14,16.0314],"texture":"#coral"}
			}
		},
		{
			"from":[0.5,0,7.5],
			"to":[1.5,16,8.5],
			"rotation":{"angle":-45,"axis":"y","origin":[8,4,8]},
			"faces":{
				"east":{"uv":[16,-0.0314,15,16.0314],"texture":"#coral"},
				"west":{"uv":[16,-0.0314,15,16.0314],"texture":"#coral"}
			}
		},
		{
			"from":[0.5,0,7.5],
			"to":[16.5,16,8.5],
			"rotation":{"angle":-45,"axis":"y","origin":[8,4,8]},
			"faces":{
				"north":{"uv":[-0.0314,-0.0314,16.0314,16.0314],"texture":"#coral"},
				"south":{"uv":[16.0314,-0.0314,-0.0314,16.0314],"texture":"#coral"}
			}
		}
	]
}