{
	"__comment":"Designed by GeForceLegend",
	"ambientocclusion":false,
	"textures":{
		"0":"block/vine",
		"particle":"block/vine"
	},
	"elements":[
		{
			"from":[0,0,15.01],
			"to":[16,1,16],
			"faces":{
				"up":{"uv":[-0.0314,15,16.0314,16],"texture":"#0","tintindex":0},
				"down":{"uv":[-0.0314,15,16.0314,16],"texture":"#0","cullface":"down","tintindex":0}
			}
		},
		{
			"from":[0,1,15.01],
			"to":[16,2,16],
			"faces":{
				"up":{"uv":[-0.0314,14,16.0314,15],"texture":"#0","tintindex":0},
				"down":{"uv":[-0.0314,14,16.0314,15],"texture":"#0","tintindex":0}
			}
		},
		{
			"from":[0,2,15.01],
			"to":[16,3,16],
			"faces":{
				"up":{"uv":[-0.0314,13,16.0314,14],"texture":"#0","tintindex":0},
				"down":{"uv":[-0.0314,13,16.0314,14],"texture":"#0","tintindex":0}
			}
		},
		{
			"from":[0,3,15.01],
			"to":[16,4,16],
			"faces":{
				"up":{"uv":[-0.0314,12,16.0314,13],"texture":"#0","tintindex":0},
				"down":{"uv":[-0.0314,12,16.0314,13],"texture":"#0","tintindex":0}
			}
		},
		{
			"from":[0,4,15.01],
			"to":[16,5,16],
			"faces":{
				"up":{"uv":[-0.0314,11,16.0314,12],"texture":"#0","tintindex":0},
				"down":{"uv":[-0.0314,11,16.0314,12],"texture":"#0","tintindex":0}
			}
		},
		{
			"from":[0,5,15.01],
			"to":[16,6,16],
			"faces":{
				"up":{"uv":[-0.0314,10,16.0314,11],"texture":"#0","tintindex":0},
				"down":{"uv":[-0.0314,10,16.0314,11],"texture":"#0","tintindex":0}
			}
		},
		{
			"from":[0,6,15.01],
			"to":[16,7,16],
			"faces":{
				"up":{"uv":[-0.0314,9,16.0314,10],"texture":"#0","tintindex":0},
				"down":{"uv":[-0.0314,9,16.0314,10],"texture":"#0","tintindex":0}
			}
		},
		{
			"from":[0,7,15.01],
			"to":[16,8,16],
			"faces":{
				"up":{"uv":[-0.0314,8,16.0314,9],"texture":"#0","tintindex":0},
				"down":{"uv":[-0.0314,8,16.0314,9],"texture":"#0","tintindex":0}
			}
		},
		{
			"from":[0,8,15.01],
			"to":[16,9,16],
			"faces":{
				"up":{"uv":[-0.0314,7,16.0314,8],"texture":"#0","tintindex":0},
				"down":{"uv":[-0.0314,7,16.0314,8],"texture":"#0","tintindex":0}
			}
		},
		{
			"from":[0,9,15.01],
			"to":[16,10,16],
			"faces":{
				"up":{"uv":[-0.0314,6,16.0314,7],"texture":"#0","tintindex":0},
				"down":{"uv":[-0.0314,6,16.0314,7],"texture":"#0","tintindex":0}
			}
		},
		{
			"from":[0,10,15.01],
			"to":[16,11,16],
			"faces":{
				"up":{"uv":[-0.0314,5,16.0314,6],"texture":"#0","tintindex":0},
				"down":{"uv":[-0.0314,5,16.0314,6],"texture":"#0","tintindex":0}
			}
		},
		{
			"from":[0,11,15.01],
			"to":[16,12,16],
			"faces":{
				"up":{"uv":[-0.0314,4,16.0314,5],"texture":"#0","tintindex":0},
				"down":{"uv":[-0.0314,4,16.0314,5],"texture":"#0","tintindex":0}
			}
		},
		{
			"from":[0,12,15.01],
			"to":[16,13,16],
			"faces":{
				"up":{"uv":[-0.0314,3,16.0314,4],"texture":"#0","tintindex":0},
				"down":{"uv":[-0.0314,3,16.0314,4],"texture":"#0","tintindex":0}
			}
		},
		{
			"from":[0,13,15.01],
			"to":[16,14,16],
			"faces":{
				"up":{"uv":[-0.0314,2,16.0314,3],"texture":"#0","tintindex":0},
				"down":{"uv":[-0.0314,2,16.0314,3],"texture":"#0","tintindex":0}
			}
		},
		{
			"from":[0,14,15.01],
			"to":[16,15,16],
			"faces":{
				"up":{"uv":[-0.0314,1,16.0314,2],"texture":"#0","tintindex":0},
				"down":{"uv":[-0.0314,1,16.0314,2],"texture":"#0","tintindex":0}
			}
		},
		{
			"from":[0,15,15.01],
			"to":[16,16,16],
			"faces":{
				"up":{"uv":[-0.0314,0,16.0314,1],"texture":"#0","cullface":"up","tintindex":0},
				"down":{"uv":[-0.0314,0,16.0314,1],"texture":"#0","tintindex":0}
			}
		},
		{
			"from":[0,0,15.01],
			"to":[1,16,16],
			"faces":{
				"east":{"uv":[0,-0.0314,1,16.0314],"texture":"#0","tintindex":0},
				"west":{"uv":[0,-0.0314,1,16.0314],"texture":"#0","cullface":"west","tintindex":0}
			}
		},
		{
			"from":[1,0,15.01],
			"to":[2,16,16],
			"faces":{
				"east":{"uv":[1,-0.0314,2,16.0314],"texture":"#0","tintindex":0},
				"west":{"uv":[1,-0.0314,2,16.0314],"texture":"#0","tintindex":0}
			}
		},
		{
			"from":[2,0,15.01],
			"to":[3,16,16],
			"faces":{
				"east":{"uv":[2,-0.0314,3,16.0314],"texture":"#0","tintindex":0},
				"west":{"uv":[2,-0.0314,3,16.0314],"texture":"#0","tintindex":0}
			}
		},
		{
			"from":[3,0,15.01],
			"to":[4,16,16],
			"faces":{
				"east":{"uv":[3,-0.0314,4,16.0314],"texture":"#0","tintindex":0},
				"west":{"uv":[3,-0.0314,4,16.0314],"texture":"#0","tintindex":0}
			}
		},
		{
			"from":[4,0,15.01],
			"to":[5,16,16],
			"faces":{
				"east":{"uv":[4,-0.0314,5,16.0314],"texture":"#0","tintindex":0},
				"west":{"uv":[4,-0.0314,5,16.0314],"texture":"#0","tintindex":0}
			}
		},
		{
			"from":[5,0,15.01],
			"to":[6,16,16],
			"faces":{
				"east":{"uv":[5,-0.0314,6,16.0314],"texture":"#0","tintindex":0},
				"west":{"uv":[5,-0.0314,6,16.0314],"texture":"#0","tintindex":0}
			}
		},
		{
			"from":[6,0,15.01],
			"to":[7,16,16],
			"faces":{
				"east":{"uv":[6,-0.0314,7,16.0314],"texture":"#0","tintindex":0},
				"west":{"uv":[6,-0.0314,7,16.0314],"texture":"#0","tintindex":0}
			}
		},
		{
			"from":[7,0,15.01],
			"to":[8,16,16],
			"faces":{
				"east":{"uv":[7,-0.0314,8,16.0314],"texture":"#0","tintindex":0},
				"west":{"uv":[7,-0.0314,8,16.0314],"texture":"#0","tintindex":0}
			}
		},
		{
			"from":[8,0,15.01],
			"to":[9,16,16],
			"faces":{
				"east":{"uv":[8,-0.0314,9,16.0314],"texture":"#0","tintindex":0},
				"west":{"uv":[8,-0.0314,9,16.0314],"texture":"#0","tintindex":0}
			}
		},
		{
			"from":[9,0,15.01],
			"to":[10,16,16],
			"faces":{
				"east":{"uv":[9,-0.0314,10,16.0314],"texture":"#0","tintindex":0},
				"west":{"uv":[9,-0.0314,10,16.0314],"texture":"#0","tintindex":0}
			}
		},
		{
			"from":[10,0,15.01],
			"to":[11,16,16],
			"faces":{
				"east":{"uv":[10,-0.0314,11,16.0314],"texture":"#0","tintindex":0},
				"west":{"uv":[10,-0.0314,11,16.0314],"texture":"#0","tintindex":0}
			}
		},
		{
			"from":[11,0,15.01],
			"to":[12,16,16],
			"faces":{
				"east":{"uv":[11,-0.0314,12,16.0314],"texture":"#0","tintindex":0},
				"west":{"uv":[11,-0.0314,12,16.0314],"texture":"#0","tintindex":0}
			}
		},
		{
			"from":[12,0,15.01],
			"to":[13,16,16],
			"faces":{
				"east":{"uv":[12,-0.0314,13,16.0314],"texture":"#0","tintindex":0},
				"west":{"uv":[12,-0.0314,13,16.0314],"texture":"#0","tintindex":0}
			}
		},
		{
			"from":[13,0,15.01],
			"to":[14,16,16],
			"faces":{
				"east":{"uv":[13,-0.0314,14,16.0314],"texture":"#0","tintindex":0},
				"west":{"uv":[13,-0.0314,14,16.0314],"texture":"#0","tintindex":0}
			}
		},
		{
			"from":[14,0,15.01],
			"to":[15,16,16],
			"faces":{
				"east":{"uv":[14,-0.0314,15,16.0314],"texture":"#0","tintindex":0},
				"west":{"uv":[14,-0.0314,15,16.0314],"texture":"#0","tintindex":0}
			}
		},
		{
			"from":[15,0,15.01],
			"to":[16,16,16],
			"faces":{
				"east":{"uv":[15,-0.0314,16,16.0314],"texture":"#0","cullface":"east","tintindex":0},
				"west":{"uv":[15,-0.0314,16,16.0314],"texture":"#0","tintindex":0}
			}
		},
		{
			"from":[0,0,15.01],
			"to":[16,16,16],
			"faces":{
				"north":{"uv":[16.0314,-0.0314,-0.0314,16.0314],"texture":"#0","tintindex":0},
				"south":{"uv":[-0.0314,-0.0314,16.0314,16.0314],"texture":"#0","cullface":"south","tintindex":0}
			}
		}
	]
}