{
	"__comment":"Designed by GeForceLegend",
	"ambientocclusion":false,
	"textures":{
		"cross":"block/white_tulip",
		"particle":"block/white_tulip"
	},
	"elements":[
		{
			"from":[7.5,0,7.5],
			"to":[8.5,11,8.5],
			"rotation":{"angle":-45,"axis":"y","origin":[8,6.5,8]},
			"faces":{
				"north":{"uv":[7,5,8,16],"texture":"#cross"},
				"east":{"uv":[7,5,8,16],"texture":"#cross"},
				"south":{"uv":[7,5,8,16],"texture":"#cross"},
				"west":{"uv":[7,5,8,16],"texture":"#cross"},
				"up":{"uv":[7,5,8,6],"texture":"#cross"},
				"down":{"uv":[7,15,8,16],"texture":"#cross","cullface":"down"}
			}
		},
		{
			"from":[6.5,10,7.5],
			"to":[7.5,13,8.5],
			"rotation":{"angle":-45,"axis":"y","origin":[8,6.5,8]},
			"faces":{
				"north":{"uv":[8,3,9,6],"texture":"#cross"},
				"east":{"uv":[8,3,9,6],"texture":"#cross"},
				"south":{"uv":[8,3,9,6],"texture":"#cross"},
				"west":{"uv":[8,3,9,6],"texture":"#cross"},
				"up":{"uv":[8,3,9,4],"texture":"#cross"},
				"down":{"uv":[8,5,9,6],"texture":"#cross"}
			}
		},
		{
			"from":[7.5,10,8.5],
			"to":[8.5,13,9.5],
			"rotation":{"angle":-45,"axis":"y","origin":[8,6.5,8]},
			"faces":{
				"north":{"uv":[6,3,7,6],"texture":"#cross"},
				"east":{"uv":[6,3,7,6],"texture":"#cross"},
				"south":{"uv":[6,3,7,6],"texture":"#cross"},
				"west":{"uv":[6,3,7,6],"texture":"#cross"},
				"up":{"uv":[6,3,7,4],"texture":"#cross"},
				"down":{"uv":[6,5,7,6],"texture":"#cross"}
			}
		},
		{
			"from":[7.5,10,6.5],
			"to":[8.5,13,7.5],
			"rotation":{"angle":-45,"axis":"y","origin":[8,6.5,8]},
			"faces":{
				"north":{"uv":[6,3,7,6],"texture":"#cross"},
				"east":{"uv":[6,3,7,6],"texture":"#cross"},
				"south":{"uv":[6,3,7,6],"texture":"#cross"},
				"west":{"uv":[6,3,7,6],"texture":"#cross"},
				"up":{"uv":[6,3,7,4],"texture":"#cross"},
				"down":{"uv":[6,5,7,6],"texture":"#cross"}
			}
		},
		{
			"from":[8.5,10,7.5],
			"to":[9.5,13,8.5],
			"rotation":{"angle":-45,"axis":"y","origin":[8,6.5,8]},
			"faces":{
				"north":{"uv":[8,3,9,6],"texture":"#cross"},
				"east":{"uv":[8,3,9,6],"texture":"#cross"},
				"south":{"uv":[8,3,9,6],"texture":"#cross"},
				"west":{"uv":[8,3,9,6],"texture":"#cross"},
				"up":{"uv":[8,3,9,4],"texture":"#cross"},
				"down":{"uv":[8,5,9,6],"texture":"#cross"}
			}
		},
		{
			"from":[4.5,4,7.5],
			"to":[6.5,6,8.5],
			"rotation":{"angle":-45,"axis":"y","origin":[8,6.5,8]},
			"faces":{
				"north":{"uv":[6,10,4,12],"texture":"#cross"},
				"south":{"uv":[4,10,6,12],"texture":"#cross"},
				"west":{"uv":[4,10,5,12],"texture":"#cross"},
				"up":{"uv":[4,10,6,11],"texture":"#cross"},
				"down":{"uv":[4,11,5,12],"texture":"#cross"}
			}
		},
		{
			"from":[5.5,3,7.5],
			"to":[6.5,6,8.5],
			"rotation":{"angle":-45,"axis":"y","origin":[8,6.5,8]},
			"faces":{
				"north":{"uv":[5,10,6,13],"texture":"#cross"},
				"east":{"uv":[5,10,6,13],"texture":"#cross"},
				"south":{"uv":[5,10,6,13],"texture":"#cross"},
				"west":{"uv":[5,10,6,13],"texture":"#cross"},
				"down":{"uv":[5,12,6,13],"texture":"#cross"}
			}
		},
		{
			"from":[6.5,1,7.5],
			"to":[9.5,5,8.5],
			"rotation":{"angle":-45,"axis":"y","origin":[8,6.5,8]},
			"faces":{
				"north":{"uv":[6,11,7,15],"texture":"#cross"},
				"east":{"uv":[6,11,7,15],"texture":"#cross"},
				"south":{"uv":[6,11,7,15],"texture":"#cross"},
				"west":{"uv":[6,11,7,15],"texture":"#cross"},
				"up":{"uv":[6,11,7,12],"texture":"#cross"},
				"down":{"uv":[6,14,7,15],"texture":"#cross"}
			}
		},
		{
			"from":[9.5,3,7.5],
			"to":[10.5,6,8.5],
			"rotation":{"angle":-45,"axis":"y","origin":[8,6.5,8]},
			"faces":{
				"north":{"uv":[5,10,6,13],"texture":"#cross"},
				"east":{"uv":[5,10,6,13],"texture":"#cross"},
				"south":{"uv":[5,10,6,13],"texture":"#cross"},
				"west":{"uv":[5,10,6,13],"texture":"#cross"},
				"down":{"uv":[5,12,6,13],"texture":"#cross"}
			}
		},
		{
			"from":[9.5,4,7.5],
			"to":[11.5,6,8.5],
			"rotation":{"angle":-45,"axis":"y","origin":[8,6.5,8]},
			"faces":{
				"north":{"uv":[4,10,6,12],"texture":"#cross"},
				"east":{"uv":[4,10,5,12],"texture":"#cross"},
				"south":{"uv":[6,10,4,12],"texture":"#cross"},
				"up":{"uv":[4,10,5,11],"texture":"#cross"},
				"down":{"uv":[4,11,5,12],"texture":"#cross"}
			}
		},
		{
			"from":[7.5,1,8.5],
			"to":[8.5,8,9.5],
			"rotation":{"angle":-45,"axis":"y","origin":[8,6.5,8]},
			"faces":{
				"east":{"uv":[8,8,9,15],"texture":"#cross"},
				"south":{"uv":[8,8,9,15],"texture":"#cross"},
				"west":{"uv":[8,8,9,15],"texture":"#cross"},
				"up":{"uv":[8,8,9,9],"texture":"#cross"},
				"down":{"uv":[8,14,9,15],"texture":"#cross"}
			}
		},
		{
			"from":[7.5,3,9.5],
			"to":[8.5,9,10.5],
			"rotation":{"angle":-45,"axis":"y","origin":[8,6.5,8]},
			"faces":{
				"north":{"uv":[9,7,10,13],"texture":"#cross"},
				"east":{"uv":[9,7,10,13],"texture":"#cross"},
				"south":{"uv":[9,7,10,13],"texture":"#cross"},
				"west":{"uv":[9,7,10,13],"texture":"#cross"},
				"up":{"uv":[9,7,10,8],"texture":"#cross"},
				"down":{"uv":[9,12,10,13],"texture":"#cross"}
			}
		},
		{
			"from":[7.5,5,10.5],
			"to":[8.5,10,11.5],
			"rotation":{"angle":-45,"axis":"y","origin":[8,6.5,8]},
			"faces":{
				"north":{"uv":[10,6,11,11],"texture":"#cross"},
				"east":{"uv":[10,6,11,11],"texture":"#cross"},
				"south":{"uv":[10,6,11,11],"texture":"#cross"},
				"west":{"uv":[10,6,11,11],"texture":"#cross"},
				"up":{"uv":[10,6,11,7],"texture":"#cross"},
				"down":{"uv":[10,10,11,11],"texture":"#cross"}
			}
		},
		{
			"from":[7.5,1,6.5],
			"to":[8.5,8,7.5],
			"rotation":{"angle":-45,"axis":"y","origin":[8,6.5,8]},
			"faces":{
				"north":{"uv":[8,8,9,15],"texture":"#cross"},
				"east":{"uv":[8,8,9,15],"texture":"#cross"},
				"west":{"uv":[8,8,9,15],"texture":"#cross"},
				"up":{"uv":[8,8,9,9],"texture":"#cross"},
				"down":{"uv":[8,14,9,15],"texture":"#cross"}
			}
		},
		{
			"from":[7.5,3,5.5],
			"to":[8.5,9,6.5],
			"rotation":{"angle":-45,"axis":"y","origin":[8,6.5,8]},
			"faces":{
				"north":{"uv":[9,7,10,13],"texture":"#cross"},
				"east":{"uv":[9,7,10,13],"texture":"#cross"},
				"south":{"uv":[9,7,10,13],"texture":"#cross"},
				"west":{"uv":[9,7,10,13],"texture":"#cross"},
				"up":{"uv":[9,7,10,8],"texture":"#cross"},
				"down":{"uv":[9,12,10,13],"texture":"#cross"}
			}
		},
		{
			"from":[7.5,5,4.5],
			"to":[8.5,10,5.5],
			"rotation":{"angle":-45,"axis":"y","origin":[8,6.5,8]},
			"faces":{
				"north":{"uv":[10,6,11,11],"texture":"#cross"},
				"east":{"uv":[10,6,11,11],"texture":"#cross"},
				"south":{"uv":[10,6,11,11],"texture":"#cross"},
				"west":{"uv":[10,6,11,11],"texture":"#cross"},
				"up":{"uv":[10,6,11,7],"texture":"#cross"},
				"down":{"uv":[10,10,11,11],"texture":"#cross"}
			}
		}
	]
}