{
	"__comment":"Designed by GeForceLegend",
	"parent":"block/cross",
	"ambientocclusion":false,
	"textures":{
		"cross":"block/wither_rose"
	},
	"elements":[
		{
			"from":[7.5,0,7.5],
			"to":[8.5,11,8.5],
			"rotation":{"angle":-45,"axis":"y","origin":[8,5.5,8]},
			"faces":{
				"north":{"uv":[8,5,9,16],"texture":"#cross"},
				"east":{"uv":[8,5,9,16],"texture":"#cross"},
				"south":{"uv":[8,5,9,16],"texture":"#cross"},
				"west":{"uv":[8,5,9,16],"texture":"#cross"},
				"down":{"uv":[9,15,10,16],"rotation":90,"texture":"#cross"}
			}
		},
		{
			"from":[7.5,0,6.5],
			"to":[8.5,1,9.5],
			"rotation":{"angle":-45,"axis":"y","origin":[8,5.5,8]},
			"faces":{
				"north":{"uv":[9,15,10,16],"texture":"#cross"},
				"east":{"uv":[7,15,10,16],"texture":"#cross"},
				"south":{"uv":[7,15,8,16],"texture":"#cross"},
				"west":{"uv":[10,15,7,16],"texture":"#cross"},
				"up":{"uv":[7,15,10,16],"rotation":270,"texture":"#cross"},
				"down":{"uv":[7,15,10,16],"rotation":90,"texture":"#cross","cullface":"down"}
			}
		},
		{
			"from":[6.5,0,7.5],
			"to":[9.5,1,8.5],
			"rotation":{"angle":-45,"axis":"y","origin":[8,5.5,8]},
			"faces":{
				"north":{"uv":[10,15,7,16],"texture":"#cross"},
				"east":{"uv":[9,15,10,16],"texture":"#cross"},
				"south":{"uv":[7,15,10,16],"texture":"#cross"},
				"west":{"uv":[7,15,8,16],"texture":"#cross"},
				"up":{"uv":[7,15,10,16],"texture":"#cross"},
				"down":{"uv":[7,15,10,16],"texture":"#cross","cullface":"down"}
			}
		},
		{
			"from":[8.5,3,7.5],
			"to":[10.5,5,8.5],
			"rotation":{"angle":-45,"axis":"y","origin":[8,5.5,8]},
			"faces":{
				"north":{"uv":[6,11,8,13],"texture":"#cross"},
				"east":{"uv":[6,11,7,12],"texture":"#cross"},
				"south":{"uv":[8,11,6,13],"texture":"#cross"},
				"up":{"uv":[8,11,6,12],"texture":"#cross"},
				"down":{"uv":[8,12,6,13],"texture":"#cross"}
			}
		},
		{
			"from":[10.5,2,7.5],
			"to":[11.5,4,8.5],
			"rotation":{"angle":-45,"axis":"y","origin":[8,5.5,8]},
			"faces":{
				"north":{"uv":[5,13,6,14],"texture":"#cross"},
				"east":{"uv":[5,12,6,14],"texture":"#cross"},
				"south":{"uv":[5,13,6,14],"texture":"#cross"},
				"west":{"uv":[5,13,6,14],"texture":"#cross"},
				"up":{"uv":[5,12,6,13],"texture":"#cross"},
				"down":{"uv":[5,13,6,14],"texture":"#cross"}
			}
		},
		{
			"from":[4.5,2,7.5],
			"to":[5.5,4,8.5],
			"rotation":{"angle":-45,"axis":"y","origin":[8,5.5,8]},
			"faces":{
				"north":{"uv":[5,13,6,14],"texture":"#cross"},
				"east":{"uv":[5,13,6,14],"texture":"#cross"},
				"south":{"uv":[5,13,6,14],"texture":"#cross"},
				"west":{"uv":[5,13,6,14],"texture":"#cross"},
				"up":{"uv":[5,13,6,14],"texture":"#cross"},
				"down":{"uv":[5,13,6,14],"texture":"#cross"}
			}
		},
		{
			"from":[5.5,3,7.5],
			"to":[7.5,5,8.5],
			"rotation":{"angle":-45,"axis":"y","origin":[8,5.5,8]},
			"faces":{
				"north":{"uv":[8,11,6,13],"texture":"#cross"},
				"south":{"uv":[6,11,8,13],"texture":"#cross"},
				"west":{"uv":[6,11,7,12],"texture":"#cross"},
				"up":{"uv":[6,11,8,12],"texture":"#cross"},
				"down":{"uv":[6,12,8,13],"texture":"#cross"}
			}
		},
		{
			"from":[7.5,4,5.5],
			"to":[8.5,6,7.5],
			"rotation":{"angle":-45,"axis":"y","origin":[8,5.5,8]},
			"faces":{
				"north":{"uv":[10,10,11,11],"texture":"#cross"},
				"east":{"uv":[9,10,11,12],"texture":"#cross"},
				"west":{"uv":[11,10,9,12],"texture":"#cross"},
				"up":{"uv":[9,10,11,11],"rotation":270,"texture":"#cross"},
				"down":{"uv":[9,11,11,12],"rotation":90,"texture":"#cross"}
			}
		},
		{
			"from":[7.5,3,4.5],
			"to":[8.5,5,5.5],
			"rotation":{"angle":-45,"axis":"y","origin":[8,5.5,8]},
			"faces":{
				"north":{"uv":[11,11,12,13],"texture":"#cross"},
				"east":{"uv":[11,11,12,13],"texture":"#cross"},
				"south":{"uv":[11,11,12,13],"texture":"#cross"},
				"west":{"uv":[11,11,12,13],"texture":"#cross"},
				"up":{"uv":[11,11,12,12],"texture":"#cross"},
				"down":{"uv":[11,12,12,13],"texture":"#cross"}
			}
		},
		{
			"from":[7.5,3,10.5],
			"to":[8.5,5,11.5],
			"rotation":{"angle":-45,"axis":"y","origin":[8,5.5,8]},
			"faces":{
				"north":{"uv":[11,11,12,13],"texture":"#cross"},
				"east":{"uv":[11,12,12,13],"texture":"#cross"},
				"south":{"uv":[11,11,12,13],"texture":"#cross"},
				"west":{"uv":[11,11,12,13],"texture":"#cross"},
				"up":{"uv":[11,11,12,12],"texture":"#cross"},
				"down":{"uv":[11,12,12,13],"texture":"#cross"}
			}
		},
		{
			"from":[7.5,4,8.5],
			"to":[8.5,6,10.5],
			"rotation":{"angle":-45,"axis":"y","origin":[8,5.5,8]},
			"faces":{
				"east":{"uv":[11,10,9,12],"texture":"#cross"},
				"south":{"uv":[10,10,11,11],"texture":"#cross"},
				"west":{"uv":[9,10,11,12],"texture":"#cross"},
				"up":{"uv":[9,10,11,11],"rotation":90,"texture":"#cross"},
				"down":{"uv":[9,11,11,12],"rotation":270,"texture":"#cross"}
			}
		},
		{
			"from":[7.5,7,6.5],
			"to":[8.5,8,9.5],
			"rotation":{"angle":-45,"axis":"y","origin":[8,5.5,8]},
			"faces":{
				"north":{"uv":[9,8,10,9],"texture":"#cross"},
				"east":{"uv":[7,8,10,9],"texture":"#cross"},
				"south":{"uv":[7,8,8,9],"texture":"#cross"},
				"west":{"uv":[10,8,7,9],"texture":"#cross"},
				"up":{"uv":[7,8,10,9],"rotation":270,"texture":"#cross"},
				"down":{"uv":[7,8,10,9],"rotation":90,"texture":"#cross"}
			}
		},
		{
			"from":[6.5,7,7.5],
			"to":[9.5,8,8.5],
			"rotation":{"angle":-45,"axis":"y","origin":[8,5.5,8]},
			"faces":{
				"north":{"uv":[10,8,7,9],"texture":"#cross"},
				"east":{"uv":[9,8,10,9],"texture":"#cross"},
				"south":{"uv":[7,8,10,9],"texture":"#cross"},
				"west":{"uv":[7,8,8,9],"texture":"#cross"},
				"up":{"uv":[7,8,10,9],"texture":"#cross"},
				"down":{"uv":[7,8,10,9],"texture":"#cross"}
			}
		},
		{
			"from":[7.5,8,5.5],
			"to":[8.5,10,10.5],
			"rotation":{"angle":-45,"axis":"y","origin":[8,5.5,8]},
			"faces":{
				"north":{"uv":[10,6,11,8],"texture":"#cross"},
				"east":{"uv":[6,6,11,8],"texture":"#cross"},
				"south":{"uv":[6,6,7,8],"texture":"#cross"},
				"west":{"uv":[11,6,6,8],"texture":"#cross"},
				"up":{"uv":[6,6,11,7],"rotation":270,"texture":"#cross"},
				"down":{"uv":[6,7,11,8],"rotation":90,"texture":"#cross"}
			}
		},
		{
			"from":[5.5,8,7.5],
			"to":[10.5,10,8.5],
			"rotation":{"angle":-45,"axis":"y","origin":[8,5.5,8]},
			"faces":{
				"north":{"uv":[6,6,11,8],"texture":"#cross"},
				"east":{"uv":[6,6,7,8],"texture":"#cross"},
				"south":{"uv":[11,6,6,8],"texture":"#cross"},
				"west":{"uv":[10,6,11,8],"texture":"#cross"},
				"up":{"uv":[6,6,11,7],"rotation":180,"texture":"#cross"},
				"down":{"uv":[6,7,11,8],"rotation":180,"texture":"#cross"}
			}
		},
		{
			"from":[6.5,8,6.5],
			"to":[9.5,10,9.5],
			"rotation":{"angle":-45,"axis":"y","origin":[8,5.5,8]},
			"faces":{
				"north":{"uv":[7,6,10,8],"texture":"#cross"},
				"east":{"uv":[7,6,10,8],"texture":"#cross"},
				"south":{"uv":[7,6,10,8],"texture":"#cross"},
				"west":{"uv":[7,6,10,8],"texture":"#cross"},
				"up":{"uv":[7,6,10,9],"rotation":270,"texture":"#cross"},
				"down":{"uv":[7,9,10,6],"rotation":90,"texture":"#cross"}
			}
		},
		{
			"from":[7.5,10,6.5],
			"to":[8.5,11,9.5],
			"rotation":{"angle":-45,"axis":"y","origin":[8,5.5,8]},
			"faces":{
				"north":{"uv":[9,5,10,6],"texture":"#cross"},
				"east":{"uv":[7,5,10,6],"texture":"#cross"},
				"south":{"uv":[7,5,8,6],"texture":"#cross"},
				"west":{"uv":[10,5,7,6],"texture":"#cross"},
				"up":{"uv":[7,5,10,6],"rotation":270,"texture":"#cross"},
				"down":{"uv":[7,5,10,6],"rotation":90,"texture":"#cross"}
			}
		},
		{
			"from":[6.5,10,7.5],
			"to":[9.5,11,8.5],
			"rotation":{"angle":-45,"axis":"y","origin":[8,5.5,8]},
			"faces":{
				"north":{"uv":[10,5,7,6],"texture":"#cross"},
				"east":{"uv":[9,5,10,6],"texture":"#cross"},
				"south":{"uv":[7,5,10,6],"texture":"#cross"},
				"west":{"uv":[7,5,8,6],"texture":"#cross"},
				"up":{"uv":[7,5,10,6],"texture":"#cross"},
				"down":{"uv":[7,5,10,6],"texture":"#cross"}
			}
		}
	]
}