{
	"__comment":"Designed by GeForceLegend",
	"ambientocclusion":false,
	"textures":{
		"texture":"block/jungle_door_bottom1",
		"particle":"block/jungle_door_bottom"
	},
	"elements":[
		{
			"from":[0,0,0],
			"to":[3,16,16],
			"faces":{
				"north":{"uv":[0,0,3,16],"texture":"#texture","cullface":"north"},
				"east":{"uv":[16,0,0,16],"texture":"#particle"},
				"south":{"uv":[13,0,16,16],"texture":"#texture","cullface":"south"},
				"west":{"uv":[0,0,16,16],"texture":"#particle","cullface":"west"},
				"down":{"uv":[7,0,10,16],"texture":"#texture","cullface":"down"}
			}
		}
	]
}