{
	"__comment":"Designed by GeForceLegend",
	"parent":"minecraft:block/cube_column",
	"textures":{
		"end":"block/lodestone_top",
		"side":"block/lodestone_side"
	},
	"elements":[
		{
			"from":[0,0,0],
			"to":[16,1,16],
			"faces":{
				"north":{"uv":[0,15,16,16],"texture":"#side","cullface":"north"},
				"east":{"uv":[0,15,16,16],"texture":"#side","cullface":"east"},
				"south":{"uv":[0,15,16,16],"texture":"#side","cullface":"south"},
				"west":{"uv":[0,15,16,16],"texture":"#side","cullface":"west"},
				"up":{"uv":[0,0,16,16],"texture":"#end"},
				"down":{"uv":[0,0,16,16],"texture":"#end","cullface":"down"}
			}
		},
		{
			"from":[0,15,0],
			"to":[16,16,16],
			"faces":{
				"north":{"uv":[0,0,16,1],"texture":"#side","cullface":"north"},
				"east":{"uv":[0,0,16,1],"texture":"#side","cullface":"east"},
				"south":{"uv":[0,0,16,1],"texture":"#side","cullface":"south"},
				"west":{"uv":[0,0,16,1],"texture":"#side","cullface":"west"},
				"up":{"uv":[0,0,16,16],"texture":"#end","cullface":"up"},
				"down":{"uv":[0,0,16,16],"texture":"#end"}
			}
		},
		{
			"from":[0,1,0],
			"to":[1,15,1],
			"faces":{
				"north":{"uv":[15,1,16,15],"texture":"#side","cullface":"north"},
				"east":{"uv":[15,1,16,15],"texture":"#side","cullface":"north"},
				"south":{"uv":[0,1,1,15],"texture":"#side","cullface":"west"},
				"west":{"uv":[0,1,1,15],"texture":"#side","cullface":"west"}
			}
		},
		{
			"from":[0,1,15],
			"to":[1,15,16],
			"faces":{
				"north":{"uv":[15,1,16,15],"texture":"#side","cullface":"west"},
				"east":{"uv":[0,1,1,15],"texture":"#side","cullface":"south"},
				"south":{"uv":[0,1,1,15],"texture":"#side","cullface":"south"},
				"west":{"uv":[15,1,16,15],"texture":"#side","cullface":"west"}
			}
		},
		{
			"from":[15,1,15],
			"to":[16,15,16],
			"faces":{
				"north":{"uv":[0,1,1,15],"texture":"#side","cullface":"east"},
				"east":{"uv":[0,1,1,15],"texture":"#side","cullface":"east"},
				"south":{"uv":[15,1,16,15],"texture":"#side","cullface":"south"},
				"west":{"uv":[15,1,16,15],"texture":"#side","cullface":"south"}
			}
		},
		{
			"from":[15,1,0],
			"to":[16,15,1],
			"faces":{
				"north":{"uv":[0,1,1,15],"texture":"#side","cullface":"north"},
				"east":{"uv":[15,1,16,15],"texture":"#side","cullface":"east"},
				"south":{"uv":[15,1,16,15],"texture":"#side","cullface":"east"},
				"west":{"uv":[0,1,1,15],"texture":"#side","cullface":"north"}
			}
		},
		{
			"from":[13,13,0],
			"to":[15,15,16],
			"faces":{
				"north":{"uv":[1,1,3,3],"texture":"#side","cullface":"north"},
				"south":{"uv":[13,1,15,3],"texture":"#side","cullface":"south"},
				"west":{"uv":[2,1,14,3],"texture":"#side"},
				"down":{"uv":[13,2,14,3],"texture":"#side"}
			}
		},
		{
			"from":[0,13,1],
			"to":[16,15,3],
			"faces":{
				"east":{"uv":[13,1,15,3],"texture":"#side","cullface":"east"},
				"south":{"uv":[2,1,14,3],"texture":"#side"},
				"west":{"uv":[1,1,3,3],"texture":"#side","cullface":"west"},
				"down":{"uv":[13,2,14,3],"texture":"#side"}
			}
		},
		{
			"from":[1,13,0],
			"to":[3,15,16],
			"faces":{
				"north":{"uv":[13,1,15,3],"texture":"#side","cullface":"north"},
				"east":{"uv":[2,1,14,3],"texture":"#side"},
				"south":{"uv":[1,1,3,3],"texture":"#side","cullface":"south"},
				"down":{"uv":[13,2,14,3],"texture":"#side"}
			}
		},
		{
			"from":[0,13,13],
			"to":[16,15,15],
			"faces":{
				"north":{"uv":[2,1,14,3],"texture":"#side"},
				"east":{"uv":[1,1,3,3],"texture":"#side","cullface":"east"},
				"west":{"uv":[13,1,15,3],"texture":"#side","cullface":"west"},
				"down":{"uv":[13,2,14,3],"texture":"#side"}
			}
		},
		{
			"from":[0,1,13],
			"to":[16,3,15],
			"faces":{
				"north":{"uv":[2,13,14,15],"texture":"#side"},
				"east":{"uv":[1,13,3,15],"texture":"#side","cullface":"east"},
				"west":{"uv":[13,13,15,15],"texture":"#side","cullface":"west"},
				"up":{"uv":[13,13,14,14],"texture":"#side"}
			}
		},
		{
			"from":[13,1,0],
			"to":[15,3,16],
			"faces":{
				"north":{"uv":[1,13,3,15],"texture":"#side","cullface":"north"},
				"south":{"uv":[13,13,15,15],"texture":"#side","cullface":"south"},
				"west":{"uv":[2,13,14,15],"texture":"#side"},
				"up":{"uv":[13,13,14,14],"texture":"#side"}
			}
		},
		{
			"from":[0,1,1],
			"to":[16,3,3],
			"faces":{
				"east":{"uv":[13,13,15,15],"texture":"#side","cullface":"east"},
				"south":{"uv":[2,13,14,15],"texture":"#side"},
				"west":{"uv":[1,13,3,15],"texture":"#side","cullface":"west"},
				"up":{"uv":[13,13,14,14],"texture":"#side"}
			}
		},
		{
			"from":[1,1,0],
			"to":[3,3,16],
			"faces":{
				"north":{"uv":[13,13,15,15],"texture":"#side","cullface":"north"},
				"east":{"uv":[2,13,14,15],"texture":"#side"},
				"south":{"uv":[1,13,3,15],"texture":"#side","cullface":"south"},
				"up":{"uv":[13,13,14,14],"texture":"#side"}
			}
		},
		{
			"from":[0.5,1,0.5],
			"to":[15.5,15,3],
			"faces":{
				"east":{"uv":[13,1,15.5,15],"texture":"#side","cullface":"east"},
				"south":{"uv":[2,1,14,15],"texture":"#side"},
				"west":{"uv":[0.5,1,3,15],"texture":"#side","cullface":"west"}
			}
		},
		{
			"from":[0.5,1,0.5],
			"to":[3,15,15.5],
			"faces":{
				"north":{"uv":[13,1,15.5,15],"texture":"#side","cullface":"north"},
				"east":{"uv":[2,1,14,15],"texture":"#side"},
				"south":{"uv":[0.5,1,3,15],"texture":"#side","cullface":"south"}
			}
		},
		{
			"from":[0.5,1,13],
			"to":[15.5,15,15.5],
			"faces":{
				"north":{"uv":[2,1,14,15],"texture":"#side"},
				"east":{"uv":[0.5,1,3,15],"texture":"#side","cullface":"east"},
				"west":{"uv":[13,1,15.5,15],"texture":"#side","cullface":"west"}
			}
		},
		{
			"from":[13,1,0.5],
			"to":[15.5,15,15.5],
			"faces":{
				"north":{"uv":[0.5,1,3,15],"texture":"#side","cullface":"north"},
				"south":{"uv":[13,1,15.5,15],"texture":"#side","cullface":"south"},
				"west":{"uv":[2,1,14,15],"texture":"#side"}
			}
		},
		{
			"from":[0.5,1,0.5],
			"to":[15.5,3,15.5],
			"faces":{
				"north":{"uv":[0.5,13,15.5,15],"texture":"#side","cullface":"north"},
				"east":{"uv":[0.5,13,15.5,15],"texture":"#side","cullface":"east"},
				"south":{"uv":[0.5,13,15.5,15],"texture":"#side","cullface":"south"},
				"west":{"uv":[0.5,13,15.5,15],"texture":"#side","cullface":"west"},
				"up":{"uv":[0.5,0.5,15.5,15.5],"texture":"#end"}
			}
		},
		{
			"from":[0.5,13,0.5],
			"to":[15.5,15,15.5],
			"faces":{
				"north":{"uv":[0.5,1,15.5,3],"texture":"#side","cullface":"north"},
				"east":{"uv":[0.5,1,15.5,3],"texture":"#side","cullface":"east"},
				"south":{"uv":[0.5,1,15.5,3],"texture":"#side","cullface":"south"},
				"west":{"uv":[0.5,1,15.5,3],"texture":"#side","cullface":"west"},
				"down":{"uv":[0.5,0.5,15.5,15.5],"texture":"#side"}
			}
		},
		{
			"from":[11,10,0.5],
			"to":[13,13,15.5],
			"faces":{
				"north":{"uv":[3,3,5,6],"texture":"#side","cullface":"north"},
				"south":{"uv":[11,3,13,6],"texture":"#side","cullface":"south"},
				"west":{"uv":[4,3,12,6],"texture":"#side"},
				"down":{"uv":[11,6,13,4],"texture":"#side"}
			}
		},
		{
			"from":[3,10,0.5],
			"to":[5,13,15.5],
			"faces":{
				"north":{"uv":[11,3,13,6],"texture":"#side","cullface":"north"},
				"east":{"uv":[4,3,12,6],"texture":"#side"},
				"south":{"uv":[3,3,5,6],"texture":"#side","cullface":"south"},
				"down":{"uv":[13,4,11,6],"texture":"#side"}
			}
		},
		{
			"from":[0.5,10,3],
			"to":[15.5,13,5],
			"faces":{
				"east":{"uv":[11,3,13,6],"texture":"#side","cullface":"east"},
				"south":{"uv":[4,3,12,6],"texture":"#side"},
				"west":{"uv":[3,3,5,6],"texture":"#side","cullface":"west"},
				"down":{"uv":[11,4,13,6],"texture":"#side"}
			}
		},
		{
			"from":[0.5,10,11],
			"to":[15.5,13,13],
			"faces":{
				"north":{"uv":[4,3,12,6],"texture":"#side"},
				"east":{"uv":[3,3,5,6],"texture":"#side","cullface":"east"},
				"west":{"uv":[11,3,13,6],"texture":"#side","cullface":"west"},
				"down":{"uv":[13,6,11,4],"texture":"#side"}
			}
		},
		{
			"from":[0.5,11,10],
			"to":[15.5,13,11],
			"faces":{
				"north":{"uv":[5,3,11,5],"texture":"#side"},
				"east":{"uv":[5,3,6,5],"texture":"#side","cullface":"east"},
				"west":{"uv":[10,3,11,5],"texture":"#side","cullface":"west"},
				"down":{"uv":[11,4,5,5],"texture":"#side"}
			}
		},
		{
			"from":[0.5,11,5],
			"to":[15.5,13,6],
			"faces":{
				"east":{"uv":[10,3,11,5],"texture":"#side","cullface":"east"},
				"south":{"uv":[5,3,11,5],"texture":"#side"},
				"west":{"uv":[5,3,6,5],"texture":"#side","cullface":"west"},
				"down":{"uv":[5,4,11,5],"texture":"#side"}
			}
		},
		{
			"from":[10,11,0.5],
			"to":[11,13,15.5],
			"faces":{
				"north":{"uv":[5,3,6,5],"texture":"#side","cullface":"north"},
				"south":{"uv":[10,3,11,5],"texture":"#side","cullface":"south"},
				"west":{"uv":[5,3,11,5],"texture":"#side"},
				"down":{"uv":[5,4,11,5],"rotation":270,"texture":"#side"}
			}
		},
		{
			"from":[5,11,0.5],
			"to":[6,13,15.5],
			"faces":{
				"north":{"uv":[10,3,11,5],"texture":"#side","cullface":"north"},
				"east":{"uv":[5,3,11,5],"texture":"#side"},
				"south":{"uv":[5,3,6,5],"texture":"#side","cullface":"south"},
				"down":{"uv":[5,4,11,5],"rotation":90,"texture":"#side"}
			}
		},
		{
			"from":[11,3,0.5],
			"to":[13,6,15.5],
			"faces":{
				"north":{"uv":[3,10,5,13],"texture":"#side","cullface":"north"},
				"south":{"uv":[11,10,13,13],"texture":"#side","cullface":"south"},
				"west":{"uv":[4,10,12,13],"texture":"#side"},
				"up":{"uv":[11,10,13,11],"texture":"#side"}
			}
		},
		{
			"from":[3,3,0.5],
			"to":[5,6,15.5],
			"faces":{
				"north":{"uv":[11,10,13,13],"texture":"#side","cullface":"north"},
				"east":{"uv":[4,10,12,13],"texture":"#side"},
				"south":{"uv":[3,10,5,13],"texture":"#side","cullface":"south"},
				"up":{"uv":[11,10,13,11],"texture":"#side"}
			}
		},
		{
			"from":[0.5,3,3],
			"to":[15.5,6,5],
			"faces":{
				"east":{"uv":[11,10,13,13],"texture":"#side","cullface":"east"},
				"south":{"uv":[4,10,12,13],"texture":"#side"},
				"west":{"uv":[3,10,5,13],"texture":"#side","cullface":"west"},
				"up":{"uv":[11,10,13,11],"texture":"#side"}
			}
		},
		{
			"from":[0.5,3,11],
			"to":[15.5,6,13],
			"faces":{
				"north":{"uv":[4,10,12,13],"texture":"#side"},
				"east":{"uv":[3,10,5,13],"texture":"#side","cullface":"east"},
				"west":{"uv":[11,10,13,13],"texture":"#side","cullface":"west"},
				"up":{"uv":[11,10,13,11],"texture":"#side"}
			}
		},
		{
			"from":[0.5,3,10],
			"to":[15.5,5,11],
			"faces":{
				"north":{"uv":[5,11,11,13],"texture":"#side"},
				"east":{"uv":[5,11,6,13],"texture":"#side","cullface":"east"},
				"west":{"uv":[10,11,11,13],"texture":"#side"},
				"up":{"uv":[10,11,11,12],"texture":"#side"}
			}
		},
		{
			"from":[0.5,3,5],
			"to":[15.5,5,6],
			"faces":{
				"east":{"uv":[10,11,11,13],"texture":"#side","cullface":"east"},
				"south":{"uv":[5,11,11,13],"texture":"#side"},
				"west":{"uv":[5,11,6,13],"texture":"#side","cullface":"west"},
				"up":{"uv":[10,11,11,12],"texture":"#side"}
			}
		},
		{
			"from":[10,3,0.5],
			"to":[11,5,15.5],
			"faces":{
				"north":{"uv":[5,11,6,13],"texture":"#side","cullface":"north"},
				"south":{"uv":[10,11,11,13],"texture":"#side","cullface":"south"},
				"west":{"uv":[5,11,11,13],"texture":"#side"},
				"up":{"uv":[10,11,11,12],"texture":"#side"}
			}
		},
		{
			"from":[5,3,0.5],
			"to":[6,5,15.5],
			"faces":{
				"north":{"uv":[10,11,11,13],"texture":"#side","cullface":"north"},
				"east":{"uv":[5,11,11,13],"texture":"#side"},
				"south":{"uv":[5,11,6,13],"texture":"#side","cullface":"south"},
				"up":{"uv":[10,11,11,12],"texture":"#side"}
			}
		},
		{
			"from":[3,6,1],
			"to":[6,10,15],
			"faces":{
				"north":{"uv":[10,6,13,10],"texture":"#side","cullface":"north"},
				"east":{"uv":[5,6,11,10],"texture":"#side"},
				"south":{"uv":[3,6,6,10],"texture":"#side","cullface":"south"}
			}
		},
		{
			"from":[10,6,1],
			"to":[13,10,15],
			"faces":{
				"north":{"uv":[3,6,6,10],"texture":"#side","cullface":"north"},
				"south":{"uv":[10,6,13,10],"texture":"#side","cullface":"south"},
				"west":{"uv":[5,6,11,10],"texture":"#side"}
			}
		},
		{
			"from":[1,6,10],
			"to":[15,10,13],
			"faces":{
				"north":{"uv":[5,6,11,10],"texture":"#side"},
				"east":{"uv":[3,6,6,10],"texture":"#side","cullface":"east"},
				"west":{"uv":[10,6,13,10],"texture":"#side","cullface":"west"}
			}
		},
		{
			"from":[1,6,3],
			"to":[15,10,6],
			"faces":{
				"east":{"uv":[10,6,13,10],"texture":"#side","cullface":"east"},
				"south":{"uv":[5,6,11,10],"texture":"#side"},
				"west":{"uv":[3,6,6,10],"texture":"#side","cullface":"west"}
			}
		},
		{
			"from":[1,10,1],
			"to":[15,13,15],
			"faces":{
				"north":{"uv":[1,3,15,6],"texture":"#side","cullface":"north"},
				"east":{"uv":[1,3,15,6],"texture":"#side","cullface":"east"},
				"south":{"uv":[1,3,15,6],"texture":"#side","cullface":"south"},
				"west":{"uv":[1,3,15,6],"texture":"#side","cullface":"west"},
				"down":{"uv":[7,4,9,6],"texture":"#side"}
			}
		},
		{
			"from":[1,3,1],
			"to":[15,6,15],
			"faces":{
				"north":{"uv":[1,10,15,13],"texture":"#side","cullface":"north"},
				"east":{"uv":[1,10,15,13],"texture":"#side","cullface":"east"},
				"south":{"uv":[1,10,15,13],"texture":"#side","cullface":"south"},
				"west":{"uv":[1,10,15,13],"texture":"#side","cullface":"west"},
				"up":{"uv":[7,10,9,11],"texture":"#side"}
			}
		},
		{
			"from":[1,6,6],
			"to":[15,7,7],
			"faces":{
				"east":{"uv":[9,9,10,10],"texture":"#side","cullface":"east"},
				"south":{"uv":[6,9,7,10],"texture":"#side"},
				"west":{"uv":[6,9,7,10],"texture":"#side","cullface":"west"},
				"up":{"uv":[6,9,7,10],"texture":"#side"}
			}
		},
		{
			"from":[1,6,9],
			"to":[15,7,10],
			"faces":{
				"north":{"uv":[6,9,7,10],"texture":"#side"},
				"east":{"uv":[6,9,7,10],"texture":"#side","cullface":"east"},
				"west":{"uv":[9,9,10,10],"texture":"#side","cullface":"west"},
				"up":{"uv":[6,9,7,10],"texture":"#side"}
			}
		},
		{
			"from":[6,6,1],
			"to":[7,7,15],
			"faces":{
				"north":{"uv":[9,9,10,10],"texture":"#side","cullface":"north"},
				"east":{"uv":[6,9,7,10],"texture":"#side"},
				"south":{"uv":[6,9,7,10],"texture":"#side","cullface":"south"},
				"up":{"uv":[6,9,7,10],"texture":"#side"}
			}
		},
		{
			"from":[9,6,1],
			"to":[10,7,15],
			"faces":{
				"north":{"uv":[6,9,7,10],"texture":"#side","cullface":"north"},
				"south":{"uv":[9,9,10,10],"texture":"#side","cullface":"south"},
				"west":{"uv":[6,9,7,10],"texture":"#side"},
				"up":{"uv":[6,9,7,10],"texture":"#side"}
			}
		},
		{
			"from":[9,9,1],
			"to":[10,10,15],
			"faces":{
				"north":{"uv":[6,6,7,7],"texture":"#side","cullface":"north"},
				"south":{"uv":[9,6,10,7],"texture":"#side","cullface":"south"},
				"west":{"uv":[6,6,10,7],"texture":"#side"},
				"down":{"uv":[10,6,6,7],"rotation":90,"texture":"#side"}
			}
		},
		{
			"from":[6,9,1],
			"to":[7,10,15],
			"faces":{
				"north":{"uv":[9,6,10,7],"texture":"#side","cullface":"north"},
				"east":{"uv":[6,6,10,7],"texture":"#side"},
				"south":{"uv":[6,6,7,7],"texture":"#side","cullface":"south"},
				"down":{"uv":[10,6,6,7],"rotation":270,"texture":"#side"}
			}
		},
		{
			"from":[1,9,6],
			"to":[15,10,7],
			"faces":{
				"east":{"uv":[9,6,10,7],"texture":"#side","cullface":"east"},
				"south":{"uv":[6,6,10,7],"texture":"#side"},
				"west":{"uv":[6,6,7,7],"texture":"#side","cullface":"west"},
				"down":{"uv":[6,6,10,7],"texture":"#side"}
			}
		},
		{
			"from":[1,9,9],
			"to":[15,10,10],
			"faces":{
				"north":{"uv":[6,6,10,7],"texture":"#side"},
				"east":{"uv":[6,6,7,7],"texture":"#side","cullface":"east"},
				"west":{"uv":[9,6,10,7],"texture":"#side","cullface":"west"},
				"down":{"uv":[10,6,6,7],"texture":"#side"}
			}
		},
		{
			"from":[1.5,6,1.5],
			"to":[14.5,10,14.5],
			"faces":{
				"north":{"uv":[1.5,6,14.5,10],"texture":"#side","cullface":"north"},
				"east":{"uv":[1.5,6,14.5,10],"texture":"#side","cullface":"east"},
				"south":{"uv":[1.5,6,14.5,10],"texture":"#side","cullface":"south"},
				"west":{"uv":[1.5,6,14.5,10],"texture":"#side","cullface":"west"}
			}
		}
	]
}