{
	"__comment":"Designed by GeForceLegend",
	"parent":"block/cube_all",
	"ambientocclusion":false,
	"textures":{
		"all":"block/spawner"
	},
	"elements":[
		{
			"from":[0,0,15],
			"to":[16,1,16],
			"faces":{
				"north":{"uv":[16,0,0,1],"texture":"#all"},
				"east":{"uv":[0,15,1,16],"texture":"#all","cullface":"east"},
				"south":{"uv":[0,15,16,16],"texture":"#all","cullface":"south"},
				"west":{"uv":[15,15,16,16],"texture":"#all","cullface":"west"},
				"up":{"uv":[0,15,16,16],"texture":"#all"},
				"down":{"uv":[0,0,16,1],"texture":"#all","cullface":"down"}
			}
		},
		{
			"from":[0,15,15],
			"to":[16,16,16],
			"faces":{
				"north":{"uv":[16,0,0,1],"texture":"#all"},
				"east":{"uv":[0,15,1,16],"texture":"#all","cullface":"east"},
				"south":{"uv":[0,0,16,1],"texture":"#all","cullface":"south"},
				"west":{"uv":[15,15,16,16],"texture":"#all","cullface":"west"},
				"up":{"uv":[0,15,16,16],"texture":"#all","cullface":"up"},
				"down":{"uv":[0,0,16,1],"texture":"#all"}
			}
		},
		{
			"from":[0,15,0],
			"to":[16,16,1],
			"faces":{
				"north":{"uv":[0,0,16,1],"texture":"#all","cullface":"north"},
				"east":{"uv":[16,15,15,16],"texture":"#all","cullface":"east"},
				"south":{"uv":[16,0,0,1],"texture":"#all"},
				"west":{"uv":[1,15,0,16],"texture":"#all","cullface":"west"},
				"up":{"uv":[16,15,0,16],"texture":"#all","cullface":"up"},
				"down":{"uv":[16,0,0,1],"texture":"#all"}
			}
		},
		{
			"from":[0,0,0],
			"to":[16,1,1],
			"faces":{
				"north":{"uv":[0,0,16,1],"texture":"#all","cullface":"north"},
				"east":{"uv":[16,15,15,16],"texture":"#all","cullface":"east"},
				"south":{"uv":[16,0,0,1],"texture":"#all"},
				"west":{"uv":[1,15,0,16],"texture":"#all","cullface":"west"},
				"up":{"uv":[16,15,0,16],"texture":"#all"},
				"down":{"uv":[16,0,0,1],"texture":"#all","cullface":"down"}
			}
		},
		{
			"from":[0,0,1],
			"to":[1,1,15],
			"faces":{
				"east":{"uv":[0,1,1,15],"rotation":90,"texture":"#all"},
				"west":{"uv":[1,15,15,16],"texture":"#all","cullface":"west"},
				"up":{"uv":[1,15,15,16],"rotation":90,"texture":"#all"},
				"down":{"uv":[0,1,1,15],"texture":"#all","cullface":"down"}
			}
		},
		{
			"from":[15,0,1],
			"to":[16,1,15],
			"faces":{
				"east":{"uv":[1,15,15,16],"texture":"#all","cullface":"east"},
				"west":{"uv":[15,15,16,1],"rotation":90,"texture":"#all"},
				"up":{"uv":[1,15,15,16],"rotation":270,"texture":"#all"},
				"down":{"uv":[15,1,16,15],"texture":"#all","cullface":"down"}
			}
		},
		{
			"from":[0,15,1],
			"to":[1,16,15],
			"faces":{
				"east":{"uv":[0,1,1,15],"rotation":90,"texture":"#all"},
				"west":{"uv":[1,0,15,1],"texture":"#all","cullface":"west"},
				"up":{"uv":[0,1,1,15],"texture":"#all","cullface":"up"},
				"down":{"uv":[15,0,1,1],"rotation":90,"texture":"#all"}
			}
		},
		{
			"from":[15,15,1],
			"to":[16,16,15],
			"faces":{
				"east":{"uv":[1,0,15,1],"texture":"#all","cullface":"east"},
				"west":{"uv":[15,1,16,15],"rotation":90,"texture":"#all"},
				"up":{"uv":[15,1,16,15],"texture":"#all","cullface":"up"},
				"down":{"uv":[1,0,15,1],"rotation":90,"texture":"#all"}
			}
		},
		{
			"from":[0,1,0],
			"to":[1,15,1],
			"faces":{
				"north":{"uv":[15,1,16,15],"texture":"#all","cullface":"north"},
				"east":{"uv":[15,1,16,15],"texture":"#all"},
				"south":{"uv":[0,1,1,15],"texture":"#all"},
				"west":{"uv":[0,1,1,15],"texture":"#all","cullface":"west"}
			}
		},
		{
			"from":[15,1,0],
			"to":[16,15,1],
			"faces":{
				"north":{"uv":[0,1,1,15],"texture":"#all","cullface":"north"},
				"east":{"uv":[15,1,16,15],"texture":"#all","cullface":"east"},
				"south":{"uv":[15,1,16,15],"texture":"#all"},
				"west":{"uv":[0,1,1,15],"texture":"#all"}
			}
		},
		{
			"from":[15,1,15],
			"to":[16,15,16],
			"faces":{
				"north":{"uv":[0,1,1,15],"texture":"#all"},
				"east":{"uv":[0,1,1,15],"texture":"#all","cullface":"east"},
				"south":{"uv":[15,1,16,15],"texture":"#all","cullface":"south"},
				"west":{"uv":[15,1,16,15],"texture":"#all"}
			}
		},
		{
			"from":[0,1,15],
			"to":[1,15,16],
			"faces":{
				"north":{"uv":[15,1,16,15],"texture":"#all"},
				"east":{"uv":[0,1,1,15],"texture":"#all"},
				"south":{"uv":[0,1,1,15],"texture":"#all","cullface":"south"},
				"west":{"uv":[15,1,16,15],"texture":"#all","cullface":"west"}
			}
		},
		{
			"from":[1,10,15],
			"to":[4,13,16],
			"faces":{
				"north":{"uv":[4,3,1,6],"texture":"#all"},
				"east":{"uv":[3,3,4,6],"texture":"#all"},
				"south":{"uv":[1,3,4,6],"texture":"#all","cullface":"south"},
				"up":{"uv":[1,3,4,4],"texture":"#all"},
				"down":{"uv":[1,5,4,6],"texture":"#all"}
			}
		},
		{
			"from":[12,10,15],
			"to":[15,13,16],
			"faces":{
				"north":{"uv":[15,3,12,6],"texture":"#all"},
				"south":{"uv":[12,3,15,6],"texture":"#all","cullface":"south"},
				"west":{"uv":[12,3,13,6],"texture":"#all"},
				"up":{"uv":[12,3,15,4],"texture":"#all"},
				"down":{"uv":[12,5,15,6],"texture":"#all"}
			}
		},
		{
			"from":[4,12,15],
			"to":[12,13,16],
			"faces":{
				"north":{"uv":[12,3,4,4],"texture":"#all"},
				"south":{"uv":[4,3,12,4],"texture":"#all","cullface":"south"},
				"up":{"uv":[4,3,12,4],"texture":"#all"},
				"down":{"uv":[4,3,12,4],"texture":"#all"}
			}
		},
		{
			"from":[2,9,15],
			"to":[3,15,16],
			"faces":{
				"north":{"uv":[2,1,3,7],"texture":"#all"},
				"east":{"uv":[2,1,3,7],"texture":"#all"},
				"south":{"uv":[2,1,3,7],"texture":"#all","cullface":"south"},
				"west":{"uv":[2,1,3,7],"texture":"#all"}
			}
		},
		{
			"from":[13,9,15],
			"to":[14,15,16],
			"faces":{
				"north":{"uv":[13,1,14,7],"texture":"#all"},
				"east":{"uv":[13,1,14,7],"texture":"#all"},
				"south":{"uv":[13,1,14,7],"texture":"#all","cullface":"south"},
				"west":{"uv":[13,1,14,7],"texture":"#all"}
			}
		},
		{
			"from":[6,10,15],
			"to":[7,15,16],
			"faces":{
				"north":{"uv":[6,1,7,6],"texture":"#all"},
				"east":{"uv":[6,1,7,6],"texture":"#all"},
				"south":{"uv":[6,1,7,6],"texture":"#all","cullface":"south"},
				"west":{"uv":[6,1,7,6],"texture":"#all"}
			}
		},
		{
			"from":[9,10,15],
			"to":[10,15,16],
			"faces":{
				"north":{"uv":[9,1,10,6],"texture":"#all"},
				"east":{"uv":[9,1,10,6],"texture":"#all"},
				"south":{"uv":[9,1,10,6],"texture":"#all","cullface":"south"},
				"west":{"uv":[9,1,10,6],"texture":"#all"}
			}
		},
		{
			"from":[5,14,15],
			"to":[11,15,16],
			"faces":{
				"north":{"uv":[11,1,5,2],"texture":"#all"},
				"east":{"uv":[10,1,11,2],"texture":"#all"},
				"south":{"uv":[5,1,11,2],"texture":"#all","cullface":"south"},
				"west":{"uv":[5,1,6,2],"texture":"#all"},
				"down":{"uv":[5,1,11,2],"texture":"#all"}
			}
		},
		{
			"from":[5,6,15],
			"to":[11,10,16],
			"faces":{
				"north":{"uv":[11,6,5,10],"texture":"#all"},
				"east":{"uv":[10,6,11,10],"texture":"#all"},
				"south":{"uv":[5,6,11,10],"texture":"#all","cullface":"south"},
				"west":{"uv":[5,6,6,10],"texture":"#all"},
				"up":{"uv":[5,6,11,7],"texture":"#all"},
				"down":{"uv":[5,9,11,10],"texture":"#all"}
			}
		},
		{
			"from":[1,8,15],
			"to":[15,9,16],
			"faces":{
				"north":{"uv":[15,7,1,8],"texture":"#all"},
				"south":{"uv":[1,7,15,8],"texture":"#all","cullface":"south"},
				"up":{"uv":[1,7,15,8],"texture":"#all"},
				"down":{"uv":[1,7,15,8],"texture":"#all"}
			}
		},
		{
			"from":[1,4,15],
			"to":[6,5,16],
			"faces":{
				"north":{"uv":[6,11,1,12],"texture":"#all"},
				"south":{"uv":[1,11,6,12],"texture":"#all","cullface":"south"},
				"up":{"uv":[1,11,6,12],"texture":"#all"},
				"down":{"uv":[1,11,6,12],"texture":"#all"}
			}
		},
		{
			"from":[1,0,4],
			"to":[6,1,5],
			"faces":{
				"north":{"uv":[6,11,1,12],"texture":"#all"},
				"south":{"uv":[1,11,6,12],"texture":"#all"},
				"up":{"uv":[1,12,6,11],"texture":"#all"},
				"down":{"uv":[1,11,6,12],"texture":"#all","cullface":"down"}
			}
		},
		{
			"from":[1,15,11],
			"to":[6,16,12],
			"faces":{
				"north":{"uv":[6,11,1,12],"texture":"#all"},
				"south":{"uv":[1,11,6,12],"texture":"#all"},
				"up":{"uv":[1,11,6,12],"texture":"#all","cullface":"up"},
				"down":{"uv":[1,12,6,11],"texture":"#all"}
			}
		},
		{
			"from":[0,4,1],
			"to":[1,5,6],
			"faces":{
				"east":{"uv":[6,11,1,12],"texture":"#all"},
				"west":{"uv":[1,11,6,12],"texture":"#all","cullface":"west"},
				"up":{"uv":[1,11,6,12],"rotation":90,"texture":"#all"},
				"down":{"uv":[1,11,6,12],"rotation":270,"texture":"#all"}
			}
		},
		{
			"from":[10,4,0],
			"to":[15,5,1],
			"faces":{
				"north":{"uv":[1,11,6,12],"texture":"#all","cullface":"north"},
				"south":{"uv":[6,11,1,12],"texture":"#all"},
				"up":{"uv":[1,11,6,12],"rotation":180,"texture":"#all"},
				"down":{"uv":[1,11,6,12],"rotation":180,"texture":"#all"}
			}
		},
		{
			"from":[15,4,10],
			"to":[16,5,15],
			"faces":{
				"east":{"uv":[1,11,6,12],"texture":"#all","cullface":"east"},
				"west":{"uv":[6,11,1,12],"texture":"#all"},
				"up":{"uv":[1,11,6,12],"rotation":270,"texture":"#all"},
				"down":{"uv":[1,11,6,12],"rotation":90,"texture":"#all"}
			}
		},
		{
			"from":[10,4,15],
			"to":[15,5,16],
			"faces":{
				"north":{"uv":[15,11,10,12],"texture":"#all"},
				"south":{"uv":[10,11,15,12],"texture":"#all","cullface":"south"},
				"up":{"uv":[10,11,15,12],"texture":"#all"},
				"down":{"uv":[10,11,15,12],"texture":"#all"}
			}
		},
		{
			"from":[10,0,4],
			"to":[15,1,5],
			"faces":{
				"north":{"uv":[15,11,10,12],"texture":"#all"},
				"south":{"uv":[10,11,15,12],"texture":"#all"},
				"up":{"uv":[10,12,15,11],"texture":"#all"},
				"down":{"uv":[10,11,15,12],"texture":"#all","cullface":"down"}
			}
		},
		{
			"from":[10,15,11],
			"to":[15,16,12],
			"faces":{
				"north":{"uv":[15,11,10,12],"texture":"#all"},
				"south":{"uv":[10,11,15,12],"texture":"#all"},
				"up":{"uv":[10,11,15,12],"texture":"#all","cullface":"up"},
				"down":{"uv":[10,12,15,11],"texture":"#all"}
			}
		},
		{
			"from":[0,4,10],
			"to":[1,5,15],
			"faces":{
				"east":{"uv":[15,11,10,12],"texture":"#all"},
				"west":{"uv":[10,11,15,12],"texture":"#all","cullface":"west"},
				"up":{"uv":[10,11,15,12],"rotation":90,"texture":"#all"},
				"down":{"uv":[10,11,15,12],"rotation":270,"texture":"#all"}
			}
		},
		{
			"from":[1,4,0],
			"to":[6,5,1],
			"faces":{
				"north":{"uv":[10,11,15,12],"texture":"#all","cullface":"north"},
				"south":{"uv":[15,11,10,12],"texture":"#all"},
				"up":{"uv":[10,11,15,12],"rotation":180,"texture":"#all"},
				"down":{"uv":[10,11,15,12],"rotation":180,"texture":"#all"}
			}
		},
		{
			"from":[15,4,1],
			"to":[16,5,6],
			"faces":{
				"east":{"uv":[10,11,15,12],"texture":"#all","cullface":"east"},
				"west":{"uv":[15,11,10,12],"texture":"#all"},
				"up":{"uv":[10,11,15,12],"rotation":270,"texture":"#all"},
				"down":{"uv":[10,11,15,12],"rotation":90,"texture":"#all"}
			}
		},
		{
			"from":[7,4,15],
			"to":[9,6,16],
			"faces":{
				"north":{"uv":[9,10,7,12],"texture":"#all"},
				"south":{"uv":[7,10,9,12],"texture":"#all","cullface":"south"},
				"down":{"uv":[7,11,9,12],"texture":"#all"}
			}
		},
		{
			"from":[7,0,4],
			"to":[9,1,6],
			"faces":{
				"north":{"uv":[9,11,7,12],"texture":"#all"},
				"up":{"uv":[7,12,9,10],"texture":"#all"},
				"down":{"uv":[7,10,9,12],"texture":"#all","cullface":"down"}
			}
		},
		{
			"from":[7,15,10],
			"to":[9,16,12],
			"faces":{
				"south":{"uv":[7,11,9,12],"texture":"#all"},
				"up":{"uv":[7,10,9,12],"texture":"#all","cullface":"up"},
				"down":{"uv":[9,12,7,10],"texture":"#all"}
			}
		},
		{
			"from":[0,4,7],
			"to":[1,6,9],
			"faces":{
				"east":{"uv":[9,10,7,12],"texture":"#all"},
				"west":{"uv":[7,10,9,12],"texture":"#all","cullface":"west"},
				"down":{"uv":[7,11,9,12],"rotation":270,"texture":"#all"}
			}
		},
		{
			"from":[7,4,0],
			"to":[9,6,1],
			"faces":{
				"north":{"uv":[7,10,9,12],"texture":"#all","cullface":"north"},
				"south":{"uv":[9,10,7,12],"texture":"#all"},
				"down":{"uv":[7,11,9,12],"rotation":180,"texture":"#all"}
			}
		},
		{
			"from":[15,4,7],
			"to":[16,6,9],
			"faces":{
				"east":{"uv":[7,10,9,12],"texture":"#all","cullface":"east"},
				"west":{"uv":[9,10,7,12],"texture":"#all"},
				"down":{"uv":[7,11,9,12],"rotation":90,"texture":"#all"}
			}
		},
		{
			"from":[6,1,15],
			"to":[7,6,16],
			"faces":{
				"north":{"uv":[6,10,7,15],"texture":"#all"},
				"east":{"uv":[6,10,7,15],"texture":"#all"},
				"south":{"uv":[6,10,7,15],"texture":"#all","cullface":"south"},
				"west":{"uv":[6,10,7,15],"texture":"#all"}
			}
		},
		{
			"from":[9,1,15],
			"to":[10,6,16],
			"faces":{
				"north":{"uv":[9,10,10,15],"texture":"#all"},
				"east":{"uv":[9,10,10,15],"texture":"#all"},
				"south":{"uv":[9,10,10,15],"texture":"#all","cullface":"south"},
				"west":{"uv":[9,10,10,15],"texture":"#all"}
			}
		},
		{
			"from":[2,1,15],
			"to":[3,8,16],
			"faces":{
				"north":{"uv":[2,8,3,15],"texture":"#all"},
				"east":{"uv":[2,8,3,15],"texture":"#all"},
				"south":{"uv":[2,8,3,15],"texture":"#all","cullface":"south"},
				"west":{"uv":[2,8,3,15],"texture":"#all"}
			}
		},
		{
			"from":[13,1,15],
			"to":[14,8,16],
			"faces":{
				"north":{"uv":[13,8,14,15],"texture":"#all"},
				"east":{"uv":[13,8,14,15],"texture":"#all"},
				"south":{"uv":[13,8,14,15],"texture":"#all","cullface":"south"},
				"west":{"uv":[13,8,14,15],"texture":"#all"}
			}
		},
		{
			"from":[3,6,15],
			"to":[4,7,16],
			"faces":{
				"north":{"uv":[3,9,4,10],"texture":"#all"},
				"east":{"uv":[3,9,4,10],"texture":"#all"},
				"south":{"uv":[3,9,4,10],"texture":"#all","cullface":"south"},
				"up":{"uv":[3,9,4,10],"texture":"#all"},
				"down":{"uv":[3,9,4,10],"texture":"#all"}
			}
		},
		{
			"from":[12,6,15],
			"to":[13,7,16],
			"faces":{
				"north":{"uv":[12,9,13,10],"texture":"#all"},
				"south":{"uv":[12,9,13,10],"texture":"#all","cullface":"south"},
				"west":{"uv":[12,9,13,10],"texture":"#all"},
				"up":{"uv":[12,9,13,10],"texture":"#all"},
				"down":{"uv":[12,9,13,10],"texture":"#all"}
			}
		},
		{
			"from":[1,2,15],
			"to":[15,3,16],
			"faces":{
				"north":{"uv":[15,13,1,14],"texture":"#all"},
				"south":{"uv":[1,13,15,14],"texture":"#all","cullface":"south"},
				"up":{"uv":[1,13,15,14],"texture":"#all"},
				"down":{"uv":[1,13,15,14],"texture":"#all"}
			}
		},
		{
			"from":[5,2,15],
			"to":[11,3,16],
			"faces":{
				"east":{"uv":[10,13,11,14],"texture":"#all"},
				"west":{"uv":[5,13,6,14],"texture":"#all"}
			}
		},
		{
			"from":[15,10,12],
			"to":[16,13,15],
			"faces":{
				"north":{"uv":[3,3,4,6],"texture":"#all"},
				"east":{"uv":[1,3,4,6],"texture":"#all","cullface":"east"},
				"west":{"uv":[4,3,1,6],"texture":"#all"},
				"up":{"uv":[1,3,4,4],"rotation":270,"texture":"#all"},
				"down":{"uv":[1,5,4,6],"rotation":90,"texture":"#all"}
			}
		},
		{
			"from":[15,10,1],
			"to":[16,13,4],
			"faces":{
				"east":{"uv":[12,3,15,6],"texture":"#all","cullface":"east"},
				"south":{"uv":[12,3,13,6],"texture":"#all"},
				"west":{"uv":[15,3,12,6],"texture":"#all"},
				"up":{"uv":[12,3,15,4],"rotation":270,"texture":"#all"},
				"down":{"uv":[12,5,15,6],"rotation":90,"texture":"#all"}
			}
		},
		{
			"from":[15,12,4],
			"to":[16,13,12],
			"faces":{
				"east":{"uv":[4,3,12,4],"texture":"#all","cullface":"east"},
				"west":{"uv":[12,3,4,4],"texture":"#all"},
				"up":{"uv":[4,3,12,4],"rotation":270,"texture":"#all"},
				"down":{"uv":[4,3,12,4],"rotation":90,"texture":"#all"}
			}
		},
		{
			"from":[15,9,13],
			"to":[16,15,14],
			"faces":{
				"north":{"uv":[2,1,3,7],"texture":"#all"},
				"east":{"uv":[2,1,3,7],"texture":"#all","cullface":"east"},
				"south":{"uv":[2,1,3,7],"texture":"#all"},
				"west":{"uv":[2,1,3,7],"texture":"#all"}
			}
		},
		{
			"from":[15,9,2],
			"to":[16,15,3],
			"faces":{
				"north":{"uv":[13,1,14,7],"texture":"#all"},
				"east":{"uv":[13,1,14,7],"texture":"#all","cullface":"east"},
				"south":{"uv":[13,1,14,7],"texture":"#all"},
				"west":{"uv":[13,1,14,7],"texture":"#all"}
			}
		},
		{
			"from":[15,10,9],
			"to":[16,15,10],
			"faces":{
				"north":{"uv":[6,1,7,6],"texture":"#all"},
				"east":{"uv":[6,1,7,6],"texture":"#all","cullface":"east"},
				"south":{"uv":[6,1,7,6],"texture":"#all"},
				"west":{"uv":[6,1,7,6],"texture":"#all"}
			}
		},
		{
			"from":[15,10,6],
			"to":[16,15,7],
			"faces":{
				"north":{"uv":[9,1,10,6],"texture":"#all"},
				"east":{"uv":[9,1,10,6],"texture":"#all","cullface":"east"},
				"south":{"uv":[9,1,10,6],"texture":"#all"},
				"west":{"uv":[9,1,10,6],"texture":"#all"}
			}
		},
		{
			"from":[15,14,5],
			"to":[16,15,11],
			"faces":{
				"north":{"uv":[10,1,11,2],"texture":"#all"},
				"east":{"uv":[5,1,11,2],"texture":"#all","cullface":"east"},
				"south":{"uv":[5,1,6,2],"texture":"#all"},
				"west":{"uv":[11,1,5,2],"texture":"#all"},
				"down":{"uv":[5,1,11,2],"rotation":90,"texture":"#all"}
			}
		},
		{
			"from":[15,6,5],
			"to":[16,10,11],
			"faces":{
				"north":{"uv":[10,6,11,10],"texture":"#all"},
				"east":{"uv":[5,6,11,10],"texture":"#all","cullface":"east"},
				"south":{"uv":[5,6,6,10],"texture":"#all"},
				"west":{"uv":[11,6,5,10],"texture":"#all"},
				"up":{"uv":[5,6,11,7],"rotation":270,"texture":"#all"},
				"down":{"uv":[5,9,11,10],"rotation":90,"texture":"#all"}
			}
		},
		{
			"from":[15,8,1],
			"to":[16,9,15],
			"faces":{
				"east":{"uv":[1,7,15,8],"texture":"#all","cullface":"east"},
				"west":{"uv":[15,7,1,8],"texture":"#all"},
				"up":{"uv":[1,7,15,8],"rotation":270,"texture":"#all"},
				"down":{"uv":[1,7,15,8],"rotation":90,"texture":"#all"}
			}
		},
		{
			"from":[15,1,9],
			"to":[16,6,10],
			"faces":{
				"north":{"uv":[6,10,7,15],"texture":"#all"},
				"east":{"uv":[6,10,7,15],"texture":"#all","cullface":"east"},
				"south":{"uv":[6,10,7,15],"texture":"#all"},
				"west":{"uv":[6,10,7,15],"texture":"#all"}
			}
		},
		{
			"from":[15,1,6],
			"to":[16,6,7],
			"faces":{
				"north":{"uv":[9,10,10,15],"texture":"#all"},
				"east":{"uv":[9,10,10,15],"texture":"#all","cullface":"east"},
				"south":{"uv":[9,10,10,15],"texture":"#all"},
				"west":{"uv":[9,10,10,15],"texture":"#all"}
			}
		},
		{
			"from":[15,1,13],
			"to":[16,8,14],
			"faces":{
				"north":{"uv":[2,8,3,15],"texture":"#all"},
				"east":{"uv":[2,8,3,15],"texture":"#all","cullface":"east"},
				"south":{"uv":[2,8,3,15],"texture":"#all"},
				"west":{"uv":[2,8,3,15],"texture":"#all"}
			}
		},
		{
			"from":[15,1,2],
			"to":[16,8,3],
			"faces":{
				"north":{"uv":[13,8,14,15],"texture":"#all"},
				"east":{"uv":[13,8,14,15],"texture":"#all","cullface":"east"},
				"south":{"uv":[13,8,14,15],"texture":"#all"},
				"west":{"uv":[13,8,14,15],"texture":"#all"}
			}
		},
		{
			"from":[15,6,12],
			"to":[16,7,13],
			"faces":{
				"north":{"uv":[3,9,4,10],"texture":"#all"},
				"east":{"uv":[3,9,4,10],"texture":"#all","cullface":"east"},
				"west":{"uv":[3,9,4,10],"texture":"#all"},
				"up":{"uv":[3,9,4,10],"rotation":270,"texture":"#all"},
				"down":{"uv":[3,9,4,10],"rotation":90,"texture":"#all"}
			}
		},
		{
			"from":[15,6,3],
			"to":[16,7,4],
			"faces":{
				"east":{"uv":[12,9,13,10],"texture":"#all","cullface":"east"},
				"south":{"uv":[12,9,13,10],"texture":"#all"},
				"west":{"uv":[12,9,13,10],"texture":"#all"},
				"up":{"uv":[12,9,13,10],"rotation":270,"texture":"#all"},
				"down":{"uv":[12,9,13,10],"rotation":90,"texture":"#all"}
			}
		},
		{
			"from":[15,2,1],
			"to":[16,3,15],
			"faces":{
				"east":{"uv":[1,13,15,14],"texture":"#all","cullface":"east"},
				"west":{"uv":[15,13,1,14],"texture":"#all"},
				"up":{"uv":[1,13,15,14],"rotation":270,"texture":"#all"},
				"down":{"uv":[1,13,15,14],"rotation":90,"texture":"#all"}
			}
		},
		{
			"from":[15,2,5],
			"to":[16,3,11],
			"faces":{
				"north":{"uv":[10,13,11,14],"texture":"#all"},
				"south":{"uv":[5,13,6,14],"texture":"#all"}
			}
		},
		{
			"from":[12,10,0],
			"to":[15,13,1],
			"faces":{
				"north":{"uv":[1,3,4,6],"texture":"#all","cullface":"north"},
				"south":{"uv":[4,3,1,6],"texture":"#all"},
				"west":{"uv":[3,3,4,6],"texture":"#all"},
				"up":{"uv":[4,3,1,4],"texture":"#all"},
				"down":{"uv":[4,5,1,6],"texture":"#all"}
			}
		},
		{
			"from":[1,10,0],
			"to":[4,13,1],
			"faces":{
				"north":{"uv":[12,3,15,6],"texture":"#all","cullface":"north"},
				"east":{"uv":[12,3,13,6],"texture":"#all"},
				"south":{"uv":[15,3,12,6],"texture":"#all"},
				"up":{"uv":[15,3,12,4],"texture":"#all"},
				"down":{"uv":[15,5,12,6],"texture":"#all"}
			}
		},
		{
			"from":[4,12,0],
			"to":[12,13,1],
			"faces":{
				"north":{"uv":[4,3,12,4],"texture":"#all","cullface":"north"},
				"south":{"uv":[12,3,4,4],"texture":"#all"},
				"up":{"uv":[12,3,4,4],"texture":"#all"},
				"down":{"uv":[12,3,4,4],"texture":"#all"}
			}
		},
		{
			"from":[13,9,0],
			"to":[14,15,1],
			"faces":{
				"north":{"uv":[2,1,3,7],"texture":"#all","cullface":"north"},
				"east":{"uv":[2,1,3,7],"texture":"#all"},
				"south":{"uv":[2,1,3,7],"texture":"#all"},
				"west":{"uv":[2,1,3,7],"texture":"#all"}
			}
		},
		{
			"from":[2,9,0],
			"to":[3,15,1],
			"faces":{
				"north":{"uv":[13,1,14,7],"texture":"#all","cullface":"north"},
				"east":{"uv":[13,1,14,7],"texture":"#all"},
				"south":{"uv":[13,1,14,7],"texture":"#all"},
				"west":{"uv":[13,1,14,7],"texture":"#all"}
			}
		},
		{
			"from":[9,10,0],
			"to":[10,15,1],
			"faces":{
				"north":{"uv":[6,1,7,6],"texture":"#all","cullface":"north"},
				"east":{"uv":[6,1,7,6],"texture":"#all"},
				"south":{"uv":[6,1,7,6],"texture":"#all"},
				"west":{"uv":[6,1,7,6],"texture":"#all"}
			}
		},
		{
			"from":[6,10,0],
			"to":[7,15,1],
			"faces":{
				"north":{"uv":[9,1,10,6],"texture":"#all","cullface":"north"},
				"east":{"uv":[9,1,10,6],"texture":"#all"},
				"south":{"uv":[9,1,10,6],"texture":"#all"},
				"west":{"uv":[9,1,10,6],"texture":"#all"}
			}
		},
		{
			"from":[5,14,0],
			"to":[11,15,1],
			"faces":{
				"north":{"uv":[5,1,11,2],"texture":"#all","cullface":"north"},
				"east":{"uv":[5,1,6,2],"texture":"#all"},
				"south":{"uv":[11,1,5,2],"texture":"#all"},
				"west":{"uv":[10,1,11,2],"texture":"#all"},
				"down":{"uv":[11,1,5,2],"texture":"#all"}
			}
		},
		{
			"from":[5,6,0],
			"to":[11,10,1],
			"faces":{
				"north":{"uv":[5,6,11,10],"texture":"#all","cullface":"north"},
				"east":{"uv":[5,6,6,10],"texture":"#all"},
				"south":{"uv":[11,6,5,10],"texture":"#all"},
				"west":{"uv":[10,6,11,10],"texture":"#all"},
				"up":{"uv":[11,6,5,7],"texture":"#all"},
				"down":{"uv":[11,9,5,10],"texture":"#all"}
			}
		},
		{
			"from":[1,8,0],
			"to":[15,9,1],
			"faces":{
				"north":{"uv":[1,7,15,8],"texture":"#all","cullface":"north"},
				"south":{"uv":[15,7,1,8],"texture":"#all"},
				"up":{"uv":[15,7,1,8],"texture":"#all"},
				"down":{"uv":[15,7,1,8],"texture":"#all"}
			}
		},
		{
			"from":[9,1,0],
			"to":[10,6,1],
			"faces":{
				"north":{"uv":[6,10,7,15],"texture":"#all","cullface":"north"},
				"east":{"uv":[6,10,7,15],"texture":"#all"},
				"south":{"uv":[6,10,7,15],"texture":"#all"},
				"west":{"uv":[6,10,7,15],"texture":"#all"}
			}
		},
		{
			"from":[6,1,0],
			"to":[7,6,1],
			"faces":{
				"north":{"uv":[9,10,10,15],"texture":"#all","cullface":"north"},
				"east":{"uv":[9,10,10,15],"texture":"#all"},
				"south":{"uv":[9,10,10,15],"texture":"#all"},
				"west":{"uv":[9,10,10,15],"texture":"#all"}
			}
		},
		{
			"from":[13,1,0],
			"to":[14,8,1],
			"faces":{
				"north":{"uv":[2,8,3,15],"texture":"#all","cullface":"north"},
				"east":{"uv":[2,8,3,15],"texture":"#all"},
				"south":{"uv":[2,8,3,15],"texture":"#all"},
				"west":{"uv":[2,8,3,15],"texture":"#all"}
			}
		},
		{
			"from":[2,1,0],
			"to":[3,8,1],
			"faces":{
				"north":{"uv":[13,8,14,15],"texture":"#all","cullface":"north"},
				"east":{"uv":[13,8,14,15],"texture":"#all"},
				"south":{"uv":[13,8,14,15],"texture":"#all"},
				"west":{"uv":[13,8,14,15],"texture":"#all"}
			}
		},
		{
			"from":[12,6,0],
			"to":[13,7,1],
			"faces":{
				"north":{"uv":[3,9,4,10],"texture":"#all","cullface":"north"},
				"south":{"uv":[3,9,4,10],"texture":"#all"},
				"west":{"uv":[3,9,4,10],"texture":"#all"},
				"up":{"uv":[4,9,3,10],"texture":"#all"},
				"down":{"uv":[4,9,3,10],"texture":"#all"}
			}
		},
		{
			"from":[3,6,0],
			"to":[4,7,1],
			"faces":{
				"north":{"uv":[12,9,13,10],"texture":"#all","cullface":"north"},
				"east":{"uv":[12,9,13,10],"texture":"#all"},
				"south":{"uv":[12,9,13,10],"texture":"#all"},
				"up":{"uv":[13,9,12,10],"texture":"#all"},
				"down":{"uv":[13,9,12,10],"texture":"#all"}
			}
		},
		{
			"from":[1,2,0],
			"to":[15,3,1],
			"faces":{
				"north":{"uv":[1,13,15,14],"texture":"#all","cullface":"north"},
				"south":{"uv":[15,13,1,14],"texture":"#all"},
				"up":{"uv":[15,13,1,14],"texture":"#all"},
				"down":{"uv":[15,13,1,14],"texture":"#all"}
			}
		},
		{
			"from":[5,2,0],
			"to":[11,3,1],
			"faces":{
				"east":{"uv":[5,13,6,14],"texture":"#all"},
				"west":{"uv":[10,13,11,14],"texture":"#all"}
			}
		},
		{
			"from":[0,10,1],
			"to":[1,13,4],
			"faces":{
				"east":{"uv":[4,3,1,6],"texture":"#all"},
				"south":{"uv":[3,3,4,6],"texture":"#all"},
				"west":{"uv":[1,3,4,6],"texture":"#all","cullface":"west"},
				"up":{"uv":[4,3,1,4],"rotation":270,"texture":"#all"},
				"down":{"uv":[4,5,1,6],"rotation":90,"texture":"#all"}
			}
		},
		{
			"from":[0,10,12],
			"to":[1,13,15],
			"faces":{
				"north":{"uv":[12,3,13,6],"texture":"#all"},
				"east":{"uv":[15,3,12,6],"texture":"#all"},
				"west":{"uv":[12,3,15,6],"texture":"#all","cullface":"west"},
				"up":{"uv":[15,3,12,4],"rotation":270,"texture":"#all"},
				"down":{"uv":[15,5,12,6],"rotation":90,"texture":"#all"}
			}
		},
		{
			"from":[0,12,4],
			"to":[1,13,12],
			"faces":{
				"east":{"uv":[12,3,4,4],"texture":"#all"},
				"west":{"uv":[4,3,12,4],"texture":"#all","cullface":"west"},
				"up":{"uv":[12,3,4,4],"rotation":270,"texture":"#all"},
				"down":{"uv":[12,3,4,4],"rotation":90,"texture":"#all"}
			}
		},
		{
			"from":[0,9,2],
			"to":[1,15,3],
			"faces":{
				"north":{"uv":[2,1,3,7],"texture":"#all"},
				"east":{"uv":[2,1,3,7],"texture":"#all"},
				"south":{"uv":[2,1,3,7],"texture":"#all"},
				"west":{"uv":[2,1,3,7],"texture":"#all","cullface":"west"}
			}
		},
		{
			"from":[0,9,13],
			"to":[1,15,14],
			"faces":{
				"north":{"uv":[13,1,14,7],"texture":"#all"},
				"east":{"uv":[13,1,14,7],"texture":"#all"},
				"south":{"uv":[13,1,14,7],"texture":"#all"},
				"west":{"uv":[13,1,14,7],"texture":"#all","cullface":"west"}
			}
		},
		{
			"from":[0,10,6],
			"to":[1,15,7],
			"faces":{
				"north":{"uv":[6,1,7,6],"texture":"#all"},
				"east":{"uv":[6,1,7,6],"texture":"#all"},
				"south":{"uv":[6,1,7,6],"texture":"#all"},
				"west":{"uv":[6,1,7,6],"texture":"#all","cullface":"west"}
			}
		},
		{
			"from":[0,10,9],
			"to":[1,15,10],
			"faces":{
				"north":{"uv":[9,1,10,6],"texture":"#all"},
				"east":{"uv":[9,1,10,6],"texture":"#all"},
				"south":{"uv":[9,1,10,6],"texture":"#all"},
				"west":{"uv":[9,1,10,6],"texture":"#all","cullface":"west"}
			}
		},
		{
			"from":[0,14,5],
			"to":[1,15,11],
			"faces":{
				"north":{"uv":[5,1,6,2],"texture":"#all"},
				"east":{"uv":[11,1,5,2],"texture":"#all"},
				"south":{"uv":[10,1,11,2],"texture":"#all"},
				"west":{"uv":[5,1,11,2],"texture":"#all","cullface":"west"},
				"down":{"uv":[11,1,5,2],"rotation":90,"texture":"#all"}
			}
		},
		{
			"from":[0,6,5],
			"to":[1,10,11],
			"faces":{
				"north":{"uv":[5,6,6,10],"texture":"#all"},
				"east":{"uv":[11,6,5,10],"texture":"#all"},
				"south":{"uv":[10,6,11,10],"texture":"#all"},
				"west":{"uv":[5,6,11,10],"texture":"#all","cullface":"west"},
				"up":{"uv":[11,6,5,7],"rotation":270,"texture":"#all"},
				"down":{"uv":[11,9,5,10],"rotation":90,"texture":"#all"}
			}
		},
		{
			"from":[0,8,1],
			"to":[1,9,15],
			"faces":{
				"east":{"uv":[15,7,1,8],"texture":"#all"},
				"west":{"uv":[1,7,15,8],"texture":"#all","cullface":"west"},
				"up":{"uv":[15,7,1,8],"rotation":270,"texture":"#all"},
				"down":{"uv":[15,7,1,8],"rotation":90,"texture":"#all"}
			}
		},
		{
			"from":[0,1,6],
			"to":[1,6,7],
			"faces":{
				"north":{"uv":[6,10,7,15],"texture":"#all"},
				"east":{"uv":[6,10,7,15],"texture":"#all"},
				"south":{"uv":[6,10,7,15],"texture":"#all"},
				"west":{"uv":[6,10,7,15],"texture":"#all","cullface":"west"}
			}
		},
		{
			"from":[0,1,9],
			"to":[1,6,10],
			"faces":{
				"north":{"uv":[9,10,10,15],"texture":"#all"},
				"east":{"uv":[9,10,10,15],"texture":"#all"},
				"south":{"uv":[9,10,10,15],"texture":"#all"},
				"west":{"uv":[9,10,10,15],"texture":"#all","cullface":"west"}
			}
		},
		{
			"from":[0,1,2],
			"to":[1,8,3],
			"faces":{
				"north":{"uv":[2,8,3,15],"texture":"#all"},
				"east":{"uv":[2,8,3,15],"texture":"#all"},
				"south":{"uv":[2,8,3,15],"texture":"#all"},
				"west":{"uv":[2,8,3,15],"texture":"#all","cullface":"west"}
			}
		},
		{
			"from":[0,1,13],
			"to":[1,8,14],
			"faces":{
				"north":{"uv":[13,8,14,15],"texture":"#all"},
				"east":{"uv":[13,8,14,15],"texture":"#all"},
				"south":{"uv":[13,8,14,15],"texture":"#all"},
				"west":{"uv":[13,8,14,15],"texture":"#all","cullface":"west"}
			}
		},
		{
			"from":[0,6,3],
			"to":[1,7,4],
			"faces":{
				"east":{"uv":[3,9,4,10],"texture":"#all"},
				"south":{"uv":[3,9,4,10],"texture":"#all"},
				"west":{"uv":[3,9,4,10],"texture":"#all","cullface":"west"},
				"up":{"uv":[4,9,3,10],"rotation":270,"texture":"#all"},
				"down":{"uv":[4,9,3,10],"rotation":90,"texture":"#all"}
			}
		},
		{
			"from":[0,6,12],
			"to":[1,7,13],
			"faces":{
				"north":{"uv":[12,9,13,10],"texture":"#all"},
				"east":{"uv":[12,9,13,10],"texture":"#all"},
				"west":{"uv":[12,9,13,10],"texture":"#all","cullface":"west"},
				"up":{"uv":[13,9,12,10],"rotation":270,"texture":"#all"},
				"down":{"uv":[13,9,12,10],"rotation":90,"texture":"#all"}
			}
		},
		{
			"from":[0,2,1],
			"to":[1,3,15],
			"faces":{
				"east":{"uv":[15,13,1,14],"texture":"#all"},
				"west":{"uv":[1,13,15,14],"texture":"#all","cullface":"west"},
				"up":{"uv":[15,13,1,14],"rotation":270,"texture":"#all"},
				"down":{"uv":[15,13,1,14],"rotation":90,"texture":"#all"}
			}
		},
		{
			"from":[0,2,5],
			"to":[1,3,11],
			"faces":{
				"north":{"uv":[5,13,6,14],"texture":"#all"},
				"south":{"uv":[10,13,11,14],"texture":"#all"}
			}
		},
		{
			"from":[4,15,3],
			"to":[12,16,4],
			"faces":{
				"north":{"uv":[12,3,4,4],"texture":"#all"},
				"south":{"uv":[4,3,12,4],"texture":"#all"},
				"up":{"uv":[4,3,12,4],"texture":"#all","cullface":"up"},
				"down":{"uv":[4,3,12,4],"texture":"#all"}
			}
		},
		{
			"from":[1,15,3],
			"to":[4,16,6],
			"faces":{
				"north":{"uv":[4,3,1,4],"texture":"#all"},
				"east":{"uv":[3,3,4,6],"rotation":90,"texture":"#all"},
				"south":{"uv":[1,5,4,6],"texture":"#all"},
				"up":{"uv":[1,3,4,6],"texture":"#all","cullface":"up"},
				"down":{"uv":[1,6,4,3],"texture":"#all"}
			}
		},
		{
			"from":[2,15,1],
			"to":[3,16,7],
			"faces":{
				"east":{"uv":[2,1,3,7],"rotation":90,"texture":"#all"},
				"west":{"uv":[2,1,3,7],"rotation":270,"texture":"#all"},
				"up":{"uv":[2,1,3,7],"texture":"#all","cullface":"up"},
				"down":{"uv":[3,7,2,1],"texture":"#all"}
			}
		},
		{
			"from":[1,15,7],
			"to":[15,16,8],
			"faces":{
				"north":{"uv":[15,7,1,8],"texture":"#all"},
				"south":{"uv":[1,7,15,8],"texture":"#all"},
				"up":{"uv":[1,7,15,8],"texture":"#all","cullface":"up"},
				"down":{"uv":[1,8,15,7],"texture":"#all"}
			}
		},
		{
			"from":[2,15,8],
			"to":[3,16,15],
			"faces":{
				"east":{"uv":[2,8,3,15],"rotation":90,"texture":"#all"},
				"west":{"uv":[2,8,3,15],"rotation":270,"texture":"#all"},
				"up":{"uv":[2,8,3,15],"texture":"#all","cullface":"up"},
				"down":{"uv":[3,15,2,8],"texture":"#all"}
			}
		},
		{
			"from":[5,15,13],
			"to":[11,16,14],
			"faces":{
				"east":{"uv":[10,13,11,14],"rotation":90,"texture":"#all"},
				"west":{"uv":[5,13,6,14],"rotation":270,"texture":"#all"}
			}
		},
		{
			"from":[1,15,13],
			"to":[15,16,14],
			"faces":{
				"north":{"uv":[15,13,1,14],"texture":"#all"},
				"south":{"uv":[1,13,15,14],"texture":"#all"},
				"up":{"uv":[1,13,15,14],"texture":"#all","cullface":"up"},
				"down":{"uv":[1,14,15,13],"texture":"#all"}
			}
		},
		{
			"from":[9,15,10],
			"to":[10,16,15],
			"faces":{
				"east":{"uv":[9,10,10,15],"rotation":90,"texture":"#all"},
				"west":{"uv":[9,10,10,15],"rotation":270,"texture":"#all"},
				"up":{"uv":[9,10,10,15],"texture":"#all","cullface":"up"},
				"down":{"uv":[10,15,9,10],"texture":"#all"}
			}
		},
		{
			"from":[6,15,10],
			"to":[7,16,15],
			"faces":{
				"east":{"uv":[6,10,7,15],"rotation":90,"texture":"#all"},
				"west":{"uv":[6,10,7,15],"rotation":270,"texture":"#all"},
				"up":{"uv":[6,10,7,15],"texture":"#all","cullface":"up"},
				"down":{"uv":[7,15,6,10],"texture":"#all"}
			}
		},
		{
			"from":[5,15,6],
			"to":[11,16,10],
			"faces":{
				"north":{"uv":[11,6,5,7],"texture":"#all"},
				"east":{"uv":[10,6,11,10],"rotation":90,"texture":"#all"},
				"south":{"uv":[5,9,11,10],"texture":"#all"},
				"west":{"uv":[5,6,6,10],"rotation":270,"texture":"#all"},
				"up":{"uv":[5,6,11,10],"texture":"#all","cullface":"up"},
				"down":{"uv":[5,10,11,6],"texture":"#all"}
			}
		},
		{
			"from":[6,15,1],
			"to":[7,16,6],
			"faces":{
				"east":{"uv":[6,1,7,6],"rotation":90,"texture":"#all"},
				"west":{"uv":[6,1,7,6],"rotation":270,"texture":"#all"},
				"up":{"uv":[6,1,7,6],"texture":"#all","cullface":"up"},
				"down":{"uv":[7,6,6,1],"texture":"#all"}
			}
		},
		{
			"from":[9,15,1],
			"to":[10,16,6],
			"faces":{
				"east":{"uv":[9,1,10,6],"rotation":90,"texture":"#all"},
				"west":{"uv":[9,1,10,6],"rotation":270,"texture":"#all"},
				"up":{"uv":[9,1,10,6],"texture":"#all","cullface":"up"},
				"down":{"uv":[10,6,9,1],"texture":"#all"}
			}
		},
		{
			"from":[13,15,1],
			"to":[14,16,7],
			"faces":{
				"east":{"uv":[13,1,14,7],"rotation":90,"texture":"#all"},
				"west":{"uv":[13,1,14,7],"rotation":270,"texture":"#all"},
				"up":{"uv":[13,1,14,7],"texture":"#all","cullface":"up"},
				"down":{"uv":[14,7,13,1],"texture":"#all"}
			}
		},
		{
			"from":[5,15,1],
			"to":[11,16,2],
			"faces":{
				"east":{"uv":[10,1,11,2],"rotation":90,"texture":"#all"},
				"south":{"uv":[5,1,11,2],"texture":"#all"},
				"west":{"uv":[5,1,6,2],"rotation":270,"texture":"#all"},
				"up":{"uv":[5,1,11,2],"texture":"#all","cullface":"up"},
				"down":{"uv":[5,2,11,1],"texture":"#all"}
			}
		},
		{
			"from":[12,15,3],
			"to":[15,16,6],
			"faces":{
				"north":{"uv":[15,3,12,4],"texture":"#all"},
				"south":{"uv":[12,5,15,6],"texture":"#all"},
				"west":{"uv":[12,3,13,6],"rotation":270,"texture":"#all"},
				"up":{"uv":[12,3,15,6],"texture":"#all","cullface":"up"},
				"down":{"uv":[12,6,15,3],"texture":"#all"}
			}
		},
		{
			"from":[13,15,8],
			"to":[14,16,15],
			"faces":{
				"east":{"uv":[13,8,14,15],"rotation":90,"texture":"#all"},
				"west":{"uv":[13,8,14,15],"rotation":270,"texture":"#all"},
				"up":{"uv":[13,8,14,15],"texture":"#all","cullface":"up"},
				"down":{"uv":[14,15,13,8],"texture":"#all"}
			}
		},
		{
			"from":[12,15,9],
			"to":[13,16,10],
			"faces":{
				"north":{"uv":[13,9,12,10],"texture":"#all"},
				"south":{"uv":[12,9,13,10],"texture":"#all"},
				"west":{"uv":[12,9,13,10],"rotation":270,"texture":"#all"},
				"up":{"uv":[12,9,13,10],"texture":"#all","cullface":"up"},
				"down":{"uv":[13,10,12,9],"texture":"#all"}
			}
		},
		{
			"from":[3,15,9],
			"to":[4,16,10],
			"faces":{
				"north":{"uv":[4,9,3,10],"texture":"#all"},
				"east":{"uv":[3,9,4,10],"rotation":90,"texture":"#all"},
				"south":{"uv":[3,9,4,10],"texture":"#all"},
				"up":{"uv":[3,9,4,10],"texture":"#all","cullface":"up"},
				"down":{"uv":[4,10,3,9],"texture":"#all"}
			}
		},
		{
			"from":[4,0,12],
			"to":[12,1,13],
			"faces":{
				"north":{"uv":[12,3,4,4],"texture":"#all"},
				"south":{"uv":[4,3,12,4],"texture":"#all"},
				"up":{"uv":[4,3,12,4],"texture":"#all"},
				"down":{"uv":[4,3,12,4],"texture":"#all","cullface":"down"}
			}
		},
		{
			"from":[1,0,10],
			"to":[4,1,13],
			"faces":{
				"north":{"uv":[4,5,1,6],"texture":"#all"},
				"east":{"uv":[3,3,4,6],"rotation":270,"texture":"#all"},
				"south":{"uv":[1,3,4,4],"texture":"#all"},
				"up":{"uv":[1,6,4,3],"texture":"#all"},
				"down":{"uv":[1,3,4,6],"texture":"#all","cullface":"down"}
			}
		},
		{
			"from":[2,0,9],
			"to":[3,1,15],
			"faces":{
				"east":{"uv":[2,1,3,7],"rotation":270,"texture":"#all"},
				"west":{"uv":[2,1,3,7],"rotation":90,"texture":"#all"},
				"up":{"uv":[3,7,2,1],"texture":"#all"},
				"down":{"uv":[2,1,3,7],"texture":"#all","cullface":"down"}
			}
		},
		{
			"from":[1,0,8],
			"to":[15,1,9],
			"faces":{
				"north":{"uv":[15,7,1,8],"texture":"#all"},
				"south":{"uv":[1,7,15,8],"texture":"#all"},
				"up":{"uv":[1,8,15,7],"texture":"#all"},
				"down":{"uv":[1,7,15,8],"texture":"#all","cullface":"down"}
			}
		},
		{
			"from":[2,0,1],
			"to":[3,1,8],
			"faces":{
				"east":{"uv":[2,8,3,15],"rotation":270,"texture":"#all"},
				"west":{"uv":[2,8,3,15],"rotation":90,"texture":"#all"},
				"up":{"uv":[3,15,2,8],"texture":"#all"},
				"down":{"uv":[2,8,3,15],"texture":"#all","cullface":"down"}
			}
		},
		{
			"from":[5,0,2],
			"to":[11,1,3],
			"faces":{
				"east":{"uv":[10,13,11,14],"rotation":270,"texture":"#all"},
				"west":{"uv":[5,13,6,14],"rotation":90,"texture":"#all"}
			}
		},
		{
			"from":[1,0,2],
			"to":[15,1,3],
			"faces":{
				"north":{"uv":[15,13,1,14],"texture":"#all"},
				"south":{"uv":[1,13,15,14],"texture":"#all"},
				"up":{"uv":[1,14,15,13],"texture":"#all"},
				"down":{"uv":[1,13,15,14],"texture":"#all","cullface":"down"}
			}
		},
		{
			"from":[9,0,1],
			"to":[10,1,6],
			"faces":{
				"east":{"uv":[9,10,10,15],"rotation":270,"texture":"#all"},
				"west":{"uv":[9,10,10,15],"rotation":90,"texture":"#all"},
				"up":{"uv":[10,15,9,10],"texture":"#all"},
				"down":{"uv":[9,10,10,15],"texture":"#all","cullface":"down"}
			}
		},
		{
			"from":[6,0,1],
			"to":[7,1,6],
			"faces":{
				"east":{"uv":[6,10,7,15],"rotation":270,"texture":"#all"},
				"west":{"uv":[6,10,7,15],"rotation":90,"texture":"#all"},
				"up":{"uv":[7,15,6,10],"texture":"#all"},
				"down":{"uv":[6,10,7,15],"texture":"#all","cullface":"down"}
			}
		},
		{
			"from":[5,0,6],
			"to":[11,1,10],
			"faces":{
				"north":{"uv":[11,9,5,10],"texture":"#all"},
				"east":{"uv":[10,6,11,10],"rotation":270,"texture":"#all"},
				"south":{"uv":[5,6,11,7],"texture":"#all"},
				"west":{"uv":[5,6,6,10],"rotation":90,"texture":"#all"},
				"up":{"uv":[5,10,11,6],"texture":"#all"},
				"down":{"uv":[5,6,11,10],"texture":"#all","cullface":"down"}
			}
		},
		{
			"from":[6,0,10],
			"to":[7,1,15],
			"faces":{
				"east":{"uv":[6,1,7,6],"rotation":270,"texture":"#all"},
				"west":{"uv":[6,1,7,6],"rotation":90,"texture":"#all"},
				"up":{"uv":[7,6,6,1],"texture":"#all"},
				"down":{"uv":[6,1,7,6],"texture":"#all","cullface":"down"}
			}
		},
		{
			"from":[9,0,10],
			"to":[10,1,15],
			"faces":{
				"east":{"uv":[9,1,10,6],"rotation":270,"texture":"#all"},
				"west":{"uv":[9,1,10,6],"rotation":90,"texture":"#all"},
				"up":{"uv":[10,6,9,1],"texture":"#all"},
				"down":{"uv":[9,1,10,6],"texture":"#all","cullface":"down"}
			}
		},
		{
			"from":[13,0,9],
			"to":[14,1,15],
			"faces":{
				"east":{"uv":[13,1,14,7],"rotation":270,"texture":"#all"},
				"west":{"uv":[13,1,14,7],"rotation":90,"texture":"#all"},
				"up":{"uv":[14,7,13,1],"texture":"#all"},
				"down":{"uv":[13,1,14,7],"texture":"#all","cullface":"down"}
			}
		},
		{
			"from":[5,0,14],
			"to":[11,1,15],
			"faces":{
				"north":{"uv":[11,1,5,2],"texture":"#all"},
				"east":{"uv":[10,1,11,2],"rotation":270,"texture":"#all"},
				"west":{"uv":[5,1,6,2],"rotation":90,"texture":"#all"},
				"up":{"uv":[5,2,11,1],"texture":"#all"},
				"down":{"uv":[5,1,11,2],"texture":"#all","cullface":"down"}
			}
		},
		{
			"from":[12,0,10],
			"to":[15,1,13],
			"faces":{
				"north":{"uv":[15,5,12,6],"texture":"#all"},
				"south":{"uv":[12,3,15,4],"texture":"#all"},
				"west":{"uv":[12,3,13,6],"rotation":90,"texture":"#all"},
				"up":{"uv":[12,6,15,3],"texture":"#all"},
				"down":{"uv":[12,3,15,6],"texture":"#all","cullface":"down"}
			}
		},
		{
			"from":[13,0,1],
			"to":[14,1,8],
			"faces":{
				"east":{"uv":[13,8,14,15],"rotation":270,"texture":"#all"},
				"west":{"uv":[13,8,14,15],"rotation":90,"texture":"#all"},
				"up":{"uv":[14,15,13,8],"texture":"#all"},
				"down":{"uv":[13,8,14,15],"texture":"#all","cullface":"down"}
			}
		},
		{
			"from":[12,0,6],
			"to":[13,1,7],
			"faces":{
				"north":{"uv":[13,9,12,10],"texture":"#all"},
				"south":{"uv":[12,9,13,10],"texture":"#all"},
				"west":{"uv":[12,9,13,10],"rotation":90,"texture":"#all"},
				"up":{"uv":[13,10,12,9],"texture":"#all"},
				"down":{"uv":[12,9,13,10],"texture":"#all","cullface":"down"}
			}
		},
		{
			"from":[3,0,6],
			"to":[4,1,7],
			"faces":{
				"north":{"uv":[4,9,3,10],"texture":"#all"},
				"east":{"uv":[3,9,4,10],"rotation":270,"texture":"#all"},
				"south":{"uv":[3,9,4,10],"texture":"#all"},
				"up":{"uv":[4,10,3,9],"texture":"#all"},
				"down":{"uv":[3,9,4,10],"texture":"#all","cullface":"down"}
			}
		}
	]
}