{
	"__comment":"Designed by GeForceLegend",
	"ambientocclusion":false,
	"textures":{
		"layer0":"block/spruce_door_top1",
		"particle":"block/spruce_door_top"
	},
	"elements":[
		{
			"from":[0,0,0],
			"to":[3,16,16],
			"faces":{
				"north":{"uv":[16,0,13,16],"texture":"#layer0","cullface":"north"},
				"east":{"uv":[0,0,16,16],"texture":"#particle"},
				"south":{"uv":[3,0,0,16],"texture":"#layer0","cullface":"south"},
				"west":{"uv":[16,0,0,16],"texture":"#particle","cullface":"west"},
				"up":{"uv":[7,16,10,0],"texture":"#layer0","cullface":"up"}
			}
		}
	]
}