{
	"__comment":"Designed by GeForceLegend",
	"ambientocclusion":false,
	"textures":{
		"particle":"#texture"
	},
	"elements":[
		{
			"from":[0,2,7],
			"to":[2,13,9],
			"faces":{
				"north":{"uv":[0,0,2,11],"texture":"#texture"},
				"east":{"uv":[7,0,9,11],"texture":"#texture"},
				"south":{"uv":[0,0,2,11],"texture":"#texture"},
				"west":{"uv":[7,0,9,11],"texture":"#texture","cullface":"west"},
				"up":{"uv":[0,7,2,9],"texture":"#texture"},
				"down":{"uv":[0,7,2,9],"texture":"#texture"}
			}
		},
		{
			"from":[14,2,7],
			"to":[16,13,9],
			"faces":{
				"north":{"uv":[14,0,16,11],"texture":"#texture"},
				"east":{"uv":[7,0,9,11],"texture":"#texture","cullface":"east"},
				"south":{"uv":[14,0,16,11],"texture":"#texture"},
				"west":{"uv":[7,0,9,11],"texture":"#texture"},
				"up":{"uv":[14,7,16,9],"texture":"#texture"},
				"down":{"uv":[14,7,16,9],"texture":"#texture"}
			}
		},
		{
			"from":[6,6,7],
			"to":[10,9,9],
			"faces":{
				"north":{"uv":[6,4,10,7],"texture":"#texture"},
				"east":{"uv":[7,4,9,7],"texture":"#texture"},
				"south":{"uv":[6,4,10,7],"texture":"#texture"},
				"west":{"uv":[7,4,9,7],"texture":"#texture"}
			}
		},
		{
			"from":[2,3,7],
			"to":[14,6,9],
			"faces":{
				"north":{"uv":[2,7,14,10],"texture":"#texture"},
				"south":{"uv":[2,7,14,10],"texture":"#texture"},
				"up":{"uv":[2,7,14,9],"texture":"#texture"},
				"down":{"uv":[2,7,14,9],"texture":"#texture"}
			}
		},
		{
			"from":[2,9,7],
			"to":[14,12,9],
			"faces":{
				"north":{"uv":[2,1,14,4],"texture":"#texture"},
				"south":{"uv":[2,1,14,4],"texture":"#texture"},
				"up":{"uv":[2,7,14,9],"texture":"#texture"},
				"down":{"uv":[2,7,14,9],"texture":"#texture"}
			}
		}
	]
}