{
	"__comment":"Designed by GeForceLegend",
	"parent":"block/campfire",
	"display":{
		"thirdperson_righthand":{
			"rotation":[75,45,0],
			"translation":[0,2.5,1],
			"scale":[0.375,0.375,0.375]
		},
		"firstperson_righthand":{
			"rotation":[0,45,0],
			"translation":[0,2,0],
			"scale":[0.4,0.4,0.4]
		},
		"gui":{
			"rotation":[-30,90,0],
			"translation":[0,-1,0],
			"scale":[0.001,0.866,0.75]
		},
		"ground":{
			"translation":[0,3.5,0],
			"scale":[0.35,0.35,0.35]
		},
		"fixed":{
			"scale":[0.7,0.7,0.7]
		}
	}
}